[16:37:45.758] App starting
[16:37:46.534] OnLoadedCore start
[16:37:48.660] ChildHwnd = 0x131036
[16:37:48.660] Calling AttachAsync...
[16:37:48.824] AttachAsync succeeded
[16:37:48.828] Starting WebSocket and timer
[16:37:48.833] OnLoadedCore complete
[16:37:50.892] WS msg: {"sessionId":"945118df-5c72-4caa-bc7e-dc601886c34e","mediaId":1,"episodeId":null,"filePath":"F:/Series/Engilsh/Off Campu
[16:38:45.021] App starting
[16:38:45.405] OnLoadedCore start
[16:38:47.520] ChildHwnd = 0x80A7E
[16:38:47.520] Calling AttachAsync...
[16:38:47.682] AttachAsync succeeded
[16:38:47.686] Starting WebSocket and timer
[16:38:47.692] OnLoadedCore complete
[16:38:49.727] WS msg: {"sessionId":"44840350-cbd2-49a3-b23b-51964d04fadc","mediaId":1,"episodeId":null,"filePath":"F:/Series/Engilsh/Off Campu
[16:45:49.610] App starting
[16:45:49.945] OnLoadedCore start
[16:45:52.062] ChildHwnd = 0x7116A
[16:45:52.063] Calling AttachAsync
[16:45:52.232] AttachAsync succeeded
[16:45:52.390] OnLoadedCore complete
[16:45:54.461] Session stopped — closing
[16:45:54.494] Window closed
[16:56:06.500] App starting
[16:56:06.893] OnLoadedCore start
[16:56:09.015] ChildHwnd = 0x21016
[16:56:09.015] Calling AttachAsync
[16:56:09.488] AttachAsync succeeded
[16:56:09.644] OnLoadedCore complete
[16:56:11.683] Session stopped — closing
[16:56:11.716] Window closed
[17:03:45.775] App starting
[17:03:46.124] OnLoadedCore start
[17:03:48.240] ChildHwnd = 0x50D1E
[17:03:48.240] Calling AttachAsync
[17:03:48.695] AttachAsync succeeded
[17:03:48.837] OnLoadedCore complete
[17:03:50.886] Session stopped — closing
[17:03:50.907] Window closed
[17:06:30.532] App starting
[17:06:30.881] OnLoadedCore start
[17:06:33.002] ChildHwnd = 0x70D22
[17:06:33.002] Calling AttachAsync
[17:06:33.444] AttachAsync succeeded
[17:06:33.586] OnLoadedCore complete
[17:06:35.637] Session stopped — closing
[17:06:35.657] Window closed
[17:15:52.383] App starting
[17:15:52.769] OnLoadedCore start
[17:15:54.890] ChildHwnd = 0xA0F32
[17:15:54.890] Calling AttachAsync
[17:15:55.348] AttachAsync succeeded
[17:15:55.531] OnLoadedCore complete
[17:15:57.580] Session stopped — closing
[17:15:57.603] Window closed
[17:16:23.660] App starting
[17:16:24.014] OnLoadedCore start
[17:16:26.121] ChildHwnd = 0x9109A
[17:16:26.121] Calling AttachAsync
[17:16:26.568] AttachAsync succeeded
[17:16:26.712] OnLoadedCore complete
[17:16:28.748] Session stopped — closing
[17:16:28.769] Window closed
[17:20:35.320] App starting
[17:20:35.656] OnLoadedCore start
[17:20:37.779] ChildHwnd = 0x16116E
[17:20:37.780] Calling AttachAsync
[17:20:38.236] AttachAsync succeeded
[17:20:38.374] OnLoadedCore complete
[17:20:40.431] Session stopped — closing
[17:20:40.452] Window closed
[17:21:01.921] App starting
[17:21:02.287] OnLoadedCore start
[17:21:04.393] ChildHwnd = 0x40D98
[17:21:04.393] Calling AttachAsync
[17:21:04.851] AttachAsync succeeded
[17:21:04.991] OnLoadedCore complete
[17:21:07.039] Session stopped — closing
[17:21:07.058] Window closed
[17:22:30.384] App starting
[17:22:30.742] OnLoadedCore start
[17:22:32.852] ChildHwnd = 0x50D84
[17:22:32.853] Calling AttachAsync
[17:22:33.281] AttachAsync succeeded
[17:22:33.413] OnLoadedCore complete
[17:22:35.458] Session stopped — closing
[17:22:35.477] Window closed
[17:27:48.472] App starting
[17:27:48.823] OnLoadedCore start
[17:27:50.934] ChildHwnd = 0x1C0DB2
[17:27:50.935] Calling AttachAsync
[17:27:51.389] AttachAsync succeeded
[17:27:51.547] OnLoadedCore complete
[17:28:54.318] Window closed
[17:42:11.659] App starting
[17:42:12.034] OnLoadedCore start
[17:42:14.161] ChildHwnd = 0x1E06A0
[17:42:14.161] Calling AttachAsync
[17:42:14.594] AttachAsync succeeded
[17:42:14.745] OnLoadedCore complete
[17:51:21.269] Window closed
[17:51:44.182] App starting
[17:51:44.521] OnLoadedCore start
[17:51:46.631] ChildHwnd = 0x251176
[17:51:46.632] Calling AttachAsync
[17:51:47.116] AttachAsync succeeded
[17:51:47.275] OnLoadedCore complete
[17:53:08.493] Window closed
[17:56:32.889] App starting
[17:56:33.239] OnLoadedCore start
[17:56:35.365] ChildHwnd = 0x190A84
[17:56:35.366] Calling AttachAsync
[17:56:35.816] AttachAsync succeeded
[17:56:36.002] OnLoadedCore complete
[18:05:34.555] Window closed
[18:58:35.704] App starting
[18:58:36.054] OnLoadedCore start
[18:58:38.156] ChildHwnd = 0x110B10
[18:58:38.156] Calling AttachAsync
[18:58:38.599] AttachAsync succeeded
[18:58:38.757] OnLoadedCore complete
[19:31:45.285] Window closed
[19:34:15.549] App starting
[19:34:15.902] OnLoadedCore start
[19:34:18.019] ChildHwnd = 0x2B0F92
[19:34:18.019] Calling AttachAsync
[19:34:18.493] AttachAsync succeeded
[19:34:18.681] OnLoadedCore complete
[19:35:34.281] Window closed
[08:44:24.762] App starting
[08:44:25.116] OnLoadedCore start
[08:44:27.240] ChildHwnd = 0x21114
[08:44:27.240] Calling AttachAsync
[08:44:27.702] AttachAsync succeeded
[08:44:27.883] OnLoadedCore complete
[08:44:52.838] Window closed
[09:13:50.124] App starting
[09:13:50.499] Keyboard hook handle: 0x591343
[09:13:50.499] Mouse hook handle: 0x2113AB
[09:13:50.500] OnLoadedCore start
[09:13:52.638] ChildHwnd = 0x10133A
[09:13:52.638] Calling AttachAsync
[09:13:53.097] AttachAsync succeeded
[09:13:53.098] Connecting IPC to pipe: pitflix-wid-082ba5490b724091aa84b2975a5ba1a2
[09:13:53.124] MpvIpcClient connected to \\.\pipe\pitflix-wid-082ba5490b724091aa84b2975a5ba1a2
[09:13:53.320] OnLoadedCore complete
[09:16:09.331] MpvIpcClient disposed
[09:16:09.332] MpvIpcClient.SendAsync error: The operation was canceled.
[09:16:09.332] Window closed
[04:36:11.476] App starting
[04:36:11.842] Keyboard hook handle: 0x410D1
[04:36:11.843] Mouse hook handle: 0x410C9
[04:36:11.844] OnLoadedCore start
[04:36:13.956] ChildHwnd = 0x1B0B72
[04:36:13.956] Calling AttachAsync
[04:36:14.427] AttachAsync succeeded
[04:36:14.427] Connecting IPC to pipe: pitflix-wid-0da63dedb4e74c8d836774e400e2c657
[04:36:14.466] MpvIpcClient connected to \\.\pipe\pitflix-wid-0da63dedb4e74c8d836774e400e2c657
[04:36:14.629] OnLoadedCore complete
[04:36:17.683] Session stopped — closing
[04:36:17.706] MpvIpcClient disposed
[04:36:17.706] Window closed
[04:36:25.607] App starting
[04:36:25.989] Keyboard hook handle: 0x6E80F33
[04:36:25.990] Mouse hook handle: 0x19D0EB3
[04:36:25.991] OnLoadedCore start
[04:36:28.112] ChildHwnd = 0x3202D0
[04:36:28.113] Calling AttachAsync
[04:36:28.549] AttachAsync succeeded
[04:36:28.549] Connecting IPC to pipe: pitflix-wid-911a525c74cc41a9bca406a0b957596a
[04:36:28.576] MpvIpcClient connected to \\.\pipe\pitflix-wid-911a525c74cc41a9bca406a0b957596a
[04:36:28.753] OnLoadedCore complete
[05:00:44.622] App starting
[05:00:44.991] Keyboard hook handle: 0x34A0F07
[05:00:44.992] Mouse hook handle: 0x2FF1213
[05:00:44.993] OnLoadedCore start
[05:00:47.115] ChildHwnd = 0xA1010
[05:00:47.115] Calling AttachAsync
[05:00:47.573] AttachAsync succeeded
[05:00:47.573] Connecting IPC to pipe: pitflix-wid-9a2339a47abf48e38f89e3a67cec46c7
[05:00:47.598] MpvIpcClient connected to \\.\pipe\pitflix-wid-9a2339a47abf48e38f89e3a67cec46c7
[05:00:47.755] OnLoadedCore complete
[05:03:08.695] App starting
[05:03:09.072] Keyboard hook handle: 0x65710E1
[05:03:09.073] Mouse hook handle: 0x5730293
[05:03:09.074] OnLoadedCore start
[05:03:11.203] ChildHwnd = 0x110E8A
[05:03:11.203] Calling AttachAsync
[05:03:11.666] AttachAsync succeeded
[05:03:11.667] Connecting IPC to pipe: pitflix-wid-98b3d26c79314184ac75d97eaef0f584
[05:03:11.708] MpvIpcClient connected to \\.\pipe\pitflix-wid-98b3d26c79314184ac75d97eaef0f584
[05:03:11.926] OnLoadedCore complete
[05:08:20.685] App starting
[05:08:21.095] Keyboard hook handle: 0x50F73
[05:08:21.095] Mouse hook handle: 0x21009
[05:08:21.097] OnLoadedCore start
[05:08:23.230] ChildHwnd = 0x30FF0
[05:08:23.230] Calling AttachAsync
[05:08:23.690] AttachAsync succeeded
[05:08:23.691] Connecting IPC to pipe: pitflix-wid-1f40ef3e4d484f5081bf17e4fe6b6caf
[05:08:23.715] MpvIpcClient connected to \\.\pipe\pitflix-wid-1f40ef3e4d484f5081bf17e4fe6b6caf
[05:08:23.909] OnLoadedCore complete
[05:08:45.717] MpvIpcClient disposed
[05:08:45.718] Window closed
[05:09:14.253] App starting
[05:09:14.610] Keyboard hook handle: 0x145301A1
[05:09:14.611] Mouse hook handle: 0xA96052D
[05:09:14.613] OnLoadedCore start
[05:09:16.728] ChildHwnd = 0xC0F94
[05:09:16.729] Calling AttachAsync
[05:09:17.162] AttachAsync succeeded
[05:09:17.162] Connecting IPC to pipe: pitflix-wid-6dd6c3e78df2438a80704df2460a908a
[05:09:17.187] MpvIpcClient connected to \\.\pipe\pitflix-wid-6dd6c3e78df2438a80704df2460a908a
[05:09:17.376] OnLoadedCore complete
[05:39:25.374] App starting
[05:39:25.750] Keyboard hook handle: 0x1AC10FD
[05:39:25.751] Mouse hook handle: 0x13B30AED
[05:39:25.752] OnLoadedCore start
[05:39:27.875] ChildHwnd = 0x70DD0
[05:39:27.875] Calling AttachAsync
[05:39:28.321] AttachAsync succeeded
[05:39:28.322] Connecting IPC to pipe: pitflix-wid-e587905113fb4f0482ee233e4fbe485d
[05:39:28.347] MpvIpcClient connected to \\.\pipe\pitflix-wid-e587905113fb4f0482ee233e4fbe485d
[05:39:28.549] OnLoadedCore complete
[05:46:47.330] App starting
[05:46:47.712] Keyboard hook handle: 0x44103B
[05:46:47.713] Mouse hook handle: 0x39DB04F5
[05:46:47.714] OnLoadedCore start
[05:46:49.845] ChildHwnd = 0x110F76
[05:46:49.845] Calling AttachAsync
[05:46:50.319] AttachAsync succeeded
[05:46:50.319] Connecting IPC to pipe: pitflix-wid-30d4fba2717b406ebd2bc5226c1f9a53
[05:46:50.345] MpvIpcClient connected to \\.\pipe\pitflix-wid-30d4fba2717b406ebd2bc5226c1f9a53
[05:46:50.507] OnLoadedCore complete
[05:54:53.662] App starting
[05:54:54.029] Keyboard hook handle: 0x3D40F5F
[05:54:54.029] Mouse hook handle: 0x8E7054D
[05:54:54.031] OnLoadedCore start
[05:54:56.132] ChildHwnd = 0xF10FE
[05:54:56.132] Calling AttachAsync
[05:54:56.582] AttachAsync succeeded
[05:54:56.582] Connecting IPC to pipe: pitflix-wid-4106363c4c444817a842278da4352a1e
[05:54:56.608] MpvIpcClient connected to \\.\pipe\pitflix-wid-4106363c4c444817a842278da4352a1e
[05:54:56.784] OnLoadedCore complete
[05:57:14.867] MpvIpcClient disposed
[05:57:14.868] Window closed
[06:03:06.209] App starting
[06:03:06.585] Keyboard hook handle: 0x50FCB
[06:03:06.586] Mouse hook handle: 0x21025
[06:03:06.587] OnLoadedCore start
[06:03:08.696] ChildHwnd = 0xF0E7E
[06:03:08.697] Calling AttachAsync
[06:03:09.157] AttachAsync succeeded
[06:03:09.158] Connecting IPC to pipe: pitflix-wid-116085f34a3745db956785879e22e58d
[06:03:09.184] MpvIpcClient connected to \\.\pipe\pitflix-wid-116085f34a3745db956785879e22e58d
[06:03:09.358] OnLoadedCore complete
[06:05:48.392] MpvIpcClient disposed
[06:05:48.393] Window closed
[06:11:57.379] App starting
[06:11:57.810] Keyboard hook handle: 0x1AA01EF
[06:11:57.896] Mouse hook handle: 0xB410FED
[06:11:57.897] OnLoadedCore start
[06:12:00.017] ChildHwnd = 0x610F8
[06:12:00.017] Calling AttachAsync
[06:12:00.497] AttachAsync succeeded
[06:12:00.497] Connecting IPC to pipe: pitflix-wid-59d476e6d8a54aa084989193b4614df8
[06:12:00.540] MpvIpcClient connected to \\.\pipe\pitflix-wid-59d476e6d8a54aa084989193b4614df8
[06:12:00.750] OnLoadedCore complete
[06:17:22.859] WS error: The remote party closed the WebSocket connection without completing the close handshake.
[06:17:28.943] WS error: Unable to connect to the remote server
[06:17:35.002] WS error: Unable to connect to the remote server
[06:17:41.080] WS error: Unable to connect to the remote server
[06:17:47.157] WS error: Unable to connect to the remote server
[06:17:53.218] WS error: Unable to connect to the remote server
[06:17:59.285] WS error: Unable to connect to the remote server
[06:18:05.357] WS error: Unable to connect to the remote server
[06:18:11.439] WS error: Unable to connect to the remote server
[06:18:17.495] WS error: Unable to connect to the remote server
[06:18:23.536] WS error: Unable to connect to the remote server
[06:18:29.608] WS error: Unable to connect to the remote server
[06:18:35.666] WS error: Unable to connect to the remote server
[06:18:41.738] WS error: Unable to connect to the remote server
[06:18:47.789] WS error: Unable to connect to the remote server
[06:18:53.865] WS error: Unable to connect to the remote server
[06:18:59.917] WS error: Unable to connect to the remote server
[06:19:05.983] WS error: Unable to connect to the remote server
[06:19:12.050] WS error: Unable to connect to the remote server
[06:19:18.110] WS error: Unable to connect to the remote server
[06:19:24.196] WS error: Unable to connect to the remote server
[06:19:30.270] WS error: Unable to connect to the remote server
[06:19:36.337] WS error: Unable to connect to the remote server
[06:19:42.391] WS error: Unable to connect to the remote server
[06:21:25.666] App starting
[06:21:26.218] Keyboard hook handle: 0x2F750B49
[06:21:26.218] Mouse hook handle: 0x11116F
[06:21:26.220] OnLoadedCore start
[06:21:28.332] ChildHwnd = 0x4010B4
[06:21:28.332] Calling AttachAsync
[06:21:28.820] AttachAsync succeeded
[06:21:28.820] Connecting IPC to pipe: pitflix-wid-8e6a4667265d4dbeaa52dab19ccf5047
[06:21:28.846] MpvIpcClient connected to \\.\pipe\pitflix-wid-8e6a4667265d4dbeaa52dab19ccf5047
[06:21:28.995] OnLoadedCore complete
[06:25:38.842] WS error: The remote party closed the WebSocket connection without completing the close handshake.
[06:25:44.927] WS error: Unable to connect to the remote server
[06:25:50.976] WS error: Unable to connect to the remote server
[06:25:57.045] WS error: Unable to connect to the remote server
[06:26:03.122] WS error: Unable to connect to the remote server
[06:26:09.218] WS error: Unable to connect to the remote server
[06:26:15.285] WS error: Unable to connect to the remote server
[06:26:21.380] WS error: Unable to connect to the remote server
[06:26:27.446] WS error: Unable to connect to the remote server
[06:26:33.534] WS error: Unable to connect to the remote server
[06:26:39.620] WS error: Unable to connect to the remote server
[06:26:45.708] WS error: Unable to connect to the remote server
[06:26:51.775] WS error: Unable to connect to the remote server
[06:26:57.840] WS error: Unable to connect to the remote server
[06:26:57.852] MpvIpcClient disposed
[06:26:57.852] Window closed
[06:30:36.238] App starting
[06:30:36.684] Keyboard hook handle: 0x51E70245
[06:30:36.685] Mouse hook handle: 0x4810EC5
[06:30:36.687] OnLoadedCore start
[06:30:38.841] ChildHwnd = 0xD0EB0
[06:30:38.841] Calling AttachAsync
[06:30:39.319] AttachAsync succeeded
[06:30:39.319] Connecting IPC to pipe: pitflix-wid-ec1fcdaab53942e9851743bedda5ccf4
[06:30:39.359] MpvIpcClient connected to \\.\pipe\pitflix-wid-ec1fcdaab53942e9851743bedda5ccf4
[06:30:39.593] OnLoadedCore complete
[06:30:39.904] BuildFolderPlaylist: only 1 video file(s) in folder; skip
[06:40:58.697] App starting
[06:40:59.218] Keyboard hook handle: 0x5851105
[06:40:59.219] Mouse hook handle: 0x3A61193
[06:40:59.221] OnLoadedCore start
[06:41:01.346] ChildHwnd = 0x41074
[06:41:01.347] Calling AttachAsync
[06:41:01.804] AttachAsync succeeded
[06:41:01.804] Connecting IPC to pipe: pitflix-wid-58e61e89500a47aa84ba2d737cd37abc
[06:41:01.845] MpvIpcClient connected to \\.\pipe\pitflix-wid-58e61e89500a47aa84ba2d737cd37abc
[06:41:02.030] OnLoadedCore complete
[06:41:02.343] BuildFolderPlaylist: scanned 1 video file(s) in 'F:\Movies\اجنبي\Puss.in.Boots.The.Last.Wish.2022.1080p.10bit.WEBRip.6CH.x265.HEVC-PSA'
[06:41:02.343] BuildFolderPlaylist: only 1 video; leaving prev/next hidden
[06:42:08.876] MpvIpcClient disposed
[06:42:08.877] Window closed
[06:42:16.503] App starting
[06:42:17.009] Keyboard hook handle: 0x12360293
[06:42:17.010] Mouse hook handle: 0x1B3F0C9F
[06:42:17.012] OnLoadedCore start
[06:42:19.122] ChildHwnd = 0x2A0FFE
[06:42:19.122] Calling AttachAsync
[06:42:19.582] AttachAsync succeeded
[06:42:19.582] Connecting IPC to pipe: pitflix-wid-e87b952563a6493093c3f01fd7ee8015
[06:42:19.623] MpvIpcClient connected to \\.\pipe\pitflix-wid-e87b952563a6493093c3f01fd7ee8015
[06:42:19.783] OnLoadedCore complete
[06:42:20.090] BuildFolderPlaylist: scanned 29 video file(s) in 'F:\Series\Engilsh\The Pitt'
[06:42:20.092] BuildFolderPlaylist: queued 29 files; current at idx 26 — prev/next now visible
[06:43:25.953] MpvIpcClient disposed
[06:43:25.954] Window closed
[15:32:01.734] App starting
[15:32:02.224] Keyboard hook handle: 0x10DC2
[15:32:02.224] Mouse hook handle: 0x10DC4
[15:32:02.226] OnLoadedCore start
[15:32:04.342] ChildHwnd = 0xA0D8E
[15:32:04.342] Calling AttachAsync
[15:32:04.850] AttachAsync succeeded
[15:32:04.851] Connecting IPC to pipe: pitflix-wid-b64a6b9165e34be88999c4116ecc2193
[15:32:04.878] MpvIpcClient connected to \\.\pipe\pitflix-wid-b64a6b9165e34be88999c4116ecc2193
[15:32:05.031] OnLoadedCore complete
[15:32:05.340] BuildFolderPlaylist: scanned 1 video file(s) in 'F:\Movies\اجنبي\Puss.in.Boots.The.Last.Wish.2022.1080p.10bit.WEBRip.6CH.x265.HEVC-PSA'
[15:32:05.340] BuildFolderPlaylist: only 1 video; leaving prev/next hidden
[15:32:22.652] MpvIpcClient disposed
[15:32:22.653] Window closed
[15:32:26.894] App starting
[15:32:27.437] Keyboard hook handle: 0x20E57
[15:32:27.437] Mouse hook handle: 0x10E59
[15:32:27.440] OnLoadedCore start
[15:32:29.575] ChildHwnd = 0x20DAE
[15:32:29.575] Calling AttachAsync
[15:32:30.036] AttachAsync succeeded
[15:32:30.037] Connecting IPC to pipe: pitflix-wid-39d4c15baee1480cb460940202465488
[15:32:30.064] MpvIpcClient connected to \\.\pipe\pitflix-wid-39d4c15baee1480cb460940202465488
[15:32:30.224] OnLoadedCore complete
[15:32:30.535] BuildFolderPlaylist: scanned 29 video file(s) in 'F:\Series\Engilsh\The Pitt'
[15:32:30.536] BuildFolderPlaylist: queued 29 files; current at idx 26 — prev/next now visible
[15:34:52.105] MpvIpcClient disposed
[15:34:52.106] Window closed
[15:47:31.289] App starting
[15:47:31.851] Keyboard hook handle: 0x130D62
[15:47:31.851] Mouse hook handle: 0x50E04
[15:47:31.853] OnLoadedCore start
[15:47:33.984] ChildHwnd = 0x702FC
[15:47:33.984] Calling AttachAsync
[15:47:34.130] AttachAsync succeeded
[15:47:34.131] Connecting IPC to pipe: pitflix-wid-778b00d4b9c143d9a619a1f31156dec7
[15:47:34.162] MpvIpcClient connected to \\.\pipe\pitflix-wid-778b00d4b9c143d9a619a1f31156dec7
[15:47:34.342] OnLoadedCore complete
[15:47:34.652] BuildFolderPlaylist: scanned 29 video file(s) in 'F:\Series\Engilsh\The Pitt'
[15:47:34.654] BuildFolderPlaylist: queued 29 files; current at idx 26 — prev/next now visible
[15:49:05.755] MpvIpcClient disposed
[15:49:05.756] Window closed
[15:49:28.603] App starting
[15:49:28.975] Keyboard hook handle: 0x850E1B
[15:49:28.976] Mouse hook handle: 0x14F0E8F
[15:49:28.978] OnLoadedCore start
[15:49:31.106] ChildHwnd = 0xBD0DA2
[15:49:31.107] Calling AttachAsync
[15:49:31.235] AttachAsync succeeded
[15:49:31.236] Connecting IPC to pipe: pitflix-wid-8b3fbc293617449da24ddc8a772bc1a5
[15:49:31.269] MpvIpcClient connected to \\.\pipe\pitflix-wid-8b3fbc293617449da24ddc8a772bc1a5
[15:49:31.401] OnLoadedCore complete
[15:49:31.719] BuildFolderPlaylist: scanned 28 video file(s) in 'F:\Series\Engilsh'
[15:49:31.721] BuildFolderPlaylist: queued 28 files; current at idx 12 — prev/next now visible
[15:49:56.645] MpvIpcClient disposed
[15:49:56.646] Window closed
[15:50:00.137] App starting
[15:50:00.619] Keyboard hook handle: 0x1260EA1
[15:50:00.620] Mouse hook handle: 0x9700D5B
[15:50:00.622] OnLoadedCore start
[15:50:02.748] ChildHwnd = 0x570E16
[15:50:02.748] Calling AttachAsync
[15:50:02.928] AttachAsync succeeded
[15:50:02.928] Connecting IPC to pipe: pitflix-wid-bc0abb0bb8384d4da6e9b8e59fdc2d84
[15:50:02.957] MpvIpcClient connected to \\.\pipe\pitflix-wid-bc0abb0bb8384d4da6e9b8e59fdc2d84
[15:50:03.126] OnLoadedCore complete
[15:50:03.440] BuildFolderPlaylist: scanned 28 video file(s) in 'F:\Series\Engilsh'
[15:50:03.444] BuildFolderPlaylist: queued 28 files; current at idx 12 — prev/next now visible
[15:51:50.895] Session stopped — closing
[15:51:50.919] MpvIpcClient disposed
[15:51:50.920] Window closed
[16:00:28.671] App starting
[16:00:29.043] Keyboard hook handle: 0x18C0E91
[16:00:29.044] Mouse hook handle: 0x6DD0E0F
[16:00:29.046] OnLoadedCore start
[16:00:31.165] ChildHwnd = 0x90C62
[16:00:31.165] Calling AttachAsync
[16:00:31.330] AttachAsync succeeded
[16:00:31.331] Connecting IPC to pipe: pitflix-wid-a68bd7b66f7d49ff9091c334a2ce8726
[16:00:31.361] MpvIpcClient connected to \\.\pipe\pitflix-wid-a68bd7b66f7d49ff9091c334a2ce8726
[16:00:31.493] OnLoadedCore complete
[16:00:31.808] BuildFolderPlaylist: scanned 28 video file(s) in 'F:\Series\Engilsh'
[16:00:31.810] BuildFolderPlaylist: queued 28 files; current at idx 12 — prev/next now visible
[16:00:50.646] ShellThumbnail: Shell delivered 256×256 for Euphoria US S03E02 720p 10bit WEBRip 2CH x265 HEVC-P.mkv
[16:00:50.680] ShellThumbnail: Shell delivered 256×256 for Off.Campus.S01E01.The.Deal.1080p.AMZN.WEB-DL.Hindi.DDP5.1-English.DDP5.1.AV1-4kHdHub.Com.mkv
[16:00:50.687] ShellThumbnail: Shell delivered 256×256 for Off Campus S01E04 720p 10bit WEBRip 2CH x265 HEVC-PS.mkv
[16:00:50.694] ShellThumbnail: Shell delivered 256×256 for Off Campus S01E07 720p 10bit WEBRip 2CH x265 HEVC-PS.mkv
[16:00:50.699] ShellThumbnail: Shell delivered 256×256 for Rick and Morty S09E01 1080p 10bit WEBRip 6CH x265 HE.mkv
[16:00:50.706] ShellThumbnail: Shell delivered 256×256 for Spider-Noir S01E01 COLOR 720p 10bit WEBRip 2CH x265 .mkv
[16:00:50.709] ShellThumbnail: Shell delivered 256×256 for Off Campus S01E06 720p 10bit WEBRip 2CH x265 HEVC-PS.mkv
[16:00:50.715] ShellThumbnail: Shell delivered 256×256 for Spider-Noir S01E02 COLOR 720p 10bit WEBRip 2CH x265 .mkv
[16:00:50.720] ShellThumbnail: Shell delivered 256×256 for Spider-Noir S01E03 COLOR 720p 10bit WEBRip 2CH x265 .mkv
[16:00:50.726] ShellThumbnail: Shell delivered 256×256 for Spider-Noir S01E04 COLOR 720p 10bit WEBRip 2CH x265 .mkv
[16:00:50.731] ShellThumbnail: Shell delivered 256×256 for Spider-Noir S01E05 COLOR 720p 10bit WEBRip 2CH x265 .mkv
[16:00:50.737] ShellThumbnail: Shell delivered 256×256 for Spider-Noir S01E06 COLOR 720p 10bit WEBRip 2CH x265 .mkv
[16:00:50.743] ShellThumbnail: Shell delivered 256×256 for Spider-Noir S01E07 COLOR 720p 10bit WEBRip 2CH x265 .mkv
[16:00:50.748] ShellThumbnail: Shell delivered 256×256 for Spider-Noir S01E08 COLOR 720p 10bit WEBRip 2CH x265 .mkv
[16:00:50.755] ShellThumbnail: Shell delivered 256×256 for The Testaments S01E01 1080p 10bit WEBRip 6CH x265 HE.mkv
[16:00:50.768] ShellThumbnail: Shell delivered 256×256 for The Testaments S01E02 1080p 10bit WEBRip 6CH x265 HE.mkv
[16:00:50.771] ShellThumbnail: Shell delivered 256×256 for The_Punisher_One_Last_Kill_2026_1080p_10bit_WEBRip_6CH_x265_HEVC.mkv
[16:00:50.776] ShellThumbnail: Shell delivered 256×256 for Welcome to Wrexham S05E01 DOCU 720p WEBRip 2CH x265 .mkv
[16:00:50.787] ShellThumbnail: Shell delivered 256×256 for Welcome to Wrexham S05E02 DOCU 720p WEBRip 2CH x265 .mkv
[16:00:50.788] ShellThumbnail: Shell delivered 256×256 for Euphoria US S03E05 720p 10bit WEBRip 2CH x265 HEVC-P.mkv
[16:00:50.801] ShellThumbnail: Shell delivered 256×256 for Off Campus S01E08 720p 10bit WEBRip 2CH x265 HEVC-PS.mkv
[16:00:50.813] ShellThumbnail: Shell delivered 256×256 for Euphoria US S03E04 720p 10bit WEBRip 2CH x265 HEVC-P.mkv
[16:00:50.826] ShellThumbnail: Shell delivered 256×256 for Euphoria US S03E01 720p 10bit WEBRip 2CH x265 HEVC-P.mkv
[16:00:50.842] ShellThumbnail: Shell delivered 256×256 for Off Campus S01E02 720p 10bit WEBRip 2CH x265 HEVC-PS.mkv
[16:00:50.855] ShellThumbnail: Shell delivered 256×256 for Off Campus S01E03 720p 10bit WEBRip 2CH x265 HEVC-PS.mkv
[16:00:50.868] ShellThumbnail: Shell delivered 256×256 for Off Campus S01E05 720p 10bit WEBRip 2CH x265 HEVC-PS.mkv
[16:00:51.147] ShellThumbnail: Shell delivered 256×256 for Euphoria.US.S03E03.720p.10bit.WEBRip.2CH.x265.HEVC-PSA.mkv
[16:01:21.222] MpvIpcClient disposed
[16:01:21.224] Window closed
[16:01:27.435] App starting
[16:01:27.997] Keyboard hook handle: 0xDB7027D
[16:01:27.997] Mouse hook handle: 0xFB30731
[16:01:27.999] OnLoadedCore start
[16:01:30.102] ChildHwnd = 0x70DC8
[16:01:30.103] Calling AttachAsync
[16:01:30.252] AttachAsync succeeded
[16:01:30.252] Connecting IPC to pipe: pitflix-wid-7bca29f926554177a13e6ae3890a4978
[16:01:30.285] MpvIpcClient connected to \\.\pipe\pitflix-wid-7bca29f926554177a13e6ae3890a4978
[16:01:30.427] OnLoadedCore complete
[16:01:30.733] BuildFolderPlaylist: scanned 28 video file(s) in 'F:\Series\Engilsh'
[16:01:30.734] BuildFolderPlaylist: queued 28 files; current at idx 12 — prev/next now visible
[16:02:22.303] MpvIpcClient disposed
[16:02:22.304] Window closed
[16:02:26.371] App starting
[16:02:26.943] Keyboard hook handle: 0x5DF0E2D
[16:02:26.944] Mouse hook handle: 0x158067F
[16:02:26.946] OnLoadedCore start
[16:02:29.053] ChildHwnd = 0x390D76
[16:02:29.053] Calling AttachAsync
[16:02:29.188] AttachAsync succeeded
[16:02:29.188] Connecting IPC to pipe: pitflix-wid-9a8e2869f9684c22aa986193c00394de
[16:02:29.220] MpvIpcClient connected to \\.\pipe\pitflix-wid-9a8e2869f9684c22aa986193c00394de
[16:02:29.375] OnLoadedCore complete
[16:02:29.686] BuildFolderPlaylist: scanned 28 video file(s) in 'F:\Series\Engilsh'
[16:02:29.687] BuildFolderPlaylist: queued 28 files; current at idx 12 — prev/next now visible
[16:16:31.534] App starting
[16:16:31.543] Subtitle preference loaded: mode=default, lang=(none)
[16:16:31.903] Keyboard hook handle: 0x9E0E83
[16:16:31.903] Mouse hook handle: 0x139D0731
[16:16:31.906] OnLoadedCore start
[16:16:34.016] ChildHwnd = 0x48039A
[16:16:34.016] Calling AttachAsync
[16:16:34.189] AttachAsync succeeded
[16:16:34.189] Connecting IPC to pipe: pitflix-wid-eb48b4ec8d204a53b2b24cfe5c4f838c
[16:16:34.226] MpvIpcClient connected to \\.\pipe\pitflix-wid-eb48b4ec8d204a53b2b24cfe5c4f838c
[16:16:34.442] OnLoadedCore complete
[16:16:34.772] BuildFolderPlaylist: scanned 28 video file(s) in 'F:\Series\Engilsh'
[16:16:34.778] BuildFolderPlaylist: queued 28 files; current at idx 12 — prev/next now visible
[16:16:42.258] ShellThumbnail: Shell delivered 256×256 for Euphoria.US.S03E03.720p.10bit.WEBRip.2CH.x265.HEVC-PSA.mkv
[16:16:42.259] ShellThumbnail: Shell delivered 256×256 for Euphoria US S03E04 720p 10bit WEBRip 2CH x265 HEVC-P.mkv
[16:16:42.269] ShellThumbnail: Shell delivered 256×256 for Euphoria US S03E02 720p 10bit WEBRip 2CH x265 HEVC-P.mkv
[16:16:42.276] ShellThumbnail: Shell delivered 256×256 for Spider-Noir S01E01 COLOR 720p 10bit WEBRip 2CH x265 .mkv
[16:16:42.281] ShellThumbnail: Shell delivered 256×256 for Euphoria US S03E01 720p 10bit WEBRip 2CH x265 HEVC-P.mkv
[16:16:42.288] ShellThumbnail: Shell delivered 256×256 for Spider-Noir S01E02 COLOR 720p 10bit WEBRip 2CH x265 .mkv
[16:16:42.297] ShellThumbnail: Shell delivered 256×256 for Rick and Morty S09E01 1080p 10bit WEBRip 6CH x265 HE.mkv
[16:16:42.307] ShellThumbnail: Shell delivered 256×256 for Spider-Noir S01E03 COLOR 720p 10bit WEBRip 2CH x265 .mkv
[16:16:42.317] ShellThumbnail: Shell delivered 256×256 for Spider-Noir S01E04 COLOR 720p 10bit WEBRip 2CH x265 .mkv
[16:16:42.329] ShellThumbnail: Shell delivered 256×256 for Spider-Noir S01E05 COLOR 720p 10bit WEBRip 2CH x265 .mkv
[16:16:42.344] ShellThumbnail: Shell delivered 256×256 for Spider-Noir S01E06 COLOR 720p 10bit WEBRip 2CH x265 .mkv
[16:16:42.358] ShellThumbnail: Shell delivered 256×256 for Spider-Noir S01E07 COLOR 720p 10bit WEBRip 2CH x265 .mkv
[16:16:42.368] ShellThumbnail: Shell delivered 256×256 for Spider-Noir S01E08 COLOR 720p 10bit WEBRip 2CH x265 .mkv
[16:16:42.379] ShellThumbnail: Shell delivered 256×256 for The Testaments S01E01 1080p 10bit WEBRip 6CH x265 HE.mkv
[16:16:42.393] ShellThumbnail: Shell delivered 256×256 for The Testaments S01E02 1080p 10bit WEBRip 6CH x265 HE.mkv
[16:16:42.396] ShellThumbnail: Shell delivered 256×256 for The_Punisher_One_Last_Kill_2026_1080p_10bit_WEBRip_6CH_x265_HEVC.mkv
[16:16:42.403] ShellThumbnail: Shell delivered 256×256 for Welcome to Wrexham S05E01 DOCU 720p WEBRip 2CH x265 .mkv
[16:16:42.410] ShellThumbnail: Shell delivered 256×256 for Welcome to Wrexham S05E02 DOCU 720p WEBRip 2CH x265 .mkv
[16:16:42.455] ShellThumbnail: Shell delivered 256×256 for Euphoria US S03E05 720p 10bit WEBRip 2CH x265 HEVC-P.mkv
[16:16:42.503] ShellThumbnail: Shell delivered 256×256 for Off Campus S01E04 720p 10bit WEBRip 2CH x265 HEVC-PS.mkv
[16:16:42.551] ShellThumbnail: Shell delivered 256×256 for Off Campus S01E06 720p 10bit WEBRip 2CH x265 HEVC-PS.mkv
[16:16:42.572] ShellThumbnail: Shell delivered 256×256 for Off Campus S01E08 720p 10bit WEBRip 2CH x265 HEVC-PS.mkv
[16:16:42.644] ShellThumbnail: Shell delivered 256×256 for Off.Campus.S01E01.The.Deal.1080p.AMZN.WEB-DL.Hindi.DDP5.1-English.DDP5.1.AV1-4kHdHub.Com.mkv
[16:16:42.664] ShellThumbnail: Shell delivered 256×256 for Off Campus S01E02 720p 10bit WEBRip 2CH x265 HEVC-PS.mkv
[16:16:42.680] ShellThumbnail: Shell delivered 256×256 for Off Campus S01E07 720p 10bit WEBRip 2CH x265 HEVC-PS.mkv
[16:16:42.953] ShellThumbnail: Shell delivered 256×256 for Off Campus S01E03 720p 10bit WEBRip 2CH x265 HEVC-PS.mkv
[16:16:52.906] MpvIpcClient disposed
[16:16:52.908] Window closed
[16:16:58.923] App starting
[16:16:58.937] Subtitle preference loaded: mode=default, lang=(none)
[16:16:59.507] Keyboard hook handle: 0x7C40DBF
[16:16:59.508] Mouse hook handle: 0xFC30CA7
[16:16:59.510] OnLoadedCore start
[16:17:01.632] ChildHwnd = 0xF0DBA
[16:17:01.632] Calling AttachAsync
[16:17:01.774] AttachAsync succeeded
[16:17:01.774] Connecting IPC to pipe: pitflix-wid-d5e8ffac6394493e98dfc5122007fe65
[16:17:01.809] MpvIpcClient connected to \\.\pipe\pitflix-wid-d5e8ffac6394493e98dfc5122007fe65
[16:17:01.954] OnLoadedCore complete
[16:17:02.259] BuildFolderPlaylist: scanned 28 video file(s) in 'F:\Series\Engilsh'
[16:17:02.261] BuildFolderPlaylist: queued 28 files; current at idx 12 — prev/next now visible
[16:17:04.567] MpvIpcClient disposed
[16:17:04.568] Window closed
[16:17:15.857] App starting
[16:17:15.867] Subtitle preference loaded: mode=default, lang=(none)
[16:17:16.283] Keyboard hook handle: 0x6010707
[16:17:16.283] Mouse hook handle: 0x91A0E5F
[16:17:16.286] OnLoadedCore start
[16:17:18.411] ChildHwnd = 0x5B0368
[16:17:18.412] Calling AttachAsync
[16:17:18.561] AttachAsync succeeded
[16:17:18.561] Connecting IPC to pipe: pitflix-wid-6becf461358c4f91af46cc27f589688c
[16:17:18.595] MpvIpcClient connected to \\.\pipe\pitflix-wid-6becf461358c4f91af46cc27f589688c
[16:17:18.739] OnLoadedCore complete
[16:17:19.041] BuildFolderPlaylist: scanned 28 video file(s) in 'F:\Series\Engilsh'
[16:17:19.043] BuildFolderPlaylist: queued 28 files; current at idx 12 — prev/next now visible
[16:17:30.663] ShellThumbnail: Shell delivered 256×256 for Euphoria US S03E01 720p 10bit WEBRip 2CH x265 HEVC-P.mkv
[16:17:30.671] ShellThumbnail: Shell delivered 256×256 for Euphoria US S03E04 720p 10bit WEBRip 2CH x265 HEVC-P.mkv
[16:17:30.679] ShellThumbnail: Shell delivered 256×256 for Spider-Noir S01E01 COLOR 720p 10bit WEBRip 2CH x265 .mkv
[16:17:30.691] ShellThumbnail: Shell delivered 256×256 for Rick and Morty S09E01 1080p 10bit WEBRip 6CH x265 HE.mkv
[16:17:30.703] ShellThumbnail: Shell delivered 256×256 for Spider-Noir S01E02 COLOR 720p 10bit WEBRip 2CH x265 .mkv
[16:17:30.704] ShellThumbnail: Shell delivered 256×256 for Spider-Noir S01E03 COLOR 720p 10bit WEBRip 2CH x265 .mkv
[16:17:30.717] ShellThumbnail: Shell delivered 256×256 for Spider-Noir S01E04 COLOR 720p 10bit WEBRip 2CH x265 .mkv
[16:17:30.718] ShellThumbnail: Shell delivered 256×256 for Spider-Noir S01E05 COLOR 720p 10bit WEBRip 2CH x265 .mkv
[16:17:30.731] ShellThumbnail: Shell delivered 256×256 for Spider-Noir S01E07 COLOR 720p 10bit WEBRip 2CH x265 .mkv
[16:17:30.732] ShellThumbnail: Shell delivered 256×256 for Spider-Noir S01E06 COLOR 720p 10bit WEBRip 2CH x265 .mkv
[16:17:30.744] ShellThumbnail: Shell delivered 256×256 for Spider-Noir S01E08 COLOR 720p 10bit WEBRip 2CH x265 .mkv
[16:17:30.744] ShellThumbnail: Shell delivered 256×256 for The Testaments S01E01 1080p 10bit WEBRip 6CH x265 HE.mkv
[16:17:30.755] ShellThumbnail: Shell delivered 256×256 for The.Walking.Dead.Dead.City.S01E01.720p.10bit.WEB.HEVC-PSA.mkv
[16:17:30.763] ShellThumbnail: Shell delivered 256×256 for The Testaments S01E02 1080p 10bit WEBRip 6CH x265 HE.mkv
[16:17:30.764] ShellThumbnail: Shell delivered 256×256 for Off Campus S01E03 720p 10bit WEBRip 2CH x265 HEVC-PS.mkv
[16:17:30.772] ShellThumbnail: Shell delivered 256×256 for The_Punisher_One_Last_Kill_2026_1080p_10bit_WEBRip_6CH_x265_HEVC.mkv
[16:17:30.773] ShellThumbnail: Shell delivered 256×256 for Welcome to Wrexham S05E01 DOCU 720p WEBRip 2CH x265 .mkv
[16:17:30.779] ShellThumbnail: Shell delivered 256×256 for Welcome to Wrexham S05E02 DOCU 720p WEBRip 2CH x265 .mkv
[16:17:30.812] ShellThumbnail: Shell delivered 256×256 for Off.Campus.S01E01.The.Deal.1080p.AMZN.WEB-DL.Hindi.DDP5.1-English.DDP5.1.AV1-4kHdHub.Com.mkv
[16:17:30.823] ShellThumbnail: mpv produced no output for 'F:\Series\Engilsh\Off Campus S01E07 720p 10bit WEBRip 2CH x265 HEVC-PS.mkv'
[16:17:30.826] ShellThumbnail: Shell delivered 256×256 for Off Campus S01E02 720p 10bit WEBRip 2CH x265 HEVC-PS.mkv
[16:17:30.838] ShellThumbnail: Shell delivered 256×256 for Off Campus S01E08 720p 10bit WEBRip 2CH x265 HEVC-PS.mkv
[16:17:30.850] ShellThumbnail: Shell delivered 256×256 for Off Campus S01E06 720p 10bit WEBRip 2CH x265 HEVC-PS.mkv
[16:17:30.863] ShellThumbnail: Shell delivered 256×256 for Euphoria US S03E02 720p 10bit WEBRip 2CH x265 HEVC-P.mkv
[16:17:30.875] ShellThumbnail: Shell delivered 256×256 for Off Campus S01E05 720p 10bit WEBRip 2CH x265 HEVC-PS.mkv
[16:17:31.145] ShellThumbnail: Shell delivered 256×256 for Off Campus S01E04 720p 10bit WEBRip 2CH x265 HEVC-PS.mkv
[16:17:52.992] MpvIpcClient disposed
[16:17:52.993] Window closed
[16:31:25.551] App starting
[16:31:25.562] Subtitle preference loaded: mode=lang, lang=eng
[16:31:25.947] Keyboard hook handle: 0x51269
[16:31:25.948] Mouse hook handle: 0x1B1261
[16:31:25.951] OnLoadedCore start
[16:31:28.070] ChildHwnd = 0x31190
[16:31:28.070] Calling AttachAsync
[16:31:28.212] AttachAsync succeeded
[16:31:28.212] Connecting IPC to pipe: pitflix-wid-fba5b36b60684930b539989cff66c9a4
[16:31:28.246] MpvIpcClient connected to \\.\pipe\pitflix-wid-fba5b36b60684930b539989cff66c9a4
[16:31:28.399] OnLoadedCore complete
[16:31:28.711] BuildFolderPlaylist: scanned 28 video file(s) in 'F:\Series\Engilsh'
[16:31:28.712] BuildFolderPlaylist: queued 28 files; current at idx 12 — prev/next now visible
[16:31:31.319] ApplyPreferredSubtitle: no track matches lang='eng' — leaving mpv default
[16:31:31.322] ApplyPreferredSubtitle: picked sid=1 for lang='eng'
[16:32:11.421] MpvIpcClient disposed
[16:32:11.422] Window closed
[16:32:15.762] App starting
[16:32:15.774] Subtitle preference loaded: mode=lang, lang=eng
[16:32:16.372] Keyboard hook handle: 0x11D103F
[16:32:16.373] Mouse hook handle: 0xDD0F8F
[16:32:16.377] OnLoadedCore start
[16:32:18.489] ChildHwnd = 0x240EB8
[16:32:18.490] Calling AttachAsync
[16:32:18.649] AttachAsync succeeded
[16:32:18.649] Connecting IPC to pipe: pitflix-wid-e69be7d6804942a9a9cbcd507d06e918
[16:32:18.682] MpvIpcClient connected to \\.\pipe\pitflix-wid-e69be7d6804942a9a9cbcd507d06e918
[16:32:18.834] OnLoadedCore complete
[16:32:19.143] BuildFolderPlaylist: scanned 28 video file(s) in 'F:\Series\Engilsh'
[16:32:19.144] BuildFolderPlaylist: queued 28 files; current at idx 12 — prev/next now visible
[16:32:21.757] ApplyPreferredSubtitle: no track matches lang='eng' — leaving mpv default
[16:32:21.758] ApplyPreferredSubtitle: picked sid=1 for lang='eng'
[16:32:36.406] ApplyPreferredSubtitle: no track matches lang='Com' — leaving mpv default
[16:32:44.470] ApplyPreferredSubtitle: no track matches lang='Com' — leaving mpv default
[16:32:50.261] ShellThumbnail: mpv produced no output for 'F:\Series\Engilsh\Off Campus S01E04 720p 10bit WEBRip 2CH x265 HEVC-PS.mkv'
[16:32:50.279] ShellThumbnail: mpv produced no output for 'F:\Series\Engilsh\Off Campus S01E06 720p 10bit WEBRip 2CH x265 HEVC-PS.mkv'
[16:32:50.292] ShellThumbnail: mpv produced no output for 'F:\Series\Engilsh\Euphoria US S03E04 720p 10bit WEBRip 2CH x265 HEVC-P.mkv'
[16:32:50.310] ShellThumbnail: mpv produced no output for 'F:\Series\Engilsh\Off Campus S01E08 720p 10bit WEBRip 2CH x265 HEVC-PS.mkv'
[16:32:50.324] ShellThumbnail: mpv produced no output for 'F:\Series\Engilsh\Off Campus S01E07 720p 10bit WEBRip 2CH x265 HEVC-PS.mkv'
[16:32:50.338] ShellThumbnail: mpv produced no output for 'F:\Series\Engilsh\Off Campus S01E03 720p 10bit WEBRip 2CH x265 HEVC-PS.mkv'
[16:32:50.374] ShellThumbnail: mpv produced no output for 'F:\Series\Engilsh\Euphoria US S03E05 720p 10bit WEBRip 2CH x265 HEVC-P.mkv'
[16:32:50.417] ShellThumbnail: mpv produced no output for 'F:\Series\Engilsh\Rick and Morty S09E01 1080p 10bit WEBRip 6CH x265 HE.mkv'
[16:32:50.451] ShellThumbnail: mpv produced no output for 'F:\Series\Engilsh\Spider-Noir S01E02 COLOR 720p 10bit WEBRip 2CH x265 .mkv'
[16:32:50.455] ShellThumbnail: mpv produced no output for 'F:\Series\Engilsh\Spider-Noir S01E01 COLOR 720p 10bit WEBRip 2CH x265 .mkv'
[16:32:50.468] ShellThumbnail: mpv produced no output for 'F:\Series\Engilsh\Euphoria.US.S03E03.720p.10bit.WEBRip.2CH.x265.HEVC-PSA.mkv'
[16:32:50.491] ShellThumbnail: mpv produced no output for 'F:\Series\Engilsh\Spider-Noir S01E03 COLOR 720p 10bit WEBRip 2CH x265 .mkv'
[16:32:50.512] ShellThumbnail: mpv produced no output for 'F:\Series\Engilsh\Off.Campus.S01E01.The.Deal.1080p.AMZN.WEB-DL.Hindi.DDP5.1-English.DDP5.1.AV1-4kHdHub.Com.mkv'
[16:32:50.561] ShellThumbnail: mpv produced no output for 'F:\Series\Engilsh\Spider-Noir S01E05 COLOR 720p 10bit WEBRip 2CH x265 .mkv'
[16:32:50.577] ShellThumbnail: mpv produced no output for 'F:\Series\Engilsh\Spider-Noir S01E04 COLOR 720p 10bit WEBRip 2CH x265 .mkv'
[16:32:50.582] ShellThumbnail: mpv produced no output for 'F:\Series\Engilsh\Spider-Noir S01E06 COLOR 720p 10bit WEBRip 2CH x265 .mkv'
[16:32:50.601] ShellThumbnail: mpv produced no output for 'F:\Series\Engilsh\Spider-Noir S01E07 COLOR 720p 10bit WEBRip 2CH x265 .mkv'
[16:32:50.649] ShellThumbnail: mpv produced no output for 'F:\Series\Engilsh\Euphoria US S03E02 720p 10bit WEBRip 2CH x265 HEVC-P.mkv'
[16:32:50.679] ShellThumbnail: mpv produced no output for 'F:\Series\Engilsh\The Testaments S01E01 1080p 10bit WEBRip 6CH x265 HE.mkv'
[16:32:50.709] ShellThumbnail: mpv produced no output for 'F:\Series\Engilsh\Off Campus S01E02 720p 10bit WEBRip 2CH x265 HEVC-PS.mkv'
[16:32:50.740] ShellThumbnail: mpv produced no output for 'F:\Series\Engilsh\The_Punisher_One_Last_Kill_2026_1080p_10bit_WEBRip_6CH_x265_HEVC.mkv'
[16:32:50.756] ShellThumbnail: mpv produced no output for 'F:\Series\Engilsh\Welcome to Wrexham S05E02 DOCU 720p WEBRip 2CH x265 .mkv'
[16:32:50.771] ShellThumbnail: mpv produced no output for 'F:\Series\Engilsh\Welcome to Wrexham S05E01 DOCU 720p WEBRip 2CH x265 .mkv'
[16:32:51.064] ShellThumbnail: mpv produced no output for 'F:\Series\Engilsh\Euphoria US S03E01 720p 10bit WEBRip 2CH x265 HEVC-P.mkv'
[16:32:55.542] ShellThumbnail: mpv timed out for 'F:\Series\Engilsh\The Testaments S01E02 1080p 10bit WEBRip 6CH x265 HE.mkv'
[16:32:55.558] ShellThumbnail: mpv timed out for 'F:\Series\Engilsh\The.Walking.Dead.Dead.City.S01E01.720p.10bit.WEB.HEVC-PSA.mkv'
[16:33:06.967] ShellThumbnail: mpv produced no output for 'F:\Series\Engilsh\Off Campus S01E05 720p 10bit WEBRip 2CH x265 HEVC-PS.mkv'
[16:33:06.984] ShellThumbnail: mpv produced no output for 'F:\Series\Engilsh\Off Campus S01E08 720p 10bit WEBRip 2CH x265 HEVC-PS.mkv'
[16:33:07.076] ShellThumbnail: mpv produced no output for 'F:\Series\Engilsh\Off.Campus.S01E01.The.Deal.1080p.AMZN.WEB-DL.Hindi.DDP5.1-English.DDP5.1.AV1-4kHdHub.Com.mkv'
[16:33:07.088] ShellThumbnail: mpv produced no output for 'F:\Series\Engilsh\Off Campus S01E03 720p 10bit WEBRip 2CH x265 HEVC-PS.mkv'
[16:33:07.106] ShellThumbnail: mpv produced no output for 'F:\Series\Engilsh\Rick and Morty S09E01 1080p 10bit WEBRip 6CH x265 HE.mkv'
[16:33:07.106] ShellThumbnail: mpv produced no output for 'F:\Series\Engilsh\Off Campus S01E02 720p 10bit WEBRip 2CH x265 HEVC-PS.mkv'
[16:33:07.119] ShellThumbnail: mpv produced no output for 'F:\Series\Engilsh\Spider-Noir S01E01 COLOR 720p 10bit WEBRip 2CH x265 .mkv'
[16:33:07.136] ShellThumbnail: mpv produced no output for 'F:\Series\Engilsh\Spider-Noir S01E02 COLOR 720p 10bit WEBRip 2CH x265 .mkv'
[16:33:07.167] ShellThumbnail: mpv produced no output for 'F:\Series\Engilsh\Euphoria US S03E05 720p 10bit WEBRip 2CH x265 HEVC-P.mkv'
[16:33:07.204] ShellThumbnail: mpv produced no output for 'F:\Series\Engilsh\Off Campus S01E06 720p 10bit WEBRip 2CH x265 HEVC-PS.mkv'
[16:33:07.230] ShellThumbnail: mpv produced no output for 'F:\Series\Engilsh\Spider-Noir S01E03 COLOR 720p 10bit WEBRip 2CH x265 .mkv'
[16:33:07.247] ShellThumbnail: mpv produced no output for 'F:\Series\Engilsh\Spider-Noir S01E04 COLOR 720p 10bit WEBRip 2CH x265 .mkv'
[16:33:07.259] ShellThumbnail: mpv produced no output for 'F:\Series\Engilsh\Euphoria.US.S03E03.720p.10bit.WEBRip.2CH.x265.HEVC-PSA.mkv'
[16:33:07.275] ShellThumbnail: mpv produced no output for 'F:\Series\Engilsh\Spider-Noir S01E05 COLOR 720p 10bit WEBRip 2CH x265 .mkv'
[16:33:07.293] ShellThumbnail: mpv produced no output for 'F:\Series\Engilsh\Spider-Noir S01E06 COLOR 720p 10bit WEBRip 2CH x265 .mkv'
[16:33:07.328] ShellThumbnail: mpv produced no output for 'F:\Series\Engilsh\The Testaments S01E01 1080p 10bit WEBRip 6CH x265 HE.mkv'
[16:33:07.329] ShellThumbnail: mpv produced no output for 'F:\Series\Engilsh\Spider-Noir S01E08 COLOR 720p 10bit WEBRip 2CH x265 .mkv'
[16:33:07.330] ShellThumbnail: mpv produced no output for 'F:\Series\Engilsh\Spider-Noir S01E07 COLOR 720p 10bit WEBRip 2CH x265 .mkv'
[16:33:07.355] ShellThumbnail: mpv produced no output for 'F:\Series\Engilsh\The Testaments S01E02 1080p 10bit WEBRip 6CH x265 HE.mkv'
[16:33:07.355] ShellThumbnail: mpv produced no output for 'F:\Series\Engilsh\Euphoria US S03E04 720p 10bit WEBRip 2CH x265 HEVC-P.mkv'
[16:33:07.381] ShellThumbnail: mpv produced no output for 'F:\Series\Engilsh\The.Walking.Dead.Dead.City.S01E01.720p.10bit.WEB.HEVC-PSA.mkv'
[16:33:07.413] ShellThumbnail: mpv produced no output for 'F:\Series\Engilsh\The_Punisher_One_Last_Kill_2026_1080p_10bit_WEBRip_6CH_x265_HEVC.mkv'
[16:33:07.444] ShellThumbnail: mpv produced no output for 'F:\Series\Engilsh\Welcome to Wrexham S05E02 DOCU 720p WEBRip 2CH x265 .mkv'
[16:33:07.444] ShellThumbnail: mpv produced no output for 'F:\Series\Engilsh\Welcome to Wrexham S05E01 DOCU 720p WEBRip 2CH x265 .mkv'
[16:33:07.505] ShellThumbnail: mpv produced no output for 'F:\Series\Engilsh\Euphoria US S03E02 720p 10bit WEBRip 2CH x265 HEVC-P.mkv'
[16:33:07.768] ShellThumbnail: mpv produced no output for 'F:\Series\Engilsh\Euphoria US S03E01 720p 10bit WEBRip 2CH x265 HEVC-P.mkv'
[16:33:10.983] ShellThumbnail: mpv produced no output for 'F:\Series\Engilsh\Off Campus S01E07 720p 10bit WEBRip 2CH x265 HEVC-PS.mkv'
[16:33:11.000] ShellThumbnail: mpv produced no output for 'F:\Series\Engilsh\Off Campus S01E03 720p 10bit WEBRip 2CH x265 HEVC-PS.mkv'
[16:33:11.001] ShellThumbnail: mpv produced no output for 'F:\Series\Engilsh\Euphoria US S03E04 720p 10bit WEBRip 2CH x265 HEVC-P.mkv'
[16:33:11.011] ShellThumbnail: mpv produced no output for 'F:\Series\Engilsh\Off Campus S01E08 720p 10bit WEBRip 2CH x265 HEVC-PS.mkv'
[16:33:11.026] ShellThumbnail: mpv produced no output for 'F:\Series\Engilsh\Off Campus S01E05 720p 10bit WEBRip 2CH x265 HEVC-PS.mkv'
[16:33:11.090] ShellThumbnail: mpv produced no output for 'F:\Series\Engilsh\Off Campus S01E04 720p 10bit WEBRip 2CH x265 HEVC-PS.mkv'
[16:33:11.133] ShellThumbnail: mpv produced no output for 'F:\Series\Engilsh\Off.Campus.S01E01.The.Deal.1080p.AMZN.WEB-DL.Hindi.DDP5.1-English.DDP5.1.AV1-4kHdHub.Com.mkv'
[16:33:11.151] ShellThumbnail: mpv produced no output for 'F:\Series\Engilsh\Rick and Morty S09E01 1080p 10bit WEBRip 6CH x265 HE.mkv'
[16:33:11.167] ShellThumbnail: mpv produced no output for 'F:\Series\Engilsh\Spider-Noir S01E01 COLOR 720p 10bit WEBRip 2CH x265 .mkv'
[16:33:11.182] ShellThumbnail: mpv produced no output for 'F:\Series\Engilsh\Spider-Noir S01E03 COLOR 720p 10bit WEBRip 2CH x265 .mkv'
[16:33:11.183] ShellThumbnail: mpv produced no output for 'F:\Series\Engilsh\Spider-Noir S01E04 COLOR 720p 10bit WEBRip 2CH x265 .mkv'
[16:33:11.183] ShellThumbnail: mpv produced no output for 'F:\Series\Engilsh\Spider-Noir S01E02 COLOR 720p 10bit WEBRip 2CH x265 .mkv'
[16:33:11.229] ShellThumbnail: mpv produced no output for 'F:\Series\Engilsh\Off Campus S01E02 720p 10bit WEBRip 2CH x265 HEVC-PS.mkv'
[16:33:11.248] ShellThumbnail: mpv produced no output for 'F:\Series\Engilsh\Spider-Noir S01E05 COLOR 720p 10bit WEBRip 2CH x265 .mkv'
[16:33:11.274] ShellThumbnail: mpv produced no output for 'F:\Series\Engilsh\Off Campus S01E06 720p 10bit WEBRip 2CH x265 HEVC-PS.mkv'
[16:33:11.293] ShellThumbnail: mpv produced no output for 'F:\Series\Engilsh\Spider-Noir S01E06 COLOR 720p 10bit WEBRip 2CH x265 .mkv'
[16:33:11.308] ShellThumbnail: mpv produced no output for 'F:\Series\Engilsh\Spider-Noir S01E07 COLOR 720p 10bit WEBRip 2CH x265 .mkv'
[16:33:11.353] ShellThumbnail: mpv produced no output for 'F:\Series\Engilsh\Spider-Noir S01E08 COLOR 720p 10bit WEBRip 2CH x265 .mkv'
[16:33:11.383] ShellThumbnail: mpv produced no output for 'F:\Series\Engilsh\Euphoria.US.S03E03.720p.10bit.WEBRip.2CH.x265.HEVC-PSA.mkv'
[16:33:11.428] ShellThumbnail: mpv produced no output for 'F:\Series\Engilsh\The_Punisher_One_Last_Kill_2026_1080p_10bit_WEBRip_6CH_x265_HEVC.mkv'
[16:33:11.458] ShellThumbnail: mpv produced no output for 'F:\Series\Engilsh\Welcome to Wrexham S05E02 DOCU 720p WEBRip 2CH x265 .mkv'
[16:33:11.458] ShellThumbnail: mpv produced no output for 'F:\Series\Engilsh\Welcome to Wrexham S05E01 DOCU 720p WEBRip 2CH x265 .mkv'
[16:33:11.471] ShellThumbnail: mpv produced no output for 'F:\Series\Engilsh\Euphoria US S03E01 720p 10bit WEBRip 2CH x265 HEVC-P.mkv'
[16:33:11.503] ShellThumbnail: mpv produced no output for 'F:\Series\Engilsh\Euphoria US S03E05 720p 10bit WEBRip 2CH x265 HEVC-P.mkv'
[16:33:11.794] ShellThumbnail: mpv produced no output for 'F:\Series\Engilsh\Euphoria US S03E02 720p 10bit WEBRip 2CH x265 HEVC-P.mkv'
[16:33:16.222] ShellThumbnail: mpv timed out for 'F:\Series\Engilsh\The Testaments S01E01 1080p 10bit WEBRip 6CH x265 HE.mkv'
[16:33:16.237] ShellThumbnail: mpv timed out for 'F:\Series\Engilsh\The Testaments S01E02 1080p 10bit WEBRip 6CH x265 HE.mkv'
[16:33:16.253] ShellThumbnail: mpv timed out for 'F:\Series\Engilsh\The.Walking.Dead.Dead.City.S01E01.720p.10bit.WEB.HEVC-PSA.mkv'
[16:33:30.889] MpvIpcClient disposed
[16:33:30.890] Window closed
[16:33:35.785] App starting
[16:33:35.798] Subtitle preference loaded: mode=lang, lang=ar-001
[16:33:36.388] Keyboard hook handle: 0xA3D0E53
[16:33:36.388] Mouse hook handle: 0xA460EB9
[16:33:36.391] OnLoadedCore start
[16:33:38.495] ChildHwnd = 0x611CE
[16:33:38.495] Calling AttachAsync
[16:33:38.650] AttachAsync succeeded
[16:33:38.650] Connecting IPC to pipe: pitflix-wid-e26561e0290c466a834bdaa341cdfc8c
[16:33:38.683] MpvIpcClient connected to \\.\pipe\pitflix-wid-e26561e0290c466a834bdaa341cdfc8c
[16:33:38.840] OnLoadedCore complete
[16:33:39.146] BuildFolderPlaylist: scanned 28 video file(s) in 'F:\Series\Engilsh'
[16:33:39.147] BuildFolderPlaylist: queued 28 files; current at idx 12 — prev/next now visible
[16:33:41.757] ApplyPreferredSubtitle: no track matches lang='ar-001' — leaving mpv default
[16:33:41.758] ApplyPreferredSubtitle: no track matches lang='ar-001' — leaving mpv default
[16:33:56.467] ShellThumbnail: mpv produced no output for 'F:\Series\Engilsh\Euphoria US S03E02 720p 10bit WEBRip 2CH x265 HEVC-P.mkv'
[16:33:56.509] ShellThumbnail: mpv produced no output for 'F:\Series\Engilsh\Off.Campus.S01E01.The.Deal.1080p.AMZN.WEB-DL.Hindi.DDP5.1-English.DDP5.1.AV1-4kHdHub.Com.mkv'
[16:33:56.510] ShellThumbnail: mpv produced no output for 'F:\Series\Engilsh\Off Campus S01E07 720p 10bit WEBRip 2CH x265 HEVC-PS.mkv'
[16:33:56.543] ShellThumbnail: mpv produced no output for 'F:\Series\Engilsh\Euphoria US S03E01 720p 10bit WEBRip 2CH x265 HEVC-P.mkv'
[16:33:56.563] ShellThumbnail: mpv produced no output for 'F:\Series\Engilsh\Off Campus S01E08 720p 10bit WEBRip 2CH x265 HEVC-PS.mkv'
[16:33:56.588] ShellThumbnail: mpv produced no output for 'F:\Series\Engilsh\Off Campus S01E05 720p 10bit WEBRip 2CH x265 HEVC-PS.mkv'
[16:33:56.621] ShellThumbnail: mpv produced no output for 'F:\Series\Engilsh\Spider-Noir S01E01 COLOR 720p 10bit WEBRip 2CH x265 .mkv'
[16:33:56.634] ShellThumbnail: mpv produced no output for 'F:\Series\Engilsh\Rick and Morty S09E01 1080p 10bit WEBRip 6CH x265 HE.mkv'
[16:33:56.653] ShellThumbnail: mpv produced no output for 'F:\Series\Engilsh\Off Campus S01E04 720p 10bit WEBRip 2CH x265 HEVC-PS.mkv'
[16:33:56.695] ShellThumbnail: mpv produced no output for 'F:\Series\Engilsh\Spider-Noir S01E02 COLOR 720p 10bit WEBRip 2CH x265 .mkv'
[16:33:56.710] ShellThumbnail: mpv produced no output for 'F:\Series\Engilsh\Spider-Noir S01E03 COLOR 720p 10bit WEBRip 2CH x265 .mkv'
[16:33:56.728] ShellThumbnail: mpv produced no output for 'F:\Series\Engilsh\Spider-Noir S01E04 COLOR 720p 10bit WEBRip 2CH x265 .mkv'
[16:33:56.742] ShellThumbnail: mpv produced no output for 'F:\Series\Engilsh\Spider-Noir S01E05 COLOR 720p 10bit WEBRip 2CH x265 .mkv'
[16:33:56.754] ShellThumbnail: mpv produced no output for 'F:\Series\Engilsh\Off Campus S01E02 720p 10bit WEBRip 2CH x265 HEVC-PS.mkv'
[16:33:56.775] ShellThumbnail: mpv produced no output for 'F:\Series\Engilsh\Spider-Noir S01E06 COLOR 720p 10bit WEBRip 2CH x265 .mkv'
[16:33:56.809] ShellThumbnail: mpv produced no output for 'F:\Series\Engilsh\Spider-Noir S01E07 COLOR 720p 10bit WEBRip 2CH x265 .mkv'
[16:33:56.819] ShellThumbnail: mpv produced no output for 'F:\Series\Engilsh\The Testaments S01E01 1080p 10bit WEBRip 6CH x265 HE.mkv'
[16:33:56.821] ShellThumbnail: mpv produced no output for 'F:\Series\Engilsh\Spider-Noir S01E08 COLOR 720p 10bit WEBRip 2CH x265 .mkv'
[16:33:56.861] ShellThumbnail: mpv produced no output for 'F:\Series\Engilsh\The Testaments S01E02 1080p 10bit WEBRip 6CH x265 HE.mkv'
[16:33:56.876] ShellThumbnail: mpv produced no output for 'F:\Series\Engilsh\The.Walking.Dead.Dead.City.S01E01.720p.10bit.WEB.HEVC-PSA.mkv'
[16:33:56.908] ShellThumbnail: mpv produced no output for 'F:\Series\Engilsh\Euphoria US S03E05 720p 10bit WEBRip 2CH x265 HEVC-P.mkv'
[16:33:56.927] ShellThumbnail: mpv produced no output for 'F:\Series\Engilsh\Welcome to Wrexham S05E01 DOCU 720p WEBRip 2CH x265 .mkv'
[16:33:56.997] ShellThumbnail: mpv produced no output for 'F:\Series\Engilsh\Off Campus S01E03 720p 10bit WEBRip 2CH x265 HEVC-PS.mkv'
[16:33:57.011] ShellThumbnail: mpv produced no output for 'F:\Series\Engilsh\Euphoria.US.S03E03.720p.10bit.WEBRip.2CH.x265.HEVC-PSA.mkv'
[16:33:57.274] ShellThumbnail: mpv produced no output for 'F:\Series\Engilsh\Off Campus S01E06 720p 10bit WEBRip 2CH x265 HEVC-PS.mkv'
[16:34:10.968] MpvIpcClient disposed
[16:34:10.969] Window closed
[16:34:17.556] App starting
[16:34:17.567] Subtitle preference loaded: mode=lang, lang=ar-001
[16:34:18.107] Keyboard hook handle: 0x1D12B9
[16:34:18.107] Mouse hook handle: 0x31B1009
[16:34:18.110] OnLoadedCore start
[16:34:20.222] ChildHwnd = 0x70F7C
[16:34:20.222] Calling AttachAsync
[16:34:20.381] AttachAsync succeeded
[16:34:20.381] Connecting IPC to pipe: pitflix-wid-8451d8b009a142ccab7cb84f4ff83411
[16:34:20.416] MpvIpcClient connected to \\.\pipe\pitflix-wid-8451d8b009a142ccab7cb84f4ff83411
[16:34:20.552] OnLoadedCore complete
[16:34:20.860] BuildFolderPlaylist: scanned 28 video file(s) in 'F:\Series\Engilsh'
[16:34:20.861] BuildFolderPlaylist: queued 28 files; current at idx 12 — prev/next now visible
[16:34:23.474] ApplyPreferredSubtitle: no track matches lang='ar-001' — leaving mpv default
[16:34:23.621] Session stopped — closing
[16:34:23.647] MpvIpcClient disposed
[16:34:23.648] Window closed
[16:44:07.836] App starting
[16:44:07.846] Subtitle preference loaded: mode=lang, lang=ar-001
[16:44:08.258] Keyboard hook handle: 0x51461
[16:44:08.259] Mouse hook handle: 0xA1459
[16:44:08.261] OnLoadedCore start
[16:44:10.368] ChildHwnd = 0x613F0
[16:44:10.368] Calling AttachAsync
[16:44:10.530] AttachAsync succeeded
[16:44:10.530] Connecting IPC to pipe: pitflix-wid-5b1b99008eb04e8cbf26d58f5a6d293d
[16:44:10.560] MpvIpcClient connected to \\.\pipe\pitflix-wid-5b1b99008eb04e8cbf26d58f5a6d293d
[16:44:10.722] OnLoadedCore complete
[16:44:11.024] BuildFolderPlaylist: scanned 28 video file(s) in 'F:\Series\Engilsh'
[16:44:11.025] BuildFolderPlaylist: queued 28 files; current at idx 12 — prev/next now visible
[16:44:13.640] ApplyPreferredSubtitle: no track matches lang='ar-001' — leaving mpv default
[16:44:13.641] ApplyPreferredSubtitle: no track matches lang='ar-001' — leaving mpv default
[16:44:25.287] ApplyPreferredSubtitle: no track matches lang='ar-001' — leaving mpv default
[16:44:27.303] ApplyPreferredSubtitle: picked sid=3 for lang='ar-001'
[16:44:36.359] MpvIpcClient disposed
[16:44:36.359] Window closed
[16:44:46.049] App starting
[16:44:46.059] Subtitle preference loaded: mode=lang, lang=ar-001
[16:44:46.652] Keyboard hook handle: 0x2A13C2
[16:44:46.653] Mouse hook handle: 0x3313C6
[16:44:46.655] OnLoadedCore start
[16:44:48.775] ChildHwnd = 0x1713E8
[16:44:48.775] Calling AttachAsync
[16:44:48.918] AttachAsync succeeded
[16:44:48.918] Connecting IPC to pipe: pitflix-wid-4f14532084e145629f6f055dd0bf4020
[16:44:48.951] MpvIpcClient connected to \\.\pipe\pitflix-wid-4f14532084e145629f6f055dd0bf4020
[16:44:49.119] OnLoadedCore complete
[16:44:49.430] BuildFolderPlaylist: scanned 28 video file(s) in 'F:\Series\Engilsh'
[16:44:49.431] BuildFolderPlaylist: queued 28 files; current at idx 12 — prev/next now visible
[16:44:52.041] ApplyPreferredSubtitle: no track matches lang='ar-001' — leaving mpv default
[16:44:52.042] ApplyPreferredSubtitle: no track matches lang='ar-001' — leaving mpv default
[16:45:03.655] MpvIpcClient disposed
[16:45:03.656] Window closed
[16:45:10.884] App starting
[16:45:10.897] Subtitle preference loaded: mode=lang, lang=ar-001
[16:45:11.507] Keyboard hook handle: 0x13F132A
[16:45:11.508] Mouse hook handle: 0x4B13F6
[16:45:11.510] OnLoadedCore start
[16:45:13.602] ChildHwnd = 0x8D1392
[16:45:13.602] Calling AttachAsync
[16:45:13.746] AttachAsync succeeded
[16:45:13.747] Connecting IPC to pipe: pitflix-wid-12e3c81dec034937898384892136015d
[16:45:13.778] MpvIpcClient connected to \\.\pipe\pitflix-wid-12e3c81dec034937898384892136015d
[16:45:13.919] OnLoadedCore complete
[16:45:14.231] BuildFolderPlaylist: scanned 28 video file(s) in 'F:\Series\Engilsh'
[16:45:14.233] BuildFolderPlaylist: queued 28 files; current at idx 12 — prev/next now visible
[16:45:16.845] ApplyPreferredSubtitle: no track matches lang='ar-001' — leaving mpv default
[16:45:16.846] ApplyPreferredSubtitle: no track matches lang='ar-001' — leaving mpv default
[17:00:34.361] App starting
[17:00:34.371] Subtitle preference loaded: mode=lang, lang=ar-001
[17:00:34.729] Keyboard hook handle: 0x100EA6
[17:00:34.729] Mouse hook handle: 0x41202
[17:00:34.731] OnLoadedCore start
[17:00:36.826] ChildHwnd = 0x3A140E
[17:00:36.826] Calling AttachAsync
[17:00:36.984] AttachAsync succeeded
[17:00:36.984] Connecting IPC to pipe: pitflix-wid-dbe82b5546dd4c21b253abfe72a48735
[17:00:37.016] MpvIpcClient connected to \\.\pipe\pitflix-wid-dbe82b5546dd4c21b253abfe72a48735
[17:00:37.165] OnLoadedCore complete
[17:00:37.477] BuildFolderPlaylist: scanned 28 video file(s) in 'F:\Series\Engilsh'
[17:00:37.478] BuildFolderPlaylist: queued 28 files; current at idx 12 — prev/next now visible
[17:00:40.076] ApplyPreferredSubtitle: no track matches lang='ar-001' — leaving mpv default
[17:00:40.079] ApplyPreferredSubtitle: no track matches lang='ar-001' — leaving mpv default
[17:00:42.662] MpvIpcClient disposed
[17:00:42.663] Window closed
[17:00:47.003] App starting
[17:00:47.015] Subtitle preference loaded: mode=lang, lang=ar-001
[17:00:47.568] Keyboard hook handle: 0x141018
[17:00:47.569] Mouse hook handle: 0x5142C
[17:00:47.572] OnLoadedCore start
[17:00:49.687] ChildHwnd = 0x81202
[17:00:49.688] Calling AttachAsync
[17:00:49.842] AttachAsync succeeded
[17:00:49.843] Connecting IPC to pipe: pitflix-wid-f6a1056f6ae14e5793da6da81298ba06
[17:00:49.877] MpvIpcClient connected to \\.\pipe\pitflix-wid-f6a1056f6ae14e5793da6da81298ba06
[17:00:50.021] OnLoadedCore complete
[17:00:50.336] BuildFolderPlaylist: scanned 28 video file(s) in 'F:\Series\Engilsh'
[17:00:50.337] BuildFolderPlaylist: queued 28 files; current at idx 12 — prev/next now visible
[17:00:52.934] ApplyPreferredSubtitle: no track matches lang='ar-001' — leaving mpv default
[17:00:52.935] ApplyPreferredSubtitle: no track matches lang='ar-001' — leaving mpv default
[17:00:59.829] MpvIpcClient disposed
[17:00:59.830] Window closed
[17:01:04.139] App starting
[17:01:04.152] Subtitle preference loaded: mode=lang, lang=ar-001
[17:01:04.716] Keyboard hook handle: 0x1F10AC
[17:01:04.717] Mouse hook handle: 0x8140A
[17:01:04.719] OnLoadedCore start
[17:01:06.809] ChildHwnd = 0xF513BE
[17:01:06.810] Calling AttachAsync
[17:01:06.954] AttachAsync succeeded
[17:01:06.955] Connecting IPC to pipe: pitflix-wid-0927571930ad4dd4bb3734358544cbf5
[17:01:06.985] MpvIpcClient connected to \\.\pipe\pitflix-wid-0927571930ad4dd4bb3734358544cbf5
[17:01:07.129] OnLoadedCore complete
[17:01:07.438] BuildFolderPlaylist: scanned 28 video file(s) in 'F:\Series\Engilsh'
[17:01:07.439] BuildFolderPlaylist: queued 28 files; current at idx 12 — prev/next now visible
[17:01:10.041] ApplyPreferredSubtitle: no track matches lang='ar-001' — leaving mpv default
[17:01:10.177] Session stopped — closing
[17:01:10.202] MpvIpcClient disposed
[17:01:10.202] Window closed
[17:22:43.687] App starting
[17:22:44.063] Subtitle preference loaded: mode=lang, lang=ar-001
[17:22:44.574] Keyboard hook handle: 0x71444
[17:22:44.575] Mouse hook handle: 0x1148E
[17:22:44.578] OnLoadedCore start
[17:22:46.708] ChildHwnd = 0xDB138A
[17:22:46.708] Calling AttachAsync
[17:22:46.852] AttachAsync succeeded
[17:22:46.852] Connecting IPC to pipe: pitflix-wid-23990218303948edbf22de3526181d0a
[17:22:46.882] MpvIpcClient connected to \\.\pipe\pitflix-wid-23990218303948edbf22de3526181d0a
[17:22:47.042] OnLoadedCore complete
[17:22:47.347] BuildFolderPlaylist: scanned 28 video file(s) in 'F:\Series\Engilsh'
[17:22:47.348] BuildFolderPlaylist: queued 28 files; current at idx 12 — prev/next now visible
[17:22:49.976] ApplyPreferredSubtitle: no track matches lang='ar-001' — leaving mpv default
[17:22:49.978] ApplyPreferredSubtitle: no track matches lang='ar-001' — leaving mpv default
[17:23:05.127] MpvIpcClient disposed
[17:23:05.128] Window closed
[17:23:13.228] App starting
[17:23:13.239] Subtitle preference loaded: mode=lang, lang=ar-001
[17:23:13.790] Keyboard hook handle: 0x314A4
[17:23:13.791] Mouse hook handle: 0x4A1426
[17:23:13.794] OnLoadedCore start
[17:23:15.921] ChildHwnd = 0x81470
[17:23:15.921] Calling AttachAsync
[17:23:16.080] AttachAsync succeeded
[17:23:16.080] Connecting IPC to pipe: pitflix-wid-057904fe26534291ae899852de678844
[17:23:16.115] MpvIpcClient connected to \\.\pipe\pitflix-wid-057904fe26534291ae899852de678844
[17:23:16.272] OnLoadedCore complete
[17:23:16.577] BuildFolderPlaylist: scanned 28 video file(s) in 'F:\Series\Engilsh'
[17:23:16.579] BuildFolderPlaylist: queued 28 files; current at idx 12 — prev/next now visible
[17:23:19.197] ApplyPreferredSubtitle: no track matches lang='ar-001' — leaving mpv default
[17:23:19.198] ApplyPreferredSubtitle: no track matches lang='ar-001' — leaving mpv default
[17:23:30.962] MpvIpcClient disposed
[17:23:30.963] Window closed
[17:23:35.482] App starting
[17:23:35.492] Subtitle preference loaded: mode=lang, lang=ar-001
[17:23:36.080] Keyboard hook handle: 0x214D2
[17:23:36.081] Mouse hook handle: 0x114D4
[17:23:36.083] OnLoadedCore start
[17:23:38.201] ChildHwnd = 0x800F5C
[17:23:38.201] Calling AttachAsync
[17:23:38.331] AttachAsync succeeded
[17:23:38.332] Connecting IPC to pipe: pitflix-wid-032664d4199d472eac4054bd0594ebde
[17:23:38.366] MpvIpcClient connected to \\.\pipe\pitflix-wid-032664d4199d472eac4054bd0594ebde
[17:23:38.508] OnLoadedCore complete
[17:23:38.812] BuildFolderPlaylist: scanned 28 video file(s) in 'F:\Series\Engilsh'
[17:23:38.813] BuildFolderPlaylist: queued 28 files; current at idx 12 — prev/next now visible
[17:23:41.429] ApplyPreferredSubtitle: no track matches lang='ar-001' — leaving mpv default
[17:23:41.568] Session stopped — closing
[17:23:41.580] MpvIpcClient disposed
[17:23:41.580] Window closed
[17:28:25.555] App starting
[17:28:25.572] Subtitle preference loaded: mode=lang, lang=ar-001
[17:28:26.163] Keyboard hook handle: 0xEEE0687
[17:28:26.163] Mouse hook handle: 0x17010273
[17:28:26.166] OnLoadedCore start
[17:28:28.262] ChildHwnd = 0x710C2
[17:28:28.262] Calling AttachAsync
[17:28:28.404] AttachAsync succeeded
[17:28:28.404] Connecting IPC to pipe: pitflix-wid-ff5625c3d80243a3af07375d67a8823c
[17:28:28.436] MpvIpcClient connected to \\.\pipe\pitflix-wid-ff5625c3d80243a3af07375d67a8823c
[17:28:28.574] OnLoadedCore complete
[17:28:28.883] BuildFolderPlaylist: scanned 28 video file(s) in 'F:\Series\Engilsh'
[17:28:28.885] BuildFolderPlaylist: queued 28 files; current at idx 12 — prev/next now visible
[17:28:31.497] ApplyPreferredSubtitle: no track matches lang='ar-001' — leaving mpv default
[17:28:31.500] ApplyPreferredSubtitle: no track matches lang='ar-001' — leaving mpv default
[17:28:53.897] MpvIpcClient disposed
[17:28:53.898] Window closed
[17:29:19.087] App starting
[17:29:19.100] Subtitle preference loaded: mode=lang, lang=ar-001
[17:29:19.647] Keyboard hook handle: 0x11122D
[17:29:19.647] Mouse hook handle: 0xB10C7
[17:29:19.649] OnLoadedCore start
[17:29:21.757] ChildHwnd = 0x213A8
[17:29:21.757] Calling AttachAsync
[17:29:21.898] AttachAsync succeeded
[17:29:21.898] Connecting IPC to pipe: pitflix-wid-6256d6d346cc4dc3b59dd19150cd7221
[17:29:21.931] MpvIpcClient connected to \\.\pipe\pitflix-wid-6256d6d346cc4dc3b59dd19150cd7221
[17:29:22.071] OnLoadedCore complete
[17:29:22.386] BuildFolderPlaylist: scanned 28 video file(s) in 'F:\Series\Engilsh'
[17:29:22.387] BuildFolderPlaylist: queued 28 files; current at idx 12 — prev/next now visible
[17:29:24.991] ApplyPreferredSubtitle: no track matches lang='ar-001' — leaving mpv default
[17:29:24.992] ApplyPreferredSubtitle: no track matches lang='ar-001' — leaving mpv default
[17:29:36.144] MpvIpcClient disposed
[17:29:36.144] Window closed
[17:51:41.725] App starting
[17:51:41.757] Subtitle preference loaded: mode=lang, lang=ar-001
[17:51:42.275] Keyboard hook handle: 0x6C0FF5
[17:51:42.276] Mouse hook handle: 0x1D10AAB
[17:51:42.279] OnLoadedCore start
[17:51:44.520] ChildHwnd = 0x16100A
[17:51:44.521] Calling AttachAsync
[17:51:44.796] AttachAsync succeeded
[17:51:44.796] Connecting IPC to pipe: pitflix-wid-36ec5b15c23d492a81d5435256314d00
[17:51:44.851] MpvIpcClient connected to \\.\pipe\pitflix-wid-36ec5b15c23d492a81d5435256314d00
[17:51:45.042] OnLoadedCore complete
[17:51:45.348] BuildFolderPlaylist: scanned 28 video file(s) in 'F:\Series\Engilsh'
[17:51:45.350] BuildFolderPlaylist: queued 28 files; current at idx 12 — prev/next now visible
[17:51:47.104] Session stopped — closing
[17:51:47.986] ApplyPreferredSubtitle: no track matches lang='ar-001' — leaving mpv default
[17:51:48.106] Session stopped — closing
[17:51:48.649] MpvIpcClient disposed
[17:51:48.650] Window closed
[17:51:54.466] App starting
[17:51:54.487] Subtitle preference loaded: mode=lang, lang=ar-001
[17:51:55.339] Keyboard hook handle: 0x2C30FB3
[17:51:55.339] Mouse hook handle: 0xCB90DEF
[17:51:55.342] OnLoadedCore start
[17:51:57.478] ChildHwnd = 0xC0C88
[17:51:57.478] Calling AttachAsync
[17:51:57.734] AttachAsync succeeded
[17:51:57.735] Connecting IPC to pipe: pitflix-wid-9b070e9495c14760ac161c864be9149c
[17:51:57.779] MpvIpcClient connected to \\.\pipe\pitflix-wid-9b070e9495c14760ac161c864be9149c
[17:51:57.985] OnLoadedCore complete
[17:51:58.291] BuildFolderPlaylist: scanned 28 video file(s) in 'F:\Series\Engilsh'
[17:51:58.293] BuildFolderPlaylist: queued 28 files; current at idx 12 — prev/next now visible
[17:52:00.911] ApplyPreferredSubtitle: no track matches lang='ar-001' — leaving mpv default
[17:52:00.948] ApplyPreferredSubtitle: no track matches lang='ar-001' — leaving mpv default
[17:52:20.187] Session stopped — closing
[17:52:20.730] MpvIpcClient disposed
[17:52:20.730] Window closed
[17:52:26.762] App starting
[17:52:26.781] Subtitle preference loaded: mode=lang, lang=ar-001
[17:52:27.535] Keyboard hook handle: 0x8ED0C2B
[17:52:27.536] Mouse hook handle: 0x1FC111D
[17:52:27.538] OnLoadedCore start
[17:52:29.681] ChildHwnd = 0xC10E2
[17:52:29.681] Calling AttachAsync
[17:52:29.964] AttachAsync succeeded
[17:52:29.964] Connecting IPC to pipe: pitflix-wid-68c7b9a84da44266b8d3047a8827d8e0
[17:52:30.031] MpvIpcClient connected to \\.\pipe\pitflix-wid-68c7b9a84da44266b8d3047a8827d8e0
[17:52:30.216] OnLoadedCore complete
[17:52:30.528] BuildFolderPlaylist: scanned 28 video file(s) in 'F:\Series\Engilsh'
[17:52:30.529] BuildFolderPlaylist: queued 28 files; current at idx 12 — prev/next now visible
[17:52:32.267] Session stopped — closing
[17:52:33.140] ApplyPreferredSubtitle: no track matches lang='ar-001' — leaving mpv default
[17:52:33.270] Session stopped — closing
[17:52:33.796] MpvIpcClient disposed
[17:52:33.797] Window closed
[22:08:38.325] App starting
[22:08:38.354] Subtitle preference loaded: mode=lang, lang=ar-001
[22:08:38.698] Keyboard hook handle: 0x8280311
[22:08:38.698] Mouse hook handle: 0xEE119D
[22:08:38.700] OnLoadedCore start
[22:08:40.803] ChildHwnd = 0x520FB6
[22:08:40.804] Calling AttachAsync
[22:08:40.824] AttachAsync failed: Response status code does not indicate success: 500 (Internal Server Error).
[22:08:51.503] Connecting IPC to pipe: pitflix-player-4a3c73f188064ce9b773d838d6b8b510
[22:09:06.541] OnLoadedCore complete
[22:09:06.703] BuildFolderPlaylist: scanned 1 video file(s) in 'F:\Movies\اجنبي\Puss.in.Boots.The.Last.Wish.2022.1080p.10bit.WEBRip.6CH.x265.HEVC-PSA'
[22:09:06.704] BuildFolderPlaylist: only 1 video; leaving prev/next hidden
[22:09:09.271] ApplyPreferredSubtitle: no track matches lang='ar-001' — leaving mpv default
[22:09:11.582] Session stopped — closing
[22:09:11.782] ApplyPreferredSubtitle: no track matches lang='ar-001' — leaving mpv default
[22:09:12.365] MpvIpcClient disposed
[22:09:12.365] Window closed
[22:09:20.596] App starting
[22:09:20.605] Subtitle preference loaded: mode=lang, lang=ar-001
[22:09:20.974] Keyboard hook handle: 0xC108B
[22:09:20.975] Mouse hook handle: 0x711CD
[22:09:20.976] OnLoadedCore start
[22:09:23.092] ChildHwnd = 0x60DAC
[22:09:23.092] Calling AttachAsync
[22:09:23.101] AttachAsync failed: Response status code does not indicate success: 500 (Internal Server Error).
[22:09:25.537] Connecting IPC to pipe: pitflix-player-0f8663829ef94827a7d73c8b583467dd
[22:09:44.007] OnLoadedCore complete
[22:09:44.162] BuildFolderPlaylist: scanned 1 video file(s) in 'F:\Movies\اجنبي\Puss.in.Boots.The.Last.Wish.2022.1080p.10bit.WEBRip.6CH.x265.HEVC-PSA'
[22:09:44.162] BuildFolderPlaylist: only 1 video; leaving prev/next hidden
[22:09:46.731] ApplyPreferredSubtitle: no track matches lang='ar-001' — leaving mpv default
[22:09:49.229] ApplyPreferredSubtitle: no track matches lang='ar-001' — leaving mpv default
[22:10:07.197] Session stopped — closing
[22:10:07.869] MpvIpcClient disposed
[22:10:07.870] Window closed
[22:20:48.947] App starting
[22:20:48.955] Subtitle preference loaded: mode=lang, lang=ar-001
[22:20:49.283] Keyboard hook handle: 0x32511AF
[22:20:49.316] Mouse hook handle: 0x3EF1359
[22:20:49.318] OnLoadedCore start
[22:20:51.423] ChildHwnd = 0xA118A
[22:20:51.423] Calling AttachAsync
[22:20:51.595] AttachAsync succeeded
[22:20:51.595] Connecting IPC to pipe: pitflix-wid-8c6699a119c24f82bf170080d23b7550
[22:20:51.631] MpvIpcClient connected to \\.\pipe\pitflix-wid-8c6699a119c24f82bf170080d23b7550
[22:20:51.797] OnLoadedCore complete
[22:20:51.958] BuildFolderPlaylist: scanned 1 video file(s) in 'F:\Movies\اجنبي\Puss.in.Boots.The.Last.Wish.2022.1080p.10bit.WEBRip.6CH.x265.HEVC-PSA'
[22:20:51.958] BuildFolderPlaylist: only 1 video; leaving prev/next hidden
[22:20:54.517] ApplyPreferredSubtitle: no track matches lang='ar-001' — leaving mpv default
[22:20:54.519] ApplyPreferredSubtitle: no track matches lang='ar-001' — leaving mpv default
[22:22:14.446] Session stopped — closing
[22:22:15.260] MpvIpcClient disposed
[22:22:15.260] Window closed
[22:22:20.454] App starting
[22:22:20.466] Subtitle preference loaded: mode=lang, lang=ar-001
[22:22:21.038] Keyboard hook handle: 0xB21113
[22:22:21.039] Mouse hook handle: 0x34A1111
[22:22:21.042] OnLoadedCore start
[22:22:23.147] ChildHwnd = 0x2B0A10
[22:22:23.147] Calling AttachAsync
[22:22:23.305] AttachAsync succeeded
[22:22:23.305] Connecting IPC to pipe: pitflix-wid-8ef6be11728a402bb9c4d30eec7e7a5f
[22:22:23.338] MpvIpcClient connected to \\.\pipe\pitflix-wid-8ef6be11728a402bb9c4d30eec7e7a5f
[22:22:23.510] OnLoadedCore complete
[22:22:23.661] BuildFolderPlaylist: scanned 1 video file(s) in 'F:\Movies\اجنبي\Puss.in.Boots.The.Last.Wish.2022.1080p.10bit.WEBRip.6CH.x265.HEVC-PSA'
[22:22:23.661] BuildFolderPlaylist: only 1 video; leaving prev/next hidden
[22:22:26.229] ApplyPreferredSubtitle: no track matches lang='ar-001' — leaving mpv default
[22:22:26.229] ApplyPreferredSubtitle: no track matches lang='ar-001' — leaving mpv default
[22:22:38.685] Session stopped — closing
[22:22:39.318] MpvIpcClient disposed
[22:22:39.318] Window closed
[22:22:47.603] App starting
[22:22:47.613] Subtitle preference loaded: mode=lang, lang=ar-001
[22:22:48.182] Keyboard hook handle: 0xA491105
[22:22:48.183] Mouse hook handle: 0x1E7F0B47
[22:22:48.185] OnLoadedCore start
[22:22:50.277] ChildHwnd = 0xE0D9C
[22:22:50.277] Calling AttachAsync
[22:22:50.406] AttachAsync succeeded
[22:22:50.406] Connecting IPC to pipe: pitflix-wid-a1b7fe0764484a3986ed2824a0fc7dca
[22:22:50.440] MpvIpcClient connected to \\.\pipe\pitflix-wid-a1b7fe0764484a3986ed2824a0fc7dca
[22:22:50.592] OnLoadedCore complete
[22:22:50.753] BuildFolderPlaylist: scanned 1 video file(s) in 'F:\Movies\اجنبي\Puss.in.Boots.The.Last.Wish.2022.1080p.10bit.WEBRip.6CH.x265.HEVC-PSA'
[22:22:50.753] BuildFolderPlaylist: only 1 video; leaving prev/next hidden
[22:22:53.302] ApplyPreferredSubtitle: no track matches lang='ar-001' — leaving mpv default
[22:22:53.303] ApplyPreferredSubtitle: no track matches lang='ar-001' — leaving mpv default
[22:23:11.770] Session stopped — closing
[22:23:12.814] MpvIpcClient disposed
[22:23:12.814] Window closed
[22:23:20.945] App starting
[22:23:20.953] Subtitle preference loaded: mode=lang, lang=ar-001
[22:23:21.500] Keyboard hook handle: 0x240C03FF
[22:23:21.501] Mouse hook handle: 0x1A121061
[22:23:21.504] OnLoadedCore start
[22:23:23.607] ChildHwnd = 0x100F3C
[22:23:23.608] Calling AttachAsync
[22:23:23.737] AttachAsync succeeded
[22:23:23.737] Connecting IPC to pipe: pitflix-wid-c7171c18733b4328aff46428d02e0d5e
[22:23:23.771] MpvIpcClient connected to \\.\pipe\pitflix-wid-c7171c18733b4328aff46428d02e0d5e
[22:23:23.923] OnLoadedCore complete
[22:23:24.081] BuildFolderPlaylist: scanned 1 video file(s) in 'F:\Movies\اجنبي\Puss.in.Boots.The.Last.Wish.2022.1080p.10bit.WEBRip.6CH.x265.HEVC-PSA'
[22:23:24.081] BuildFolderPlaylist: only 1 video; leaving prev/next hidden
[22:23:26.650] ApplyPreferredSubtitle: no track matches lang='ar-001' — leaving mpv default
[22:23:26.651] ApplyPreferredSubtitle: no track matches lang='ar-001' — leaving mpv default
[22:24:06.247] Session stopped — closing
[22:24:07.104] MpvIpcClient disposed
[22:24:07.104] Window closed
[22:24:13.068] App starting
[22:24:13.077] Subtitle preference loaded: mode=lang, lang=ar-001
[22:24:13.625] Keyboard hook handle: 0x128130D
[22:24:13.626] Mouse hook handle: 0x10F70DCD
[22:24:13.629] OnLoadedCore start
[22:24:15.733] ChildHwnd = 0x101110
[22:24:15.733] Calling AttachAsync
[22:24:15.877] AttachAsync succeeded
[22:24:15.877] Connecting IPC to pipe: pitflix-wid-1597e2fe62754e038d1bfae9386d873b
[22:24:15.910] MpvIpcClient connected to \\.\pipe\pitflix-wid-1597e2fe62754e038d1bfae9386d873b
[22:24:16.075] OnLoadedCore complete
[22:24:16.235] BuildFolderPlaylist: scanned 1 video file(s) in 'F:\Movies\اجنبي\Puss.in.Boots.The.Last.Wish.2022.1080p.10bit.WEBRip.6CH.x265.HEVC-PSA'
[22:24:16.235] BuildFolderPlaylist: only 1 video; leaving prev/next hidden
[22:24:18.789] ApplyPreferredSubtitle: no track matches lang='ar-001' — leaving mpv default
[22:24:18.790] ApplyPreferredSubtitle: no track matches lang='ar-001' — leaving mpv default
[22:27:01.296] Session stopped — closing
[22:27:02.346] MpvIpcClient disposed
[22:27:02.346] Window closed
[22:38:44.753] App starting
[22:38:44.764] Subtitle preference loaded: mode=lang, lang=ar-001
[22:38:45.145] Keyboard hook handle: 0xA661105
[22:38:45.146] Mouse hook handle: 0x8FC1175
[22:38:45.147] OnLoadedCore start
[22:38:47.247] ChildHwnd = 0x240A4C
[22:38:47.247] Calling AttachAsync
[22:38:47.262] AttachAsync succeeded
[22:38:47.262] Connecting IPC to pipe: pitflix-wid-1f269a8d002045a49416c9249b1a4767
[22:38:47.301] MpvIpcClient connected to \\.\pipe\pitflix-wid-1f269a8d002045a49416c9249b1a4767
[22:38:47.446] OnLoadedCore complete
[22:38:47.609] BuildFolderPlaylist: scanned 1 video file(s) in 'F:\Movies\اجنبي\Puss.in.Boots.The.Last.Wish.2022.1080p.10bit.WEBRip.6CH.x265.HEVC-PSA'
[22:38:47.609] BuildFolderPlaylist: only 1 video; leaving prev/next hidden
[22:38:49.491] Session stopped — closing
[22:38:50.171] ApplyPreferredSubtitle: no track matches lang='ar-001' — leaving mpv default
[22:38:50.503] Session stopped — closing
[22:38:51.010] MpvIpcClient disposed
[22:38:51.011] Window closed
[22:39:05.545] App starting
[22:39:05.556] Subtitle preference loaded: mode=lang, lang=ar-001
[22:39:06.191] Keyboard hook handle: 0x167F0D27
[22:39:06.192] Mouse hook handle: 0x1EE11D1
[22:39:06.194] OnLoadedCore start
[22:39:08.308] ChildHwnd = 0x1010D4
[22:39:08.308] Calling AttachAsync
[22:39:08.319] AttachAsync succeeded
[22:39:08.320] Connecting IPC to pipe: pitflix-wid-d3d1e092e6254a5ba7f49d05d6eaff23
[22:39:08.347] MpvIpcClient connected to \\.\pipe\pitflix-wid-d3d1e092e6254a5ba7f49d05d6eaff23
[22:39:08.524] OnLoadedCore complete
[22:39:08.685] BuildFolderPlaylist: scanned 1 video file(s) in 'F:\Movies\اجنبي\Puss.in.Boots.The.Last.Wish.2022.1080p.10bit.WEBRip.6CH.x265.HEVC-PSA'
[22:39:08.685] BuildFolderPlaylist: only 1 video; leaving prev/next hidden
[22:39:10.561] Session stopped — closing
[22:39:11.247] ApplyPreferredSubtitle: no track matches lang='ar-001' — leaving mpv default
[22:39:11.569] Session stopped — closing
[22:39:12.102] MpvIpcClient disposed
[22:39:12.102] Window closed
[22:39:30.771] App starting
[22:39:30.783] Subtitle preference loaded: mode=lang, lang=ar-001
[22:39:31.330] Keyboard hook handle: 0x1A61243
[22:39:31.330] Mouse hook handle: 0xF310FD
[22:39:31.332] OnLoadedCore start
[22:39:33.421] ChildHwnd = 0x260A4C
[22:39:33.421] Calling AttachAsync
[22:39:33.432] AttachAsync succeeded
[22:39:33.432] Connecting IPC to pipe: pitflix-wid-66b6d1e3c4f647dab8318beafc2a383a
[22:39:33.458] MpvIpcClient connected to \\.\pipe\pitflix-wid-66b6d1e3c4f647dab8318beafc2a383a
[22:39:33.622] OnLoadedCore complete
[22:39:33.783] BuildFolderPlaylist: scanned 1 video file(s) in 'F:\Movies\اجنبي\Puss.in.Boots.The.Last.Wish.2022.1080p.10bit.WEBRip.6CH.x265.HEVC-PSA'
[22:39:33.783] BuildFolderPlaylist: only 1 video; leaving prev/next hidden
[22:39:35.658] Session stopped — closing
[22:39:36.344] ApplyPreferredSubtitle: no track matches lang='ar-001' — leaving mpv default
[22:39:36.665] Session stopped — closing
[22:39:37.186] MpvIpcClient disposed
[22:39:37.186] Window closed
[22:45:12.135] App starting
[22:45:12.147] Subtitle preference loaded: mode=lang, lang=ar-001
[22:45:12.816] Keyboard hook handle: 0x18640E21
[22:45:12.961] Mouse hook handle: 0xA700FB5
[22:45:12.962] OnLoadedCore start
[22:45:15.075] ChildHwnd = 0x90F56
[22:45:15.075] Calling AttachAsync
[22:45:15.090] AttachAsync succeeded
[22:45:15.091] Connecting IPC to pipe: pitflix-wid-537ea701f53f4310bfcf761c29514c34
[22:45:15.125] MpvIpcClient connected to \\.\pipe\pitflix-wid-537ea701f53f4310bfcf761c29514c34
[22:45:15.292] OnLoadedCore complete
[22:45:15.452] BuildFolderPlaylist: scanned 1 video file(s) in 'F:\Movies\اجنبي\Puss.in.Boots.The.Last.Wish.2022.1080p.10bit.WEBRip.6CH.x265.HEVC-PSA'
[22:45:15.452] BuildFolderPlaylist: only 1 video; leaving prev/next hidden
[22:45:18.013] ApplyPreferredSubtitle: no track matches lang='ar-001' — leaving mpv default
[22:45:18.015] ApplyPreferredSubtitle: no track matches lang='ar-001' — leaving mpv default
[22:45:54.653] Session stopped — closing
[22:45:55.327] MpvIpcClient disposed
[22:45:55.327] Window closed
[22:46:08.025] App starting
[22:46:08.038] Subtitle preference loaded: mode=lang, lang=ar-001
[22:46:08.577] Keyboard hook handle: 0x7A01113
[22:46:08.578] Mouse hook handle: 0xBF90723
[22:46:08.579] OnLoadedCore start
[22:46:10.662] ChildHwnd = 0x200F4C
[22:46:10.663] Calling AttachAsync
[22:46:10.674] AttachAsync succeeded
[22:46:10.674] Connecting IPC to pipe: pitflix-wid-43d9f19ac10a4ee1be476f758447b753
[22:46:10.715] MpvIpcClient connected to \\.\pipe\pitflix-wid-43d9f19ac10a4ee1be476f758447b753
[22:46:10.870] OnLoadedCore complete
[22:46:11.024] BuildFolderPlaylist: scanned 1 video file(s) in 'F:\Movies\اجنبي\Puss.in.Boots.The.Last.Wish.2022.1080p.10bit.WEBRip.6CH.x265.HEVC-PSA'
[22:46:11.025] BuildFolderPlaylist: only 1 video; leaving prev/next hidden
[22:46:13.602] ApplyPreferredSubtitle: no track matches lang='ar-001' — leaving mpv default
[22:46:13.602] ApplyPreferredSubtitle: no track matches lang='ar-001' — leaving mpv default
[22:58:44.348] App starting
[22:58:44.360] Subtitle preference loaded: mode=lang, lang=ar-001
[22:58:44.745] Keyboard hook handle: 0x65B124D
[22:58:44.746] Mouse hook handle: 0x6B5115B
[22:58:44.748] OnLoadedCore start
[22:58:46.832] ChildHwnd = 0x13065E
[22:58:46.833] Calling AttachAsync
[22:58:46.847] AttachAsync succeeded
[22:58:46.847] Connecting IPC to pipe: pitflix-wid-28730dbac516454f830dcb855029b869
[22:58:46.887] MpvIpcClient connected to \\.\pipe\pitflix-wid-28730dbac516454f830dcb855029b869
[22:58:47.054] OnLoadedCore complete
[22:58:47.207] BuildFolderPlaylist: scanned 1 video file(s) in 'F:\Movies\اجنبي\Puss.in.Boots.The.Last.Wish.2022.1080p.10bit.WEBRip.6CH.x265.HEVC-PSA'
[22:58:47.208] BuildFolderPlaylist: only 1 video; leaving prev/next hidden
[22:58:49.776] ApplyPreferredSubtitle: no track matches lang='ar-001' — leaving mpv default
[22:58:49.777] ApplyPreferredSubtitle: no track matches lang='ar-001' — leaving mpv default
[22:59:02.194] Session stopped — closing
[22:59:03.011] MpvIpcClient disposed
[22:59:03.011] Window closed
[23:10:02.097] App starting
[23:10:02.104] Subtitle preference loaded: mode=lang, lang=ar-001
[23:10:02.521] Keyboard hook handle: 0xC129F
[23:10:02.522] Mouse hook handle: 0xB1201
[23:10:02.524] OnLoadedCore start
[23:10:04.627] ChildHwnd = 0x17001A
[23:10:04.628] Calling AttachAsync
[23:10:04.646] AttachAsync succeeded
[23:10:04.647] Connecting IPC to pipe: pitflix-wid-3c1f6a2931ba4205a9a8bbfd3a4ecdf8
[23:10:04.686] MpvIpcClient connected to \\.\pipe\pitflix-wid-3c1f6a2931ba4205a9a8bbfd3a4ecdf8
[23:10:04.875] OnLoadedCore complete
[23:10:05.040] BuildFolderPlaylist: scanned 1 video file(s) in 'F:\Movies\اجنبي\Puss.in.Boots.The.Last.Wish.2022.1080p.10bit.WEBRip.6CH.x265.HEVC-PSA'
[23:10:05.041] BuildFolderPlaylist: only 1 video; leaving prev/next hidden
[23:10:07.600] ApplyPreferredSubtitle: no track matches lang='ar-001' — leaving mpv default
[23:10:07.602] ApplyPreferredSubtitle: no track matches lang='ar-001' — leaving mpv default
[23:11:13.401] Session stopped — entering pre-warm hide
[23:11:14.619] MpvIpcClient disposed
[23:11:14.619] Window closed
[23:12:21.500] App starting
[23:12:21.507] Subtitle preference loaded: mode=default, lang=(none)
[23:12:21.951] Keyboard hook handle: 0x157610B5
[23:12:21.951] Mouse hook handle: 0x262122B
[23:12:21.954] OnLoadedCore start
[23:12:24.043] ChildHwnd = 0x240388
[23:12:24.043] Calling AttachAsync
[23:12:24.055] AttachAsync succeeded
[23:12:24.055] Connecting IPC to pipe: pitflix-wid-4922cfad05154b61872b22f268cb9723
[23:12:24.099] MpvIpcClient connected to \\.\pipe\pitflix-wid-4922cfad05154b61872b22f268cb9723
[23:12:24.267] OnLoadedCore complete
[23:12:24.420] BuildFolderPlaylist: scanned 1 video file(s) in 'F:\Movies\اجنبي\Puss.in.Boots.The.Last.Wish.2022.1080p.10bit.WEBRip.6CH.x265.HEVC-PSA'
[23:12:24.420] BuildFolderPlaylist: only 1 video; leaving prev/next hidden
[23:14:15.096] Session stopped — entering pre-warm hide
[23:14:15.887] MpvIpcClient disposed
[23:14:15.887] Window closed
[23:14:26.032] App starting
[23:14:26.037] Subtitle preference loaded: mode=default, lang=(none)
[23:14:26.452] Keyboard hook handle: 0x68A11A3
[23:14:26.453] Mouse hook handle: 0x2032076F
[23:14:26.455] OnLoadedCore start
[23:14:28.563] ChildHwnd = 0x2D0FB2
[23:14:28.564] Calling AttachAsync
[23:14:28.579] AttachAsync succeeded
[23:14:28.579] Connecting IPC to pipe: pitflix-wid-00681ef718a242caa595c4a09344addf
[23:14:28.611] MpvIpcClient connected to \\.\pipe\pitflix-wid-00681ef718a242caa595c4a09344addf
[23:14:28.762] OnLoadedCore complete
[23:14:28.918] BuildFolderPlaylist: scanned 29 video file(s) in 'F:\Series\Engilsh\The Pitt'
[23:14:28.920] BuildFolderPlaylist: queued 29 files; current at idx 27 — prev/next now visible
[23:14:35.965] ShellThumbnail: mpv produced no output for 'F:\Series\Engilsh\The Pitt\The Pitt S02E10 720p 10bit WEBRip 2CH x265 HEVC-PSA.mkv'
[23:14:35.973] ShellThumbnail: mpv produced no output for 'F:\Series\Engilsh\The Pitt\The Pitt S02E12 720p 10bit WEBRip 2CH x265 HEVC-PSA.mkv'
[23:14:36.076] ShellThumbnail: mpv produced no output for 'F:\Series\Engilsh\The Pitt\The Pitt S02E09 720p 10bit WEBRip 2CH x265 HEVC-PSA.mkv'
[23:14:36.458] ShellThumbnail: mpv produced no output for 'F:\Series\Engilsh\The Pitt\The Pitt S02E08 720p 10bit WEBRip 2CH x265 HEVC-PSA.mkv'
[23:14:36.477] ShellThumbnail: mpv produced no output for 'F:\Series\Engilsh\The Pitt\The Pitt S02E15 720p 10bit WEBRip 2CH x265 HEVC-PSA.mkv'
[23:14:36.562] ShellThumbnail: mpv produced no output for 'F:\Series\Engilsh\The Pitt\The Pitt S02E14 720p 10bit WEBRip 2CH x265 HEVC-PSA.mkv'
[23:14:36.580] ShellThumbnail: mpv produced no output for 'F:\Series\Engilsh\The Pitt\The Pitt S02E05 720p 10bit WEBRip 2CH x265 HEVC-PSA.mkv'
[23:14:36.888] ShellThumbnail: mpv produced no output for 'F:\Series\Engilsh\The Pitt\The.Pitt.S01E03.720p.10bit.WEBRip.2CH.x265.HEVC-PSA.mkv'
[23:14:37.316] ShellThumbnail: mpv produced no output for 'F:\Series\Engilsh\The Pitt\The.Pitt.S01E01.720p.10bit.WEBRip.2CH.x265.HEVC-PSA.mkv'
[23:14:37.337] ShellThumbnail: mpv produced no output for 'F:\Series\Engilsh\The Pitt\The.Pitt.S01E05.720p.10bit.WEBRip.2CH.x265.HEVC-PSA.mkv'
[23:14:37.422] ShellThumbnail: mpv produced no output for 'F:\Series\Engilsh\The Pitt\The.Pitt.S01E04.720p.10bit.WEBRip.2CH.x265.HEVC-PSA.mkv'
[23:14:37.613] ShellThumbnail: mpv produced no output for 'F:\Series\Engilsh\The Pitt\The.Pitt.S01E06.720p.10bit.WEBRip.2CH.x265.HEVC-PSA.mkv'
[23:14:37.627] ShellThumbnail: mpv produced no output for 'F:\Series\Engilsh\The Pitt\The Pitt S02E13 720p 10bit WEBRip 2CH x265 HEVC-PSA.mkv'
[23:14:38.343] ShellThumbnail: mpv produced no output for 'F:\Series\Engilsh\The Pitt\The.Pitt.S01E07.720p.10bit.WEBRip.2CH.x265.HEVC-PSA.mkv'
[23:14:38.373] ShellThumbnail: mpv produced no output for 'F:\Series\Engilsh\The Pitt\The.Pitt.S01E09.720p.10bit.WEBRip.2CH.x265.HEVC-PSA.mkv'
[23:14:38.398] ShellThumbnail: mpv produced no output for 'F:\Series\Engilsh\The Pitt\The.Pitt.S01E11.720p.10bit.WEBRip.2CH.x265.HEVC-PSA.mkv'
[23:14:38.402] ShellThumbnail: mpv produced no output for 'F:\Series\Engilsh\The Pitt\The.Pitt.S01E10.720p.10bit.WEBRip.2CH.x265.HEVC-PSA.mkv'
[23:14:38.885] ShellThumbnail: mpv produced no output for 'F:\Series\Engilsh\The Pitt\The.Pitt.S01E12.720p.10bit.WEBRip.2CH.x265.HEVC-PSA.mkv'
[23:14:38.887] ShellThumbnail: mpv produced no output for 'F:\Series\Engilsh\The Pitt\The.Pitt.S01E13.720p.10bit.WEBRip.2CH.x265.HEVC-PSA.mkv'
[23:14:39.434] ShellThumbnail: mpv produced no output for 'F:\Series\Engilsh\The Pitt\The Pitt S02E07 720p 10bit WEBRip 2CH x265 HEVC-PSA.mkv'
[23:14:39.465] ShellThumbnail: mpv produced no output for 'F:\Series\Engilsh\The Pitt\The.Pitt.S02E01.720p.10bit.WEBRip.2CH.x265.HEVC-PSA.mkv'
[23:14:39.476] ShellThumbnail: mpv produced no output for 'F:\Series\Engilsh\The Pitt\The.Pitt.S01E15.720p.10bit.WEBRip.2CH.x265.HEVC-PSA.mkv'
[23:14:39.586] ShellThumbnail: mpv produced no output for 'F:\Series\Engilsh\The Pitt\The.Pitt.S01E14.720p.10bit.WEBRip.2CH.x265.HEVC-PSA.mkv'
[23:14:39.707] ShellThumbnail: mpv produced no output for 'F:\Series\Engilsh\The Pitt\The Pitt S02E06 720p 10bit WEBRip 2CH x265 HEVC-PSA.mkv'
[23:14:39.721] ShellThumbnail: mpv produced no output for 'F:\Series\Engilsh\The Pitt\The.Pitt.S02E02.720p.10bit.WEBRip.2CH.x265.HEVC-PSA.mkv'
[23:14:40.162] ShellThumbnail: mpv produced no output for 'F:\Series\Engilsh\The Pitt\The.Pitt.S02E04.720p.10bit.WEBRip.2CH.x265.HEVC-PSA.mkv'
[23:14:43.496] ShellThumbnail: mpv produced no output for 'F:\Series\Engilsh\The Pitt\The Pitt S02E14 720p 10bit WEBRip 2CH x265 HEVC-PSA.mkv'
[23:14:43.650] ShellThumbnail: mpv produced no output for 'F:\Series\Engilsh\The Pitt\The.Pitt.S01E02.720p.10bit.WEBRip.2CH.x265.HEVC-PSA.mkv'
[23:14:43.702] ShellThumbnail: mpv produced no output for 'F:\Series\Engilsh\The Pitt\The Pitt S02E15 720p 10bit WEBRip 2CH x265 HEVC-PSA.mkv'
[23:14:43.837] ShellThumbnail: mpv produced no output for 'F:\Series\Engilsh\The Pitt\The.Pitt.S01E01.720p.10bit.WEBRip.2CH.x265.HEVC-PSA.mkv'
[23:14:43.860] ShellThumbnail: mpv produced no output for 'F:\Series\Engilsh\The Pitt\The Pitt S02E13 720p 10bit WEBRip 2CH x265 HEVC-PSA.mkv'
[23:14:44.021] ShellThumbnail: mpv produced no output for 'F:\Series\Engilsh\The Pitt\The Pitt S02E09 720p 10bit WEBRip 2CH x265 HEVC-PSA.mkv'
[23:14:44.208] ShellThumbnail: mpv produced no output for 'F:\Series\Engilsh\The Pitt\The Pitt S02E12 720p 10bit WEBRip 2CH x265 HEVC-PSA.mkv'
[23:14:44.690] ShellThumbnail: mpv produced no output for 'F:\Series\Engilsh\The Pitt\The Pitt S02E10 720p 10bit WEBRip 2CH x265 HEVC-PSA.mkv'
[23:14:44.725] ShellThumbnail: mpv produced no output for 'F:\Series\Engilsh\The Pitt\The.Pitt.S01E03.720p.10bit.WEBRip.2CH.x265.HEVC-PSA.mkv'
[23:14:44.784] ShellThumbnail: mpv produced no output for 'F:\Series\Engilsh\The Pitt\The.Pitt.S01E05.720p.10bit.WEBRip.2CH.x265.HEVC-PSA.mkv'
[23:14:44.820] ShellThumbnail: mpv produced no output for 'F:\Series\Engilsh\The Pitt\The.Pitt.S01E04.720p.10bit.WEBRip.2CH.x265.HEVC-PSA.mkv'
[23:14:45.073] ShellThumbnail: mpv produced no output for 'F:\Series\Engilsh\The Pitt\The.Pitt.S01E06.720p.10bit.WEBRip.2CH.x265.HEVC-PSA.mkv'
[23:14:45.179] ShellThumbnail: mpv produced no output for 'F:\Series\Engilsh\The Pitt\The.Pitt.S01E07.720p.10bit.WEBRip.2CH.x265.HEVC-PSA.mkv'
[23:14:45.486] ShellThumbnail: mpv produced no output for 'F:\Series\Engilsh\The Pitt\The.Pitt.S01E09.720p.10bit.WEBRip.2CH.x265.HEVC-PSA.mkv'
[23:14:45.517] ShellThumbnail: mpv produced no output for 'F:\Series\Engilsh\The Pitt\The.Pitt.S01E08.720p.10bit.WEBRip.2CH.x265.HEVC-PSA.mkv'
[23:14:45.569] ShellThumbnail: mpv produced no output for 'F:\Series\Engilsh\The Pitt\The Pitt S02E06 720p 10bit WEBRip 2CH x265 HEVC-PSA.mkv'
[23:14:45.632] ShellThumbnail: mpv produced no output for 'F:\Series\Engilsh\The Pitt\The Pitt S02E03 720p 10bit WEBRip 2CH x265 HEVC-PSA.mkv'
[23:14:45.994] ShellThumbnail: mpv produced no output for 'F:\Series\Engilsh\The Pitt\The.Pitt.S01E11.720p.10bit.WEBRip.2CH.x265.HEVC-PSA.mkv'
[23:14:46.202] ShellThumbnail: mpv produced no output for 'F:\Series\Engilsh\The Pitt\The.Pitt.S01E10.720p.10bit.WEBRip.2CH.x265.HEVC-PSA.mkv'
[23:14:46.422] ShellThumbnail: mpv produced no output for 'F:\Series\Engilsh\The Pitt\The.Pitt.S01E12.720p.10bit.WEBRip.2CH.x265.HEVC-PSA.mkv'
[23:14:46.440] ShellThumbnail: mpv produced no output for 'F:\Series\Engilsh\The Pitt\The.Pitt.S01E13.720p.10bit.WEBRip.2CH.x265.HEVC-PSA.mkv'
[23:14:46.885] ShellThumbnail: mpv produced no output for 'F:\Series\Engilsh\The Pitt\The.Pitt.S01E15.720p.10bit.WEBRip.2CH.x265.HEVC-PSA.mkv'
[23:14:46.925] ShellThumbnail: mpv produced no output for 'F:\Series\Engilsh\The Pitt\The Pitt S02E05 720p 10bit WEBRip 2CH x265 HEVC-PSA.mkv'
[23:14:46.991] ShellThumbnail: mpv produced no output for 'F:\Series\Engilsh\The Pitt\The.Pitt.S02E01.720p.10bit.WEBRip.2CH.x265.HEVC-PSA.mkv'
[23:14:47.206] ShellThumbnail: mpv produced no output for 'F:\Series\Engilsh\The Pitt\The.Pitt.S01E14.720p.10bit.WEBRip.2CH.x265.HEVC-PSA.mkv'
[23:14:47.256] ShellThumbnail: mpv produced no output for 'F:\Series\Engilsh\The Pitt\The.Pitt.S02E04.720p.10bit.WEBRip.2CH.x265.HEVC-PSA.mkv'
[23:14:47.318] ShellThumbnail: mpv produced no output for 'F:\Series\Engilsh\The Pitt\The Pitt S02E08 720p 10bit WEBRip 2CH x265 HEVC-PSA.mkv'
[23:14:47.319] ShellThumbnail: mpv produced no output for 'F:\Series\Engilsh\The Pitt\The.Pitt.S02E02.720p.10bit.WEBRip.2CH.x265.HEVC-PSA.mkv'
[23:14:47.525] ShellThumbnail: mpv produced no output for 'F:\Series\Engilsh\The Pitt\The Pitt S02E07 720p 10bit WEBRip 2CH x265 HEVC-PSA.mkv'
[23:14:52.165] ShellThumbnail: mpv produced no output for 'F:\Series\Engilsh\The Pitt\The Pitt S02E15 720p 10bit WEBRip 2CH x265 HEVC-PSA.mkv'
[23:14:52.222] ShellThumbnail: mpv produced no output for 'F:\Series\Engilsh\The Pitt\The Pitt S02E14 720p 10bit WEBRip 2CH x265 HEVC-PSA.mkv'
[23:14:52.339] ShellThumbnail: mpv produced no output for 'F:\Series\Engilsh\The Pitt\The Pitt S02E08 720p 10bit WEBRip 2CH x265 HEVC-PSA.mkv'
[23:14:52.779] ShellThumbnail: mpv produced no output for 'F:\Series\Engilsh\The Pitt\The Pitt S02E13 720p 10bit WEBRip 2CH x265 HEVC-PSA.mkv'
[23:14:52.792] ShellThumbnail: mpv produced no output for 'F:\Series\Engilsh\The Pitt\The.Pitt.S01E01.720p.10bit.WEBRip.2CH.x265.HEVC-PSA.mkv'
[23:14:52.815] ShellThumbnail: mpv produced no output for 'F:\Series\Engilsh\The Pitt\The Pitt S02E12 720p 10bit WEBRip 2CH x265 HEVC-PSA.mkv'
[23:14:52.836] ShellThumbnail: mpv produced no output for 'F:\Series\Engilsh\The Pitt\The Pitt S02E07 720p 10bit WEBRip 2CH x265 HEVC-PSA.mkv'
[23:14:53.082] ShellThumbnail: mpv produced no output for 'F:\Series\Engilsh\The Pitt\The Pitt S02E10 720p 10bit WEBRip 2CH x265 HEVC-PSA.mkv'
[23:14:53.380] ShellThumbnail: mpv produced no output for 'F:\Series\Engilsh\The Pitt\The.Pitt.S01E03.720p.10bit.WEBRip.2CH.x265.HEVC-PSA.mkv'
[23:14:53.473] ShellThumbnail: mpv produced no output for 'F:\Series\Engilsh\The Pitt\The.Pitt.S01E02.720p.10bit.WEBRip.2CH.x265.HEVC-PSA.mkv'
[23:14:53.502] ShellThumbnail: mpv produced no output for 'F:\Series\Engilsh\The Pitt\The Pitt S02E05 720p 10bit WEBRip 2CH x265 HEVC-PSA.mkv'
[23:14:53.603] ShellThumbnail: mpv produced no output for 'F:\Series\Engilsh\The Pitt\The.Pitt.S01E04.720p.10bit.WEBRip.2CH.x265.HEVC-PSA.mkv'
[23:14:53.832] ShellThumbnail: mpv produced no output for 'F:\Series\Engilsh\The Pitt\The Pitt S02E03 720p 10bit WEBRip 2CH x265 HEVC-PSA.mkv'
[23:14:53.844] ShellThumbnail: mpv produced no output for 'F:\Series\Engilsh\The Pitt\The.Pitt.S01E05.720p.10bit.WEBRip.2CH.x265.HEVC-PSA.mkv'
[23:14:53.957] ShellThumbnail: mpv produced no output for 'F:\Series\Engilsh\The Pitt\The.Pitt.S01E06.720p.10bit.WEBRip.2CH.x265.HEVC-PSA.mkv'
[23:14:54.046] ShellThumbnail: mpv produced no output for 'F:\Series\Engilsh\The Pitt\The.Pitt.S01E07.720p.10bit.WEBRip.2CH.x265.HEVC-PSA.mkv'
[23:14:54.050] ShellThumbnail: mpv produced no output for 'F:\Series\Engilsh\The Pitt\The.Pitt.S01E08.720p.10bit.WEBRip.2CH.x265.HEVC-PSA.mkv'
[23:14:54.254] ShellThumbnail: mpv produced no output for 'F:\Series\Engilsh\The Pitt\The Pitt S02E09 720p 10bit WEBRip 2CH x265 HEVC-PSA.mkv'
[23:14:54.466] ShellThumbnail: mpv produced no output for 'F:\Series\Engilsh\The Pitt\The.Pitt.S01E09.720p.10bit.WEBRip.2CH.x265.HEVC-PSA.mkv'
[23:14:54.641] ShellThumbnail: mpv produced no output for 'F:\Series\Engilsh\The Pitt\The.Pitt.S01E12.720p.10bit.WEBRip.2CH.x265.HEVC-PSA.mkv'
[23:14:54.650] ShellThumbnail: mpv produced no output for 'F:\Series\Engilsh\The Pitt\The.Pitt.S01E11.720p.10bit.WEBRip.2CH.x265.HEVC-PSA.mkv'
[23:14:54.683] ShellThumbnail: mpv produced no output for 'F:\Series\Engilsh\The Pitt\The.Pitt.S01E10.720p.10bit.WEBRip.2CH.x265.HEVC-PSA.mkv'
[23:14:54.739] ShellThumbnail: mpv produced no output for 'F:\Series\Engilsh\The Pitt\The.Pitt.S01E13.720p.10bit.WEBRip.2CH.x265.HEVC-PSA.mkv'
[23:14:55.155] ShellThumbnail: mpv produced no output for 'F:\Series\Engilsh\The Pitt\The Pitt S02E06 720p 10bit WEBRip 2CH x265 HEVC-PSA.mkv'
[23:14:55.592] ShellThumbnail: mpv produced no output for 'F:\Series\Engilsh\The Pitt\The.Pitt.S02E01.720p.10bit.WEBRip.2CH.x265.HEVC-PSA.mkv'
[23:14:55.631] ShellThumbnail: mpv produced no output for 'F:\Series\Engilsh\The Pitt\The.Pitt.S02E04.720p.10bit.WEBRip.2CH.x265.HEVC-PSA.mkv'
[23:14:55.673] ShellThumbnail: mpv produced no output for 'F:\Series\Engilsh\The Pitt\The.Pitt.S02E02.720p.10bit.WEBRip.2CH.x265.HEVC-PSA.mkv'
[23:14:55.702] ShellThumbnail: mpv produced no output for 'F:\Series\Engilsh\The Pitt\The.Pitt.S01E15.720p.10bit.WEBRip.2CH.x265.HEVC-PSA.mkv'
[23:14:56.022] ShellThumbnail: mpv produced no output for 'F:\Series\Engilsh\The Pitt\The.Pitt.S01E14.720p.10bit.WEBRip.2CH.x265.HEVC-PSA.mkv'
[23:15:00.281] Session stopped — entering pre-warm hide
[23:15:00.909] MpvIpcClient disposed
[23:15:00.910] Window closed
[23:22:49.621] App starting
[23:22:49.631] Subtitle preference loaded: mode=default, lang=(none)
[23:22:50.101] Keyboard hook handle: 0x3C3122B
[23:22:50.102] Mouse hook handle: 0xA380F33
[23:22:50.104] OnLoadedCore start
[23:22:52.199] ChildHwnd = 0x30D80
[23:22:52.199] Calling AttachAsync
[23:22:52.212] AttachAsync succeeded
[23:22:52.212] Connecting IPC to pipe: pitflix-wid-6c73265ab3f3413e87a061839e0d5e51
[23:22:52.255] MpvIpcClient connected to \\.\pipe\pitflix-wid-6c73265ab3f3413e87a061839e0d5e51
[23:22:52.430] OnLoadedCore complete
[23:22:52.591] BuildFolderPlaylist: scanned 29 video file(s) in 'F:\Series\Engilsh\The Pitt'
[23:22:52.593] BuildFolderPlaylist: queued 29 files; current at idx 27 — prev/next now visible
[23:22:57.724] ShellThumbnail: mpv produced no output for 'F:\Series\Engilsh\The Pitt\The Pitt S02E08 720p 10bit WEBRip 2CH x265 HEVC-PSA.mkv' (exit=2); stderr: 
[23:22:57.750] ShellThumbnail: mpv produced no output for 'F:\Series\Engilsh\The Pitt\The.Pitt.S01E03.720p.10bit.WEBRip.2CH.x265.HEVC-PSA.mkv' (exit=2); stderr: 
[23:22:57.796] ShellThumbnail: mpv produced no output for 'F:\Series\Engilsh\The Pitt\The Pitt S02E15 720p 10bit WEBRip 2CH x265 HEVC-PSA.mkv' (exit=2); stderr: 
[23:22:57.801] ShellThumbnail: mpv produced no output for 'F:\Series\Engilsh\The Pitt\The.Pitt.S01E12.720p.10bit.WEBRip.2CH.x265.HEVC-PSA.mkv' (exit=2); stderr: 
[23:22:57.801] ShellThumbnail: mpv produced no output for 'F:\Series\Engilsh\The Pitt\The Pitt S02E13 720p 10bit WEBRip 2CH x265 HEVC-PSA.mkv' (exit=2); stderr: 
[23:22:57.849] ShellThumbnail: mpv produced no output for 'F:\Series\Engilsh\The Pitt\The.Pitt.S01E07.720p.10bit.WEBRip.2CH.x265.HEVC-PSA.mkv' (exit=2); stderr: 
[23:22:57.850] ShellThumbnail: mpv produced no output for 'F:\Series\Engilsh\The Pitt\The.Pitt.S01E10.720p.10bit.WEBRip.2CH.x265.HEVC-PSA.mkv' (exit=2); stderr: 
[23:22:57.850] ShellThumbnail: mpv produced no output for 'F:\Series\Engilsh\The Pitt\The.Pitt.S01E11.720p.10bit.WEBRip.2CH.x265.HEVC-PSA.mkv' (exit=2); stderr: 
[23:22:57.850] ShellThumbnail: mpv produced no output for 'F:\Series\Engilsh\The Pitt\The Pitt S02E09 720p 10bit WEBRip 2CH x265 HEVC-PSA.mkv' (exit=2); stderr: 
[23:22:57.933] ShellThumbnail: mpv produced no output for 'F:\Series\Engilsh\The Pitt\The.Pitt.S01E08.720p.10bit.WEBRip.2CH.x265.HEVC-PSA.mkv' (exit=2); stderr: 
[23:22:57.933] ShellThumbnail: mpv produced no output for 'F:\Series\Engilsh\The Pitt\The.Pitt.S01E14.720p.10bit.WEBRip.2CH.x265.HEVC-PSA.mkv' (exit=2); stderr: 
[23:22:57.934] ShellThumbnail: mpv produced no output for 'F:\Series\Engilsh\The Pitt\The Pitt S02E12 720p 10bit WEBRip 2CH x265 HEVC-PSA.mkv' (exit=2); stderr: 
[23:22:57.934] ShellThumbnail: mpv produced no output for 'F:\Series\Engilsh\The Pitt\The.Pitt.S01E05.720p.10bit.WEBRip.2CH.x265.HEVC-PSA.mkv' (exit=2); stderr: 
[23:22:57.939] ShellThumbnail: mpv produced no output for 'F:\Series\Engilsh\The Pitt\The.Pitt.S02E01.720p.10bit.WEBRip.2CH.x265.HEVC-PSA.mkv' (exit=2); stderr: 
[23:22:57.998] ShellThumbnail: mpv produced no output for 'F:\Series\Engilsh\The Pitt\The.Pitt.S02E02.720p.10bit.WEBRip.2CH.x265.HEVC-PSA.mkv' (exit=2); stderr: 
[23:22:58.077] ShellThumbnail: mpv produced no output for 'F:\Series\Engilsh\The Pitt\The Pitt S02E10 720p 10bit WEBRip 2CH x265 HEVC-PSA.mkv' (exit=2); stderr: 
[23:22:58.096] ShellThumbnail: mpv produced no output for 'F:\Series\Engilsh\The Pitt\The.Pitt.S02E04.720p.10bit.WEBRip.2CH.x265.HEVC-PSA.mkv' (exit=2); stderr: 
[23:22:58.216] ShellThumbnail: mpv produced no output for 'F:\Series\Engilsh\The Pitt\The Pitt S02E05 720p 10bit WEBRip 2CH x265 HEVC-PSA.mkv' (exit=2); stderr: 
[23:23:25.699] Session stopped — entering pre-warm hide
[23:23:26.793] OnClosed: save-progress-now failed (non-fatal): One or more errors occurred. (A task was canceled.)
[23:23:26.793] MpvIpcClient disposed
[23:23:26.793] Window closed
[23:26:12.970] App starting
[23:26:12.977] Subtitle preference loaded: mode=default, lang=(none)
[23:26:13.553] Keyboard hook handle: 0x6F0F6F
[23:26:13.554] Mouse hook handle: 0x1913CD
[23:26:13.556] OnLoadedCore start
[23:26:15.653] ChildHwnd = 0x610EA
[23:26:15.653] Calling AttachAsync
[23:26:15.668] AttachAsync succeeded
[23:26:15.668] Connecting IPC to pipe: pitflix-wid-766df8bfa3cd46839b0054405e7f7408
[23:26:15.709] MpvIpcClient connected to \\.\pipe\pitflix-wid-766df8bfa3cd46839b0054405e7f7408
[23:26:15.868] OnLoadedCore complete
[23:26:16.032] BuildFolderPlaylist: scanned 29 video file(s) in 'F:\Series\Engilsh\The Pitt'
[23:26:16.034] BuildFolderPlaylist: queued 29 files; current at idx 27 — prev/next now visible
[23:26:21.260] ShellThumbnail: mpv produced no output for 'F:\Series\Engilsh\The Pitt\The Pitt S02E12 720p 10bit WEBRip 2CH x265 HEVC-PSA.mkv' (exit=2); stderr: 
[23:26:21.282] ShellThumbnail: mpv produced no output for 'F:\Series\Engilsh\The Pitt\The Pitt S02E05 720p 10bit WEBRip 2CH x265 HEVC-PSA.mkv' (exit=2); stderr: 
[23:26:21.353] ShellThumbnail: mpv produced no output for 'F:\Series\Engilsh\The Pitt\The.Pitt.S01E04.720p.10bit.WEBRip.2CH.x265.HEVC-PSA.mkv' (exit=2); stderr: 
[23:26:21.353] ShellThumbnail: mpv produced no output for 'F:\Series\Engilsh\The Pitt\The Pitt S02E15 720p 10bit WEBRip 2CH x265 HEVC-PSA.mkv' (exit=2); stderr: 
[23:26:21.357] ShellThumbnail: mpv produced no output for 'F:\Series\Engilsh\The Pitt\The.Pitt.S01E11.720p.10bit.WEBRip.2CH.x265.HEVC-PSA.mkv' (exit=2); stderr: 
[23:26:21.357] ShellThumbnail: mpv produced no output for 'F:\Series\Engilsh\The Pitt\The.Pitt.S01E03.720p.10bit.WEBRip.2CH.x265.HEVC-PSA.mkv' (exit=2); stderr: 
[23:26:21.436] ShellThumbnail: mpv produced no output for 'F:\Series\Engilsh\The Pitt\The Pitt S02E13 720p 10bit WEBRip 2CH x265 HEVC-PSA.mkv' (exit=2); stderr: 
[23:26:21.447] ShellThumbnail: mpv produced no output for 'F:\Series\Engilsh\The Pitt\The.Pitt.S01E12.720p.10bit.WEBRip.2CH.x265.HEVC-PSA.mkv' (exit=2); stderr: 
[23:26:21.447] ShellThumbnail: mpv produced no output for 'F:\Series\Engilsh\The Pitt\The.Pitt.S01E06.720p.10bit.WEBRip.2CH.x265.HEVC-PSA.mkv' (exit=2); stderr: 
[23:26:21.448] ShellThumbnail: mpv produced no output for 'F:\Series\Engilsh\The Pitt\The Pitt S02E14 720p 10bit WEBRip 2CH x265 HEVC-PSA.mkv' (exit=2); stderr: 
[23:26:21.484] ShellThumbnail: mpv produced no output for 'F:\Series\Engilsh\The Pitt\The.Pitt.S01E14.720p.10bit.WEBRip.2CH.x265.HEVC-PSA.mkv' (exit=2); stderr: 
[23:26:21.485] ShellThumbnail: mpv produced no output for 'F:\Series\Engilsh\The Pitt\The Pitt S02E09 720p 10bit WEBRip 2CH x265 HEVC-PSA.mkv' (exit=2); stderr: 
[23:26:21.496] ShellThumbnail: mpv produced no output for 'F:\Series\Engilsh\The Pitt\The.Pitt.S01E05.720p.10bit.WEBRip.2CH.x265.HEVC-PSA.mkv' (exit=2); stderr: 
[23:26:21.497] ShellThumbnail: mpv produced no output for 'F:\Series\Engilsh\The Pitt\The.Pitt.S01E07.720p.10bit.WEBRip.2CH.x265.HEVC-PSA.mkv' (exit=2); stderr: 
[23:26:21.502] ShellThumbnail: mpv produced no output for 'F:\Series\Engilsh\The Pitt\The.Pitt.S01E15.720p.10bit.WEBRip.2CH.x265.HEVC-PSA.mkv' (exit=2); stderr: 
[23:26:21.503] ShellThumbnail: mpv produced no output for 'F:\Series\Engilsh\The Pitt\The.Pitt.S01E08.720p.10bit.WEBRip.2CH.x265.HEVC-PSA.mkv' (exit=2); stderr: 
[23:26:21.507] ShellThumbnail: mpv produced no output for 'F:\Series\Engilsh\The Pitt\The Pitt S02E06 720p 10bit WEBRip 2CH x265 HEVC-PSA.mkv' (exit=2); stderr: 
[23:26:21.511] ShellThumbnail: mpv produced no output for 'F:\Series\Engilsh\The Pitt\The.Pitt.S01E02.720p.10bit.WEBRip.2CH.x265.HEVC-PSA.mkv' (exit=2); stderr: 
[23:26:21.541] ShellThumbnail: mpv produced no output for 'F:\Series\Engilsh\The Pitt\The.Pitt.S02E02.720p.10bit.WEBRip.2CH.x265.HEVC-PSA.mkv' (exit=2); stderr: 
[23:26:21.588] ShellThumbnail: mpv produced no output for 'F:\Series\Engilsh\The Pitt\The.Pitt.S02E01.720p.10bit.WEBRip.2CH.x265.HEVC-PSA.mkv' (exit=2); stderr: 
[23:26:21.644] ShellThumbnail: mpv produced no output for 'F:\Series\Engilsh\The Pitt\The.Pitt.S02E04.720p.10bit.WEBRip.2CH.x265.HEVC-PSA.mkv' (exit=2); stderr: 
[23:26:21.689] ShellThumbnail: mpv produced no output for 'F:\Series\Engilsh\The Pitt\The Pitt S02E03 720p 10bit WEBRip 2CH x265 HEVC-PSA.mkv' (exit=2); stderr: 
[23:26:34.040] Session stopped — entering pre-warm hide
[23:26:35.107] MpvIpcClient disposed
[23:26:35.107] Window closed
[23:33:13.762] App starting
[23:33:13.769] Subtitle preference loaded: mode=default, lang=(none)
[23:33:14.191] Keyboard hook handle: 0x96B10C7
[23:33:14.191] Mouse hook handle: 0x8300F6D
[23:33:14.193] OnLoadedCore start
[23:33:16.301] ChildHwnd = 0x240A16
[23:33:16.302] Calling AttachAsync
[23:33:16.318] AttachAsync succeeded
[23:33:16.318] Connecting IPC to pipe: pitflix-wid-f7df80adc4a443c287ab3e9ced792f27
[23:33:16.353] MpvIpcClient connected to \\.\pipe\pitflix-wid-f7df80adc4a443c287ab3e9ced792f27
[23:33:16.524] OnLoadedCore complete
[23:33:16.689] BuildFolderPlaylist: scanned 29 video file(s) in 'F:\Series\Engilsh\The Pitt'
[23:33:16.690] BuildFolderPlaylist: queued 29 files; current at idx 27 — prev/next now visible
[23:33:27.298] ShellThumbnail: mpv produced no output for 'F:\Series\Engilsh\The Pitt\The.Pitt.S01E08.720p.10bit.WEBRip.2CH.x265.HEVC-PSA.mkv' (exit=1); stderr: 
[23:33:27.298] ShellThumbnail: mpv produced no output for 'F:\Series\Engilsh\The Pitt\The.Pitt.S01E05.720p.10bit.WEBRip.2CH.x265.HEVC-PSA.mkv' (exit=1); stderr: 
[23:33:27.299] ShellThumbnail: mpv produced no output for 'F:\Series\Engilsh\The Pitt\The Pitt S02E13 720p 10bit WEBRip 2CH x265 HEVC-PSA.mkv' (exit=1); stderr: 
[23:33:27.299] ShellThumbnail: mpv produced no output for 'F:\Series\Engilsh\The Pitt\The Pitt S02E14 720p 10bit WEBRip 2CH x265 HEVC-PSA.mkv' (exit=1); stderr: 
[23:33:27.299] ShellThumbnail: mpv produced no output for 'F:\Series\Engilsh\The Pitt\The.Pitt.S01E12.720p.10bit.WEBRip.2CH.x265.HEVC-PSA.mkv' (exit=1); stderr: 
[23:33:27.300] ShellThumbnail: mpv produced no output for 'F:\Series\Engilsh\The Pitt\The Pitt S02E06 720p 10bit WEBRip 2CH x265 HEVC-PSA.mkv' (exit=1); stderr: 
[23:33:27.300] ShellThumbnail: mpv produced no output for 'F:\Series\Engilsh\The Pitt\The.Pitt.S01E13.720p.10bit.WEBRip.2CH.x265.HEVC-PSA.mkv' (exit=1); stderr: 
[23:33:27.300] ShellThumbnail: mpv produced no output for 'F:\Series\Engilsh\The Pitt\The.Pitt.S01E14.720p.10bit.WEBRip.2CH.x265.HEVC-PSA.mkv' (exit=1); stderr: 
[23:33:27.300] ShellThumbnail: mpv produced no output for 'F:\Series\Engilsh\The Pitt\The Pitt S02E12 720p 10bit WEBRip 2CH x265 HEVC-PSA.mkv' (exit=1); stderr: 
[23:33:27.329] ShellThumbnail: mpv produced no output for 'F:\Series\Engilsh\The Pitt\The.Pitt.S02E01.720p.10bit.WEBRip.2CH.x265.HEVC-PSA.mkv' (exit=1); stderr: 
[23:33:27.345] ShellThumbnail: mpv produced no output for 'F:\Series\Engilsh\The Pitt\The.Pitt.S02E02.720p.10bit.WEBRip.2CH.x265.HEVC-PSA.mkv' (exit=1); stderr: 
[23:33:27.377] ShellThumbnail: mpv produced no output for 'F:\Series\Engilsh\The Pitt\The.Pitt.S02E04.720p.10bit.WEBRip.2CH.x265.HEVC-PSA.mkv' (exit=1); stderr: 
[23:39:26.454] Session stopped — entering pre-warm hide
[23:39:27.284] MpvIpcClient disposed
[23:39:27.284] Window closed
[23:44:18.147] App starting
[23:44:18.156] Subtitle preference loaded: mode=default, lang=(none)
[23:44:18.559] Keyboard hook handle: 0x102C0FDF
[23:44:18.560] Mouse hook handle: 0x1851555
[23:44:18.562] OnLoadedCore start
[23:44:20.647] ChildHwnd = 0x330A94
[23:44:20.648] Calling AttachAsync
[23:44:20.663] AttachAsync succeeded
[23:44:20.663] Connecting IPC to pipe: pitflix-wid-3a2d93d59585426d86388a340c698688
[23:44:20.702] MpvIpcClient connected to \\.\pipe\pitflix-wid-3a2d93d59585426d86388a340c698688
[23:44:20.870] OnLoadedCore complete
[23:44:21.034] BuildFolderPlaylist: scanned 29 video file(s) in 'F:\Series\Engilsh\The Pitt'
[23:44:21.035] BuildFolderPlaylist: queued 29 files; current at idx 27 — prev/next now visible
[23:44:23.915] ShellThumbnail: invoking mpv.exe --no-config --no-audio --no-sub --quiet --no-resume-playback --frames=1 --start=120 --vf-add=scale=256:-2 --of=image2 --ovc=mjpeg --o=C:\Users\Abd Allah\AppData\Local\PitflixPlayer\thumbs\5DE2830EC136DFDC6ED2B788E845DA18F0489AC2.jpg F:\Series\Engilsh\The Pitt\The.Pitt.S01E01.720p.10bit.WEBRip.2CH.x265.HEVC-PSA.mkv
[23:44:23.917] ShellThumbnail: invoking mpv.exe --no-config --no-audio --no-sub --quiet --no-resume-playback --frames=1 --start=120 --vf-add=scale=256:-2 --of=image2 --ovc=mjpeg --o=C:\Users\Abd Allah\AppData\Local\PitflixPlayer\thumbs\91D6AC2120B769137935F983889E858208600F3A.jpg F:\Series\Engilsh\The Pitt\The Pitt S02E09 720p 10bit WEBRip 2CH x265 HEVC-PSA.mkv
[23:44:23.924] ShellThumbnail: invoking mpv.exe --no-config --no-audio --no-sub --quiet --no-resume-playback --frames=1 --start=120 --vf-add=scale=256:-2 --of=image2 --ovc=mjpeg --o=C:\Users\Abd Allah\AppData\Local\PitflixPlayer\thumbs\DA5329B8C7D45ED538DB26E0A9B6E49991080DE7.jpg F:\Series\Engilsh\The Pitt\The Pitt S02E08 720p 10bit WEBRip 2CH x265 HEVC-PSA.mkv
[23:44:23.934] ShellThumbnail: invoking mpv.exe --no-config --no-audio --no-sub --quiet --no-resume-playback --frames=1 --start=120 --vf-add=scale=256:-2 --of=image2 --ovc=mjpeg --o=C:\Users\Abd Allah\AppData\Local\PitflixPlayer\thumbs\B941AF28C13C52F18A1BCC6555D332A5787F5356.jpg F:\Series\Engilsh\The Pitt\The Pitt S02E13 720p 10bit WEBRip 2CH x265 HEVC-PSA.mkv
[23:44:23.944] ShellThumbnail: invoking mpv.exe --no-config --no-audio --no-sub --quiet --no-resume-playback --frames=1 --start=120 --vf-add=scale=256:-2 --of=image2 --ovc=mjpeg --o=C:\Users\Abd Allah\AppData\Local\PitflixPlayer\thumbs\09F3CF07CEA464AB45DB212A3B45C4B8D0719036.jpg F:\Series\Engilsh\The Pitt\The Pitt S02E12 720p 10bit WEBRip 2CH x265 HEVC-PSA.mkv
[23:44:24.071] ShellThumbnail: invoking mpv.exe --no-config --no-audio --no-sub --quiet --no-resume-playback --frames=1 --start=120 --vf-add=scale=256:-2 --of=image2 --ovc=mjpeg --o=C:\Users\Abd Allah\AppData\Local\PitflixPlayer\thumbs\310D5AFF6B52802A4FDA6B708C5674D9A0A504F0.jpg F:\Series\Engilsh\The Pitt\The.Pitt.S01E02.720p.10bit.WEBRip.2CH.x265.HEVC-PSA.mkv
[23:44:24.127] ShellThumbnail: invoking mpv.exe --no-config --no-audio --no-sub --quiet --no-resume-playback --frames=1 --start=120 --vf-add=scale=256:-2 --of=image2 --ovc=mjpeg --o=C:\Users\Abd Allah\AppData\Local\PitflixPlayer\thumbs\E613FFC7C5D412994AE2D2985AD505FC1266922A.jpg F:\Series\Engilsh\The Pitt\The Pitt S02E15 720p 10bit WEBRip 2CH x265 HEVC-PSA.mkv
[23:44:24.238] ShellThumbnail: invoking mpv.exe --no-config --no-audio --no-sub --quiet --no-resume-playback --frames=1 --start=120 --vf-add=scale=256:-2 --of=image2 --ovc=mjpeg --o=C:\Users\Abd Allah\AppData\Local\PitflixPlayer\thumbs\9C270355E6B0D745657872930D8B4ED263A6D017.jpg F:\Series\Engilsh\The Pitt\The Pitt S02E10 720p 10bit WEBRip 2CH x265 HEVC-PSA.mkv
[23:44:24.463] ShellThumbnail: invoking mpv.exe --no-config --no-audio --no-sub --quiet --no-resume-playback --frames=1 --start=120 --vf-add=scale=256:-2 --of=image2 --ovc=mjpeg --o=C:\Users\Abd Allah\AppData\Local\PitflixPlayer\thumbs\2CA0BCE559A9BB0CDF7FA0001FB0B877F8DB89EC.jpg F:\Series\Engilsh\The Pitt\The Pitt S02E06 720p 10bit WEBRip 2CH x265 HEVC-PSA.mkv
[23:44:24.569] ShellThumbnail: invoking mpv.exe --no-config --no-audio --no-sub --quiet --no-resume-playback --frames=1 --start=120 --vf-add=scale=256:-2 --of=image2 --ovc=mjpeg --o=C:\Users\Abd Allah\AppData\Local\PitflixPlayer\thumbs\AB49124AFE43B51BFB1EA76B9519D0541D44B410.jpg F:\Series\Engilsh\The Pitt\The Pitt S02E05 720p 10bit WEBRip 2CH x265 HEVC-PSA.mkv
[23:44:24.699] ShellThumbnail: invoking mpv.exe --no-config --no-audio --no-sub --quiet --no-resume-playback --frames=1 --start=120 --vf-add=scale=256:-2 --of=image2 --ovc=mjpeg --o=C:\Users\Abd Allah\AppData\Local\PitflixPlayer\thumbs\A9AD6F62B2B434F483213DC4A66C4D5244BD83A7.jpg F:\Series\Engilsh\The Pitt\The.Pitt.S01E03.720p.10bit.WEBRip.2CH.x265.HEVC-PSA.mkv
[23:44:24.814] ShellThumbnail: invoking mpv.exe --no-config --no-audio --no-sub --quiet --no-resume-playback --frames=1 --start=120 --vf-add=scale=256:-2 --of=image2 --ovc=mjpeg --o=C:\Users\Abd Allah\AppData\Local\PitflixPlayer\thumbs\07A9C809BA1193962E79905BEFDF6B38542F6554.jpg F:\Series\Engilsh\The Pitt\The.Pitt.S01E04.720p.10bit.WEBRip.2CH.x265.HEVC-PSA.mkv
[23:44:24.916] ShellThumbnail: invoking mpv.exe --no-config --no-audio --no-sub --quiet --no-resume-playback --frames=1 --start=120 --vf-add=scale=256:-2 --of=image2 --ovc=mjpeg --o=C:\Users\Abd Allah\AppData\Local\PitflixPlayer\thumbs\1667C7117E625F994D4575065FEA1EB10285C489.jpg F:\Series\Engilsh\The Pitt\The.Pitt.S01E05.720p.10bit.WEBRip.2CH.x265.HEVC-PSA.mkv
[23:44:25.029] ShellThumbnail: invoking mpv.exe --no-config --no-audio --no-sub --quiet --no-resume-playback --frames=1 --start=120 --vf-add=scale=256:-2 --of=image2 --ovc=mjpeg --o=C:\Users\Abd Allah\AppData\Local\PitflixPlayer\thumbs\936C964C9755D7FA72A56865439DF1FE61EDA452.jpg F:\Series\Engilsh\The Pitt\The.Pitt.S01E06.720p.10bit.WEBRip.2CH.x265.HEVC-PSA.mkv
[23:44:25.172] ShellThumbnail: invoking mpv.exe --no-config --no-audio --no-sub --quiet --no-resume-playback --frames=1 --start=120 --vf-add=scale=256:-2 --of=image2 --ovc=mjpeg --o=C:\Users\Abd Allah\AppData\Local\PitflixPlayer\thumbs\40809C58E2CABB0AF3D1720ECFA0A5BAEC7A3A2E.jpg F:\Series\Engilsh\The Pitt\The.Pitt.S01E07.720p.10bit.WEBRip.2CH.x265.HEVC-PSA.mkv
[23:44:25.303] ShellThumbnail: invoking mpv.exe --no-config --no-audio --no-sub --quiet --no-resume-playback --frames=1 --start=120 --vf-add=scale=256:-2 --of=image2 --ovc=mjpeg --o=C:\Users\Abd Allah\AppData\Local\PitflixPlayer\thumbs\299CFEC111B919A491DB99A3B8125215E4666EAD.jpg F:\Series\Engilsh\The Pitt\The.Pitt.S01E08.720p.10bit.WEBRip.2CH.x265.HEVC-PSA.mkv
[23:44:25.380] ShellThumbnail: invoking mpv.exe --no-config --no-audio --no-sub --quiet --no-resume-playback --frames=1 --start=120 --vf-add=scale=256:-2 --of=image2 --ovc=mjpeg --o=C:\Users\Abd Allah\AppData\Local\PitflixPlayer\thumbs\4031D4A097518407DF2B07B467FEB23FCDD7751F.jpg F:\Series\Engilsh\The Pitt\The.Pitt.S01E09.720p.10bit.WEBRip.2CH.x265.HEVC-PSA.mkv
[23:44:25.501] ShellThumbnail: invoking mpv.exe --no-config --no-audio --no-sub --quiet --no-resume-playback --frames=1 --start=120 --vf-add=scale=256:-2 --of=image2 --ovc=mjpeg --o=C:\Users\Abd Allah\AppData\Local\PitflixPlayer\thumbs\55C88C90D62A87ECC4FC3353F638DF2AEA4DF62F.jpg F:\Series\Engilsh\The Pitt\The Pitt S02E03 720p 10bit WEBRip 2CH x265 HEVC-PSA.mkv
[23:44:25.745] ShellThumbnail: invoking mpv.exe --no-config --no-audio --no-sub --quiet --no-resume-playback --frames=1 --start=120 --vf-add=scale=256:-2 --of=image2 --ovc=mjpeg --o=C:\Users\Abd Allah\AppData\Local\PitflixPlayer\thumbs\D9155E9A25D0F15B7E815AF2BA649DA36B21A86A.jpg F:\Series\Engilsh\The Pitt\The.Pitt.S01E10.720p.10bit.WEBRip.2CH.x265.HEVC-PSA.mkv
[23:44:25.905] ShellThumbnail: invoking mpv.exe --no-config --no-audio --no-sub --quiet --no-resume-playback --frames=1 --start=120 --vf-add=scale=256:-2 --of=image2 --ovc=mjpeg --o=C:\Users\Abd Allah\AppData\Local\PitflixPlayer\thumbs\6AF3F08DD7194BF748F68F2519C9A2E3B218BE46.jpg F:\Series\Engilsh\The Pitt\The.Pitt.S01E11.720p.10bit.WEBRip.2CH.x265.HEVC-PSA.mkv
[23:44:26.093] ShellThumbnail: invoking mpv.exe --no-config --no-audio --no-sub --quiet --no-resume-playback --frames=1 --start=120 --vf-add=scale=256:-2 --of=image2 --ovc=mjpeg --o=C:\Users\Abd Allah\AppData\Local\PitflixPlayer\thumbs\58FCB6F1921F599AAF898DA489AE68F22E5DC22A.jpg F:\Series\Engilsh\The Pitt\The.Pitt.S01E12.720p.10bit.WEBRip.2CH.x265.HEVC-PSA.mkv
[23:44:26.224] ShellThumbnail: invoking mpv.exe --no-config --no-audio --no-sub --quiet --no-resume-playback --frames=1 --start=120 --vf-add=scale=256:-2 --of=image2 --ovc=mjpeg --o=C:\Users\Abd Allah\AppData\Local\PitflixPlayer\thumbs\8CF0238E8DD12C66C1FC3222F2A79555E1047C9E.jpg F:\Series\Engilsh\The Pitt\The.Pitt.S01E13.720p.10bit.WEBRip.2CH.x265.HEVC-PSA.mkv
[23:44:26.481] ShellThumbnail: invoking mpv.exe --no-config --no-audio --no-sub --quiet --no-resume-playback --frames=1 --start=120 --vf-add=scale=256:-2 --of=image2 --ovc=mjpeg --o=C:\Users\Abd Allah\AppData\Local\PitflixPlayer\thumbs\455E3BD1803432E08ACB0D778043D430796598EA.jpg F:\Series\Engilsh\The Pitt\The.Pitt.S01E14.720p.10bit.WEBRip.2CH.x265.HEVC-PSA.mkv
[23:44:26.585] ShellThumbnail: invoking mpv.exe --no-config --no-audio --no-sub --quiet --no-resume-playback --frames=1 --start=120 --vf-add=scale=256:-2 --of=image2 --ovc=mjpeg --o=C:\Users\Abd Allah\AppData\Local\PitflixPlayer\thumbs\9207373CD7364DE8C3B1FC7F19D29662EEB07741.jpg F:\Series\Engilsh\The Pitt\The.Pitt.S01E15.720p.10bit.WEBRip.2CH.x265.HEVC-PSA.mkv
[23:44:26.682] ShellThumbnail: encoding-mode attempt failed for 'The.Pitt.S01E03.720p.10bit.WEBRip.2CH.x265.HEVC-PSA.mkv' (exit=2); stderr: 
[23:44:26.682] ShellThumbnail: trying --vo=image fallback for 'The.Pitt.S01E08.720p.10bit.WEBRip.2CH.x265.HEVC-PSA.mkv'
[23:44:26.682] ShellThumbnail: trying --vo=image fallback for 'The.Pitt.S01E03.720p.10bit.WEBRip.2CH.x265.HEVC-PSA.mkv'
[23:44:26.689] ShellThumbnail: invoking mpv.exe --no-config --no-audio --no-sub --quiet --no-resume-playback --frames=1 --start=120 --vf-add=scale=256:-2 --of=image2 --ovc=mjpeg --o=C:\Users\Abd Allah\AppData\Local\PitflixPlayer\thumbs\BD28802F0DF11FDB5F3D20A98F28BF3243B4D024.jpg F:\Series\Engilsh\The Pitt\The.Pitt.S02E01.720p.10bit.WEBRip.2CH.x265.HEVC-PSA.mkv
[23:44:26.808] ShellThumbnail: invoking mpv.exe --no-config --no-audio --no-sub --quiet --no-resume-playback --frames=1 --start=120 --vf-add=scale=256:-2 --of=image2 --ovc=mjpeg --o=C:\Users\Abd Allah\AppData\Local\PitflixPlayer\thumbs\65197920E41298C214D02D560E99C3A19882256A.jpg F:\Series\Engilsh\The Pitt\The.Pitt.S02E02.720p.10bit.WEBRip.2CH.x265.HEVC-PSA.mkv
[23:44:26.824] ShellThumbnail: invoking mpv.exe --no-config --no-audio --no-sub --quiet --no-resume-playback --frames=1 --start=120 --vf-add=scale=256:-2 --of=image2 --ovc=mjpeg --o=C:\Users\Abd Allah\AppData\Local\PitflixPlayer\thumbs\E146A6AA5EB4A574052D06E753EA9A6932892D89.jpg F:\Series\Engilsh\The Pitt\The Pitt S02E07 720p 10bit WEBRip 2CH x265 HEVC-PSA.mkv
[23:44:26.824] ShellThumbnail: invoking mpv.exe --no-config --no-audio --no-sub --quiet --no-resume-playback --frames=1 --start=120 --vf-add=scale=256:-2 --of=image2 --ovc=mjpeg --o=C:\Users\Abd Allah\AppData\Local\PitflixPlayer\thumbs\4BE9843FE03C0AFD4D12067257285C9F4816DFBF.jpg F:\Series\Engilsh\The Pitt\The.Pitt.S02E04.720p.10bit.WEBRip.2CH.x265.HEVC-PSA.mkv
[23:44:26.922] ShellThumbnail: encoding-mode attempt failed for 'The.Pitt.S01E10.720p.10bit.WEBRip.2CH.x265.HEVC-PSA.mkv' (exit=2); stderr: 
[23:44:26.922] ShellThumbnail: trying --vo=image fallback for 'The.Pitt.S01E11.720p.10bit.WEBRip.2CH.x265.HEVC-PSA.mkv'
[23:44:26.922] ShellThumbnail: trying --vo=image fallback for 'The.Pitt.S01E10.720p.10bit.WEBRip.2CH.x265.HEVC-PSA.mkv'
[23:44:26.950] ShellThumbnail: encoding-mode attempt failed for 'The Pitt S02E15 720p 10bit WEBRip 2CH x265 HEVC-PSA.mkv' (exit=2); stderr: 
[23:44:26.950] ShellThumbnail: trying --vo=image fallback for 'The Pitt S02E15 720p 10bit WEBRip 2CH x265 HEVC-PSA.mkv'
[23:44:27.074] ShellThumbnail: encoding-mode attempt failed for 'The.Pitt.S01E04.720p.10bit.WEBRip.2CH.x265.HEVC-PSA.mkv' (exit=2); stderr: 
[23:44:27.074] ShellThumbnail: trying --vo=image fallback for 'The Pitt S02E13 720p 10bit WEBRip 2CH x265 HEVC-PSA.mkv'
[23:44:27.234] ShellThumbnail: encoding-mode attempt failed for 'The.Pitt.S01E06.720p.10bit.WEBRip.2CH.x265.HEVC-PSA.mkv' (exit=2); stderr: 
[23:44:27.234] ShellThumbnail: trying --vo=image fallback for 'The.Pitt.S01E06.720p.10bit.WEBRip.2CH.x265.HEVC-PSA.mkv'
[23:44:27.264] ShellThumbnail: --vo=image attempt also failed (exit=1); stderr: 
[23:44:27.265] ShellThumbnail: trying --vo=image fallback for 'The Pitt S02E09 720p 10bit WEBRip 2CH x265 HEVC-PSA.mkv'
[23:44:27.332] ShellThumbnail: --vo=image attempt also failed (exit=1); stderr: 
[23:44:27.333] ShellThumbnail: trying --vo=image fallback for 'The.Pitt.S01E02.720p.10bit.WEBRip.2CH.x265.HEVC-PSA.mkv'
[23:44:27.471] ShellThumbnail: encoding-mode attempt failed for 'The.Pitt.S01E12.720p.10bit.WEBRip.2CH.x265.HEVC-PSA.mkv' (exit=2); stderr: 
[23:44:27.471] ShellThumbnail: trying --vo=image fallback for 'The.Pitt.S01E12.720p.10bit.WEBRip.2CH.x265.HEVC-PSA.mkv'
[23:44:27.524] ShellThumbnail: encoding-mode attempt failed for 'The.Pitt.S01E01.720p.10bit.WEBRip.2CH.x265.HEVC-PSA.mkv' (exit=2); stderr: 
[23:44:27.525] ShellThumbnail: trying --vo=image fallback for 'The.Pitt.S01E01.720p.10bit.WEBRip.2CH.x265.HEVC-PSA.mkv'
[23:44:27.634] ShellThumbnail: encoding-mode attempt failed for 'The.Pitt.S01E14.720p.10bit.WEBRip.2CH.x265.HEVC-PSA.mkv' (exit=2); stderr: 
[23:44:27.634] ShellThumbnail: trying --vo=image fallback for 'The.Pitt.S01E14.720p.10bit.WEBRip.2CH.x265.HEVC-PSA.mkv'
[23:44:27.701] ShellThumbnail: --vo=image attempt also failed (exit=1); stderr: 
[23:44:27.702] ShellThumbnail: --vo=image attempt also failed (exit=1); stderr: 
[23:44:27.702] ShellThumbnail: trying --vo=image fallback for 'The Pitt S02E12 720p 10bit WEBRip 2CH x265 HEVC-PSA.mkv'
[23:44:27.706] ShellThumbnail: encoding-mode attempt failed for 'The.Pitt.S02E01.720p.10bit.WEBRip.2CH.x265.HEVC-PSA.mkv' (exit=2); stderr: 
[23:44:27.707] ShellThumbnail: trying --vo=image fallback for 'The.Pitt.S02E01.720p.10bit.WEBRip.2CH.x265.HEVC-PSA.mkv'
[23:44:27.727] ShellThumbnail: --vo=image attempt also failed (exit=1); stderr: 
[23:44:27.727] ShellThumbnail: trying --vo=image fallback for 'The.Pitt.S01E05.720p.10bit.WEBRip.2CH.x265.HEVC-PSA.mkv'
[23:44:27.751] ShellThumbnail: encoding-mode attempt failed for 'The Pitt S02E10 720p 10bit WEBRip 2CH x265 HEVC-PSA.mkv' (exit=2); stderr: 
[23:44:27.751] ShellThumbnail: trying --vo=image fallback for 'The Pitt S02E10 720p 10bit WEBRip 2CH x265 HEVC-PSA.mkv'
[23:44:27.755] ShellThumbnail: encoding-mode attempt failed for 'The.Pitt.S02E04.720p.10bit.WEBRip.2CH.x265.HEVC-PSA.mkv' (exit=2); stderr: 
[23:44:27.755] ShellThumbnail: trying --vo=image fallback for 'The.Pitt.S02E04.720p.10bit.WEBRip.2CH.x265.HEVC-PSA.mkv'
[23:44:27.788] ShellThumbnail: encoding-mode attempt failed for 'The Pitt S02E06 720p 10bit WEBRip 2CH x265 HEVC-PSA.mkv' (exit=2); stderr: 
[23:44:27.788] ShellThumbnail: trying --vo=image fallback for 'The Pitt S02E06 720p 10bit WEBRip 2CH x265 HEVC-PSA.mkv'
[23:44:27.792] ShellThumbnail: --vo=image attempt also failed (exit=1); stderr: 
[23:44:27.802] ShellThumbnail: --vo=image attempt also failed (exit=1); stderr: 
[23:44:27.803] ShellThumbnail: --vo=image attempt also failed (exit=1); stderr: 
[23:44:27.804] ShellThumbnail: encoding-mode attempt failed for 'The Pitt S02E08 720p 10bit WEBRip 2CH x265 HEVC-PSA.mkv' (exit=2); stderr: 
[23:44:27.804] ShellThumbnail: --vo=image attempt also failed (exit=1); stderr: 
[23:44:27.818] ShellThumbnail: encoding-mode attempt failed for 'The.Pitt.S02E02.720p.10bit.WEBRip.2CH.x265.HEVC-PSA.mkv' (exit=2); stderr: 
[23:44:27.819] ShellThumbnail: trying --vo=image fallback for 'The.Pitt.S02E02.720p.10bit.WEBRip.2CH.x265.HEVC-PSA.mkv'
[23:44:27.835] ShellThumbnail: --vo=image attempt also failed (exit=1); stderr: 
[23:44:27.835] ShellThumbnail: --vo=image attempt also failed (exit=1); stderr: 
[23:44:27.849] ShellThumbnail: --vo=image attempt also failed (exit=1); stderr: 
[23:44:27.850] ShellThumbnail: --vo=image attempt also failed (exit=1); stderr: 
[23:44:27.850] ShellThumbnail: encoding-mode attempt failed for 'The.Pitt.S01E13.720p.10bit.WEBRip.2CH.x265.HEVC-PSA.mkv' (exit=2); stderr: 
[23:44:27.850] ShellThumbnail: trying --vo=image fallback for 'The.Pitt.S01E13.720p.10bit.WEBRip.2CH.x265.HEVC-PSA.mkv'
[23:44:27.856] ShellThumbnail: encoding-mode attempt failed for 'The.Pitt.S01E15.720p.10bit.WEBRip.2CH.x265.HEVC-PSA.mkv' (exit=2); stderr: 
[23:44:27.856] ShellThumbnail: trying --vo=image fallback for 'The.Pitt.S01E15.720p.10bit.WEBRip.2CH.x265.HEVC-PSA.mkv'
[23:44:27.880] ShellThumbnail: --vo=image attempt also failed (exit=1); stderr: 
[23:44:27.892] ShellThumbnail: --vo=image attempt also failed (exit=1); stderr: 
[23:44:27.895] ShellThumbnail: --vo=image attempt also failed (exit=1); stderr: 
[23:44:27.895] ShellThumbnail: --vo=image attempt also failed (exit=1); stderr: 
[23:44:27.911] ShellThumbnail: --vo=image attempt also failed (exit=1); stderr: 
[23:44:27.942] ShellThumbnail: --vo=image attempt also failed (exit=1); stderr: 
[23:44:27.958] ShellThumbnail: --vo=image attempt also failed (exit=1); stderr: 
[23:44:28.096] ShellThumbnail: encoding-mode attempt failed for 'The Pitt S02E07 720p 10bit WEBRip 2CH x265 HEVC-PSA.mkv' (exit=2); stderr: 
[23:44:28.096] ShellThumbnail: trying --vo=image fallback for 'The Pitt S02E07 720p 10bit WEBRip 2CH x265 HEVC-PSA.mkv'
[23:44:28.184] ShellThumbnail: --vo=image attempt also failed (exit=1); stderr: 
[23:45:21.373] ShellThumbnail: invoking mpv.exe --no-config --no-audio --no-sub --quiet --no-resume-playback --frames=1 --start=120 --vf-add=scale=256:-2 --of=image2 --ovc=mjpeg --o=C:\Users\Abd Allah\AppData\Local\PitflixPlayer\thumbs\E613FFC7C5D412994AE2D2985AD505FC1266922A.jpg F:\Series\Engilsh\The Pitt\The Pitt S02E15 720p 10bit WEBRip 2CH x265 HEVC-PSA.mkv
[23:45:21.380] ShellThumbnail: invoking mpv.exe --no-config --no-audio --no-sub --quiet --no-resume-playback --frames=1 --start=120 --vf-add=scale=256:-2 --of=image2 --ovc=mjpeg --o=C:\Users\Abd Allah\AppData\Local\PitflixPlayer\thumbs\5DE2830EC136DFDC6ED2B788E845DA18F0489AC2.jpg F:\Series\Engilsh\The Pitt\The.Pitt.S01E01.720p.10bit.WEBRip.2CH.x265.HEVC-PSA.mkv
[23:45:21.387] ShellThumbnail: invoking mpv.exe --no-config --no-audio --no-sub --quiet --no-resume-playback --frames=1 --start=120 --vf-add=scale=256:-2 --of=image2 --ovc=mjpeg --o=C:\Users\Abd Allah\AppData\Local\PitflixPlayer\thumbs\310D5AFF6B52802A4FDA6B708C5674D9A0A504F0.jpg F:\Series\Engilsh\The Pitt\The.Pitt.S01E02.720p.10bit.WEBRip.2CH.x265.HEVC-PSA.mkv
[23:45:21.393] ShellThumbnail: invoking mpv.exe --no-config --no-audio --no-sub --quiet --no-resume-playback --frames=1 --start=120 --vf-add=scale=256:-2 --of=image2 --ovc=mjpeg --o=C:\Users\Abd Allah\AppData\Local\PitflixPlayer\thumbs\DA5329B8C7D45ED538DB26E0A9B6E49991080DE7.jpg F:\Series\Engilsh\The Pitt\The Pitt S02E08 720p 10bit WEBRip 2CH x265 HEVC-PSA.mkv
[23:45:21.405] ShellThumbnail: invoking mpv.exe --no-config --no-audio --no-sub --quiet --no-resume-playback --frames=1 --start=120 --vf-add=scale=256:-2 --of=image2 --ovc=mjpeg --o=C:\Users\Abd Allah\AppData\Local\PitflixPlayer\thumbs\9C270355E6B0D745657872930D8B4ED263A6D017.jpg F:\Series\Engilsh\The Pitt\The Pitt S02E10 720p 10bit WEBRip 2CH x265 HEVC-PSA.mkv
[23:45:21.498] ShellThumbnail: invoking mpv.exe --no-config --no-audio --no-sub --quiet --no-resume-playback --frames=1 --start=120 --vf-add=scale=256:-2 --of=image2 --ovc=mjpeg --o=C:\Users\Abd Allah\AppData\Local\PitflixPlayer\thumbs\195413554CFF7230439D03E469048F02F823D41F.jpg F:\Series\Engilsh\The Pitt\The Pitt S02E14 720p 10bit WEBRip 2CH x265 HEVC-PSA.mkv
[23:45:21.563] ShellThumbnail: invoking mpv.exe --no-config --no-audio --no-sub --quiet --no-resume-playback --frames=1 --start=120 --vf-add=scale=256:-2 --of=image2 --ovc=mjpeg --o=C:\Users\Abd Allah\AppData\Local\PitflixPlayer\thumbs\09F3CF07CEA464AB45DB212A3B45C4B8D0719036.jpg F:\Series\Engilsh\The Pitt\The Pitt S02E12 720p 10bit WEBRip 2CH x265 HEVC-PSA.mkv
[23:45:21.837] ShellThumbnail: invoking mpv.exe --no-config --no-audio --no-sub --quiet --no-resume-playback --frames=1 --start=120 --vf-add=scale=256:-2 --of=image2 --ovc=mjpeg --o=C:\Users\Abd Allah\AppData\Local\PitflixPlayer\thumbs\B941AF28C13C52F18A1BCC6555D332A5787F5356.jpg F:\Series\Engilsh\The Pitt\The Pitt S02E13 720p 10bit WEBRip 2CH x265 HEVC-PSA.mkv
[23:45:22.055] ShellThumbnail: invoking mpv.exe --no-config --no-audio --no-sub --quiet --no-resume-playback --frames=1 --start=120 --vf-add=scale=256:-2 --of=image2 --ovc=mjpeg --o=C:\Users\Abd Allah\AppData\Local\PitflixPlayer\thumbs\91D6AC2120B769137935F983889E858208600F3A.jpg F:\Series\Engilsh\The Pitt\The Pitt S02E09 720p 10bit WEBRip 2CH x265 HEVC-PSA.mkv
[23:45:22.148] ShellThumbnail: invoking mpv.exe --no-config --no-audio --no-sub --quiet --no-resume-playback --frames=1 --start=120 --vf-add=scale=256:-2 --of=image2 --ovc=mjpeg --o=C:\Users\Abd Allah\AppData\Local\PitflixPlayer\thumbs\A9AD6F62B2B434F483213DC4A66C4D5244BD83A7.jpg F:\Series\Engilsh\The Pitt\The.Pitt.S01E03.720p.10bit.WEBRip.2CH.x265.HEVC-PSA.mkv
[23:45:22.152] ShellThumbnail: invoking mpv.exe --no-config --no-audio --no-sub --quiet --no-resume-playback --frames=1 --start=120 --vf-add=scale=256:-2 --of=image2 --ovc=mjpeg --o=C:\Users\Abd Allah\AppData\Local\PitflixPlayer\thumbs\07A9C809BA1193962E79905BEFDF6B38542F6554.jpg F:\Series\Engilsh\The Pitt\The.Pitt.S01E04.720p.10bit.WEBRip.2CH.x265.HEVC-PSA.mkv
[23:45:22.228] ShellThumbnail: invoking mpv.exe --no-config --no-audio --no-sub --quiet --no-resume-playback --frames=1 --start=120 --vf-add=scale=256:-2 --of=image2 --ovc=mjpeg --o=C:\Users\Abd Allah\AppData\Local\PitflixPlayer\thumbs\1667C7117E625F994D4575065FEA1EB10285C489.jpg F:\Series\Engilsh\The Pitt\The.Pitt.S01E05.720p.10bit.WEBRip.2CH.x265.HEVC-PSA.mkv
[23:45:22.269] ShellThumbnail: invoking mpv.exe --no-config --no-audio --no-sub --quiet --no-resume-playback --frames=1 --start=120 --vf-add=scale=256:-2 --of=image2 --ovc=mjpeg --o=C:\Users\Abd Allah\AppData\Local\PitflixPlayer\thumbs\936C964C9755D7FA72A56865439DF1FE61EDA452.jpg F:\Series\Engilsh\The Pitt\The.Pitt.S01E06.720p.10bit.WEBRip.2CH.x265.HEVC-PSA.mkv
[23:45:22.445] ShellThumbnail: invoking mpv.exe --no-config --no-audio --no-sub --quiet --no-resume-playback --frames=1 --start=120 --vf-add=scale=256:-2 --of=image2 --ovc=mjpeg --o=C:\Users\Abd Allah\AppData\Local\PitflixPlayer\thumbs\AB49124AFE43B51BFB1EA76B9519D0541D44B410.jpg F:\Series\Engilsh\The Pitt\The Pitt S02E05 720p 10bit WEBRip 2CH x265 HEVC-PSA.mkv
[23:45:22.656] ShellThumbnail: invoking mpv.exe --no-config --no-audio --no-sub --quiet --no-resume-playback --frames=1 --start=120 --vf-add=scale=256:-2 --of=image2 --ovc=mjpeg --o=C:\Users\Abd Allah\AppData\Local\PitflixPlayer\thumbs\2CA0BCE559A9BB0CDF7FA0001FB0B877F8DB89EC.jpg F:\Series\Engilsh\The Pitt\The Pitt S02E06 720p 10bit WEBRip 2CH x265 HEVC-PSA.mkv
[23:45:22.679] ShellThumbnail: invoking mpv.exe --no-config --no-audio --no-sub --quiet --no-resume-playback --frames=1 --start=120 --vf-add=scale=256:-2 --of=image2 --ovc=mjpeg --o=C:\Users\Abd Allah\AppData\Local\PitflixPlayer\thumbs\299CFEC111B919A491DB99A3B8125215E4666EAD.jpg F:\Series\Engilsh\The Pitt\The.Pitt.S01E08.720p.10bit.WEBRip.2CH.x265.HEVC-PSA.mkv
[23:45:22.770] ShellThumbnail: invoking mpv.exe --no-config --no-audio --no-sub --quiet --no-resume-playback --frames=1 --start=120 --vf-add=scale=256:-2 --of=image2 --ovc=mjpeg --o=C:\Users\Abd Allah\AppData\Local\PitflixPlayer\thumbs\40809C58E2CABB0AF3D1720ECFA0A5BAEC7A3A2E.jpg F:\Series\Engilsh\The Pitt\The.Pitt.S01E07.720p.10bit.WEBRip.2CH.x265.HEVC-PSA.mkv
[23:45:22.896] ShellThumbnail: invoking mpv.exe --no-config --no-audio --no-sub --quiet --no-resume-playback --frames=1 --start=120 --vf-add=scale=256:-2 --of=image2 --ovc=mjpeg --o=C:\Users\Abd Allah\AppData\Local\PitflixPlayer\thumbs\4031D4A097518407DF2B07B467FEB23FCDD7751F.jpg F:\Series\Engilsh\The Pitt\The.Pitt.S01E09.720p.10bit.WEBRip.2CH.x265.HEVC-PSA.mkv
[23:45:23.221] ShellThumbnail: invoking mpv.exe --no-config --no-audio --no-sub --quiet --no-resume-playback --frames=1 --start=120 --vf-add=scale=256:-2 --of=image2 --ovc=mjpeg --o=C:\Users\Abd Allah\AppData\Local\PitflixPlayer\thumbs\D9155E9A25D0F15B7E815AF2BA649DA36B21A86A.jpg F:\Series\Engilsh\The Pitt\The.Pitt.S01E10.720p.10bit.WEBRip.2CH.x265.HEVC-PSA.mkv
[23:45:23.598] ShellThumbnail: invoking mpv.exe --no-config --no-audio --no-sub --quiet --no-resume-playback --frames=1 --start=120 --vf-add=scale=256:-2 --of=image2 --ovc=mjpeg --o=C:\Users\Abd Allah\AppData\Local\PitflixPlayer\thumbs\6AF3F08DD7194BF748F68F2519C9A2E3B218BE46.jpg F:\Series\Engilsh\The Pitt\The.Pitt.S01E11.720p.10bit.WEBRip.2CH.x265.HEVC-PSA.mkv
[23:45:23.599] ShellThumbnail: invoking mpv.exe --no-config --no-audio --no-sub --quiet --no-resume-playback --frames=1 --start=120 --vf-add=scale=256:-2 --of=image2 --ovc=mjpeg --o=C:\Users\Abd Allah\AppData\Local\PitflixPlayer\thumbs\58FCB6F1921F599AAF898DA489AE68F22E5DC22A.jpg F:\Series\Engilsh\The Pitt\The.Pitt.S01E12.720p.10bit.WEBRip.2CH.x265.HEVC-PSA.mkv
[23:45:23.725] ShellThumbnail: invoking mpv.exe --no-config --no-audio --no-sub --quiet --no-resume-playback --frames=1 --start=120 --vf-add=scale=256:-2 --of=image2 --ovc=mjpeg --o=C:\Users\Abd Allah\AppData\Local\PitflixPlayer\thumbs\8CF0238E8DD12C66C1FC3222F2A79555E1047C9E.jpg F:\Series\Engilsh\The Pitt\The.Pitt.S01E13.720p.10bit.WEBRip.2CH.x265.HEVC-PSA.mkv
[23:45:23.782] ShellThumbnail: invoking mpv.exe --no-config --no-audio --no-sub --quiet --no-resume-playback --frames=1 --start=120 --vf-add=scale=256:-2 --of=image2 --ovc=mjpeg --o=C:\Users\Abd Allah\AppData\Local\PitflixPlayer\thumbs\455E3BD1803432E08ACB0D778043D430796598EA.jpg F:\Series\Engilsh\The Pitt\The.Pitt.S01E14.720p.10bit.WEBRip.2CH.x265.HEVC-PSA.mkv
[23:45:23.882] ShellThumbnail: invoking mpv.exe --no-config --no-audio --no-sub --quiet --no-resume-playback --frames=1 --start=120 --vf-add=scale=256:-2 --of=image2 --ovc=mjpeg --o=C:\Users\Abd Allah\AppData\Local\PitflixPlayer\thumbs\BD28802F0DF11FDB5F3D20A98F28BF3243B4D024.jpg F:\Series\Engilsh\The Pitt\The.Pitt.S02E01.720p.10bit.WEBRip.2CH.x265.HEVC-PSA.mkv
[23:45:23.882] ShellThumbnail: invoking mpv.exe --no-config --no-audio --no-sub --quiet --no-resume-playback --frames=1 --start=120 --vf-add=scale=256:-2 --of=image2 --ovc=mjpeg --o=C:\Users\Abd Allah\AppData\Local\PitflixPlayer\thumbs\9207373CD7364DE8C3B1FC7F19D29662EEB07741.jpg F:\Series\Engilsh\The Pitt\The.Pitt.S01E15.720p.10bit.WEBRip.2CH.x265.HEVC-PSA.mkv
[23:45:23.883] ShellThumbnail: invoking mpv.exe --no-config --no-audio --no-sub --quiet --no-resume-playback --frames=1 --start=120 --vf-add=scale=256:-2 --of=image2 --ovc=mjpeg --o=C:\Users\Abd Allah\AppData\Local\PitflixPlayer\thumbs\65197920E41298C214D02D560E99C3A19882256A.jpg F:\Series\Engilsh\The Pitt\The.Pitt.S02E02.720p.10bit.WEBRip.2CH.x265.HEVC-PSA.mkv
[23:45:24.002] ShellThumbnail: invoking mpv.exe --no-config --no-audio --no-sub --quiet --no-resume-playback --frames=1 --start=120 --vf-add=scale=256:-2 --of=image2 --ovc=mjpeg --o=C:\Users\Abd Allah\AppData\Local\PitflixPlayer\thumbs\4BE9843FE03C0AFD4D12067257285C9F4816DFBF.jpg F:\Series\Engilsh\The Pitt\The.Pitt.S02E04.720p.10bit.WEBRip.2CH.x265.HEVC-PSA.mkv
[23:45:24.035] ShellThumbnail: encoding-mode attempt failed for 'The Pitt S02E08 720p 10bit WEBRip 2CH x265 HEVC-PSA.mkv' (exit=2); stderr: 
[23:45:24.035] ShellThumbnail: trying --vo=image fallback for 'The.Pitt.S01E06.720p.10bit.WEBRip.2CH.x265.HEVC-PSA.mkv'
[23:45:24.035] ShellThumbnail: trying --vo=image fallback for 'The.Pitt.S01E09.720p.10bit.WEBRip.2CH.x265.HEVC-PSA.mkv'
[23:45:24.223] ShellThumbnail: invoking mpv.exe --no-config --no-audio --no-sub --quiet --no-resume-playback --frames=1 --start=120 --vf-add=scale=256:-2 --of=image2 --ovc=mjpeg --o=C:\Users\Abd Allah\AppData\Local\PitflixPlayer\thumbs\55C88C90D62A87ECC4FC3353F638DF2AEA4DF62F.jpg F:\Series\Engilsh\The Pitt\The Pitt S02E03 720p 10bit WEBRip 2CH x265 HEVC-PSA.mkv
[23:45:24.304] ShellThumbnail: encoding-mode attempt failed for 'The.Pitt.S01E01.720p.10bit.WEBRip.2CH.x265.HEVC-PSA.mkv' (exit=2); stderr: 
[23:45:24.304] ShellThumbnail: trying --vo=image fallback for 'The.Pitt.S01E01.720p.10bit.WEBRip.2CH.x265.HEVC-PSA.mkv'
[23:45:24.557] ShellThumbnail: encoding-mode attempt failed for 'The Pitt S02E12 720p 10bit WEBRip 2CH x265 HEVC-PSA.mkv' (exit=2); stderr: 
[23:45:24.557] ShellThumbnail: trying --vo=image fallback for 'The Pitt S02E12 720p 10bit WEBRip 2CH x265 HEVC-PSA.mkv'
[23:45:24.557] ShellThumbnail: trying --vo=image fallback for 'The Pitt S02E06 720p 10bit WEBRip 2CH x265 HEVC-PSA.mkv'
[23:45:25.182] ShellThumbnail: encoding-mode attempt failed for 'The.Pitt.S01E12.720p.10bit.WEBRip.2CH.x265.HEVC-PSA.mkv' (exit=2); stderr: 
[23:45:25.183] ShellThumbnail: trying --vo=image fallback for 'The.Pitt.S01E12.720p.10bit.WEBRip.2CH.x265.HEVC-PSA.mkv'
[23:45:25.278] ShellThumbnail: encoding-mode attempt failed for 'The.Pitt.S01E02.720p.10bit.WEBRip.2CH.x265.HEVC-PSA.mkv' (exit=2); stderr: 
[23:45:25.278] ShellThumbnail: trying --vo=image fallback for 'The Pitt S02E14 720p 10bit WEBRip 2CH x265 HEVC-PSA.mkv'
[23:45:25.362] ShellThumbnail: encoding-mode attempt failed for 'The Pitt S02E10 720p 10bit WEBRip 2CH x265 HEVC-PSA.mkv' (exit=2); stderr: 
[23:45:25.362] ShellThumbnail: trying --vo=image fallback for 'The Pitt S02E10 720p 10bit WEBRip 2CH x265 HEVC-PSA.mkv'
[23:45:25.362] ShellThumbnail: trying --vo=image fallback for 'The Pitt S02E13 720p 10bit WEBRip 2CH x265 HEVC-PSA.mkv'
[23:45:25.455] ShellThumbnail: encoding-mode attempt failed for 'The Pitt S02E09 720p 10bit WEBRip 2CH x265 HEVC-PSA.mkv' (exit=2); stderr: 
[23:45:25.455] ShellThumbnail: trying --vo=image fallback for 'The.Pitt.S02E01.720p.10bit.WEBRip.2CH.x265.HEVC-PSA.mkv'
[23:45:25.561] ShellThumbnail: --vo=image attempt also failed (exit=1); stderr: 
[23:45:25.568] ShellThumbnail: --vo=image attempt also failed (exit=1); stderr: 
[23:45:25.569] ShellThumbnail: --vo=image attempt also failed (exit=1); stderr: 
[23:45:25.570] ShellThumbnail: --vo=image attempt also failed (exit=1); stderr: 
[23:45:25.589] ShellThumbnail: encoding-mode attempt failed for 'The.Pitt.S01E07.720p.10bit.WEBRip.2CH.x265.HEVC-PSA.mkv' (exit=2); stderr: 
[23:45:25.589] ShellThumbnail: trying --vo=image fallback for 'The.Pitt.S01E07.720p.10bit.WEBRip.2CH.x265.HEVC-PSA.mkv'
[23:45:25.593] ShellThumbnail: encoding-mode attempt failed for 'The Pitt S02E03 720p 10bit WEBRip 2CH x265 HEVC-PSA.mkv' (exit=2); stderr: 
[23:45:25.594] ShellThumbnail: trying --vo=image fallback for 'The Pitt S02E03 720p 10bit WEBRip 2CH x265 HEVC-PSA.mkv'
[23:45:25.645] ShellThumbnail: encoding-mode attempt failed for 'The.Pitt.S01E13.720p.10bit.WEBRip.2CH.x265.HEVC-PSA.mkv' (exit=2); stderr: 
[23:45:25.645] ShellThumbnail: --vo=image attempt also failed (exit=1); stderr: 
[23:45:25.646] ShellThumbnail: trying --vo=image fallback for 'The.Pitt.S01E13.720p.10bit.WEBRip.2CH.x265.HEVC-PSA.mkv'
[23:45:25.647] ShellThumbnail: --vo=image attempt also failed (exit=1); stderr: 
[23:45:25.647] ShellThumbnail: --vo=image attempt also failed (exit=1); stderr: 
[23:45:25.648] ShellThumbnail: --vo=image attempt also failed (exit=1); stderr: 
[23:45:25.648] ShellThumbnail: encoding-mode attempt failed for 'The.Pitt.S01E05.720p.10bit.WEBRip.2CH.x265.HEVC-PSA.mkv' (exit=2); stderr: 
[23:45:25.648] ShellThumbnail: trying --vo=image fallback for 'The.Pitt.S01E05.720p.10bit.WEBRip.2CH.x265.HEVC-PSA.mkv'
[23:45:25.648] ShellThumbnail: --vo=image attempt also failed (exit=1); stderr: 
[23:45:25.651] ShellThumbnail: encoding-mode attempt failed for 'The.Pitt.S01E15.720p.10bit.WEBRip.2CH.x265.HEVC-PSA.mkv' (exit=2); stderr: 
[23:45:25.651] ShellThumbnail: trying --vo=image fallback for 'The.Pitt.S01E15.720p.10bit.WEBRip.2CH.x265.HEVC-PSA.mkv'
[23:45:25.669] ShellThumbnail: encoding-mode attempt failed for 'The Pitt S02E07 720p 10bit WEBRip 2CH x265 HEVC-PSA.mkv' (exit=2); stderr: 
[23:45:25.669] ShellThumbnail: trying --vo=image fallback for 'The Pitt S02E07 720p 10bit WEBRip 2CH x265 HEVC-PSA.mkv'
[23:45:25.678] ShellThumbnail: encoding-mode attempt failed for 'The.Pitt.S01E08.720p.10bit.WEBRip.2CH.x265.HEVC-PSA.mkv' (exit=2); stderr: 
[23:45:25.678] ShellThumbnail: trying --vo=image fallback for 'The.Pitt.S01E08.720p.10bit.WEBRip.2CH.x265.HEVC-PSA.mkv'
[23:45:25.679] ShellThumbnail: --vo=image attempt also failed (exit=1); stderr: 
[23:45:25.693] ShellThumbnail: --vo=image attempt also failed (exit=1); stderr: 
[23:45:25.696] ShellThumbnail: --vo=image attempt also failed (exit=1); stderr: 
[23:45:25.696] ShellThumbnail: --vo=image attempt also failed (exit=1); stderr: 
[23:45:25.739] ShellThumbnail: --vo=image attempt also failed (exit=1); stderr: 
[23:45:25.740] ShellThumbnail: encoding-mode attempt failed for 'The.Pitt.S01E10.720p.10bit.WEBRip.2CH.x265.HEVC-PSA.mkv' (exit=2); stderr: 
[23:45:25.740] ShellThumbnail: trying --vo=image fallback for 'The.Pitt.S01E10.720p.10bit.WEBRip.2CH.x265.HEVC-PSA.mkv'
[23:45:25.753] ShellThumbnail: encoding-mode attempt failed for 'The.Pitt.S02E04.720p.10bit.WEBRip.2CH.x265.HEVC-PSA.mkv' (exit=2); stderr: 
[23:45:25.753] ShellThumbnail: trying --vo=image fallback for 'The.Pitt.S02E04.720p.10bit.WEBRip.2CH.x265.HEVC-PSA.mkv'
[23:45:25.754] ShellThumbnail: --vo=image attempt also failed (exit=1); stderr: 
[23:45:25.754] ShellThumbnail: --vo=image attempt also failed (exit=1); stderr: 
[23:45:25.755] ShellThumbnail: --vo=image attempt also failed (exit=1); stderr: 
[23:45:25.755] ShellThumbnail: trying --vo=image fallback for 'The.Pitt.S01E14.720p.10bit.WEBRip.2CH.x265.HEVC-PSA.mkv'
[23:45:25.770] ShellThumbnail: --vo=image attempt also failed (exit=1); stderr: 
[23:45:25.775] ShellThumbnail: --vo=image attempt also failed (exit=1); stderr: 
[23:45:25.831] ShellThumbnail: --vo=image attempt also failed (exit=1); stderr: 
[23:45:25.847] ShellThumbnail: --vo=image attempt also failed (exit=1); stderr: 
[23:45:25.862] ShellThumbnail: --vo=image attempt also failed (exit=1); stderr: 
[23:45:34.545] Session stopped — entering pre-warm hide
[23:45:35.201] MpvIpcClient disposed
[23:45:35.202] Window closed
[06:02:41.031] App starting
[06:02:41.090] Subtitle preference loaded: mode=default, lang=(none)
[06:02:41.559] Keyboard hook handle: 0x296131D
[06:02:41.560] Mouse hook handle: 0x4E13B9
[06:02:41.562] OnLoadedCore start
[06:02:43.683] ChildHwnd = 0x71052
[06:02:43.683] Calling AttachAsync
[06:02:43.700] AttachAsync succeeded
[06:02:43.700] Connecting IPC to pipe: pitflix-wid-e7293f1988314235996c7fd62a876ef4
[06:02:43.736] MpvIpcClient connected to \\.\pipe\pitflix-wid-e7293f1988314235996c7fd62a876ef4
[06:02:43.934] OnLoadedCore complete
[06:02:44.094] BuildFolderPlaylist: scanned 1 video file(s) in 'F:\Movies\اجنبي\Puss.in.Boots.The.Last.Wish.2022.1080p.10bit.WEBRip.6CH.x265.HEVC-PSA'
[06:02:44.094] BuildFolderPlaylist: only 1 video; leaving prev/next hidden
[06:03:01.083] Session stopped — entering pre-warm hide
[06:03:01.853] MpvIpcClient disposed
[06:03:01.854] Window closed
[06:34:59.499] App starting
[06:34:59.505] Subtitle preference loaded: mode=default, lang=(none)
[06:34:59.903] Keyboard hook handle: 0xDC21361
[06:34:59.905] Mouse hook handle: 0x54D0FE3
[06:34:59.908] OnLoadedCore start
[06:35:02.018] ChildHwnd = 0x380DE8
[06:35:02.018] Calling AttachAsync
[06:35:02.036] AttachAsync succeeded
[06:35:02.036] Connecting IPC to pipe: pitflix-wid-241be5b786014034acba8502a375ff8f
[06:35:02.073] MpvIpcClient connected to \\.\pipe\pitflix-wid-241be5b786014034acba8502a375ff8f
[06:35:02.286] OnLoadedCore complete
[06:35:02.446] BuildFolderPlaylist: scanned 1 video file(s) in 'F:\Movies\اجنبي\Puss.in.Boots.The.Last.Wish.2022.1080p.10bit.WEBRip.6CH.x265.HEVC-PSA'
[06:35:02.446] BuildFolderPlaylist: only 1 video; leaving prev/next hidden
[06:36:43.174] Session stopped — entering pre-warm hide
[06:36:44.088] MpvIpcClient disposed
[06:36:44.088] Window closed
[06:41:21.880] App starting
[06:41:21.917] Subtitle preference loaded: mode=default, lang=(none)
[06:41:22.375] Keyboard hook handle: 0x90A0F6F
[06:41:22.375] Mouse hook handle: 0xA170A91
[06:41:22.378] OnLoadedCore start
[06:41:24.497] ChildHwnd = 0x1110B6
[06:41:24.497] Calling AttachAsync
[06:41:24.512] AttachAsync succeeded
[06:41:24.513] Connecting IPC to pipe: pitflix-wid-8dc4e7447f2441f09f4bbd2695941410
[06:41:24.547] MpvIpcClient connected to \\.\pipe\pitflix-wid-8dc4e7447f2441f09f4bbd2695941410
[06:41:24.720] OnLoadedCore complete
[06:41:24.875] BuildFolderPlaylist: scanned 1 video file(s) in 'F:\Movies\اجنبي\Puss.in.Boots.The.Last.Wish.2022.1080p.10bit.WEBRip.6CH.x265.HEVC-PSA'
[06:41:24.876] BuildFolderPlaylist: only 1 video; leaving prev/next hidden
[06:41:37.870] Session stopped — entering pre-warm hide
[06:41:39.151] MpvIpcClient disposed
[06:41:39.151] Window closed
[06:41:43.425] App starting
[06:41:43.430] Subtitle preference loaded: mode=default, lang=(none)
[06:41:43.865] Keyboard hook handle: 0x2C170B13
[06:41:43.866] Mouse hook handle: 0x19D11145
[06:41:43.868] OnLoadedCore start
[06:41:45.983] ChildHwnd = 0x930D60
[06:41:45.983] Calling AttachAsync
[06:41:45.996] AttachAsync succeeded
[06:41:45.997] Connecting IPC to pipe: pitflix-wid-dcc35e5a36094f578b9cd49c0822c897
[06:41:46.037] MpvIpcClient connected to \\.\pipe\pitflix-wid-dcc35e5a36094f578b9cd49c0822c897
[06:41:46.203] OnLoadedCore complete
[06:41:46.363] BuildFolderPlaylist: scanned 29 video file(s) in 'F:\Series\Engilsh\The Pitt'
[06:41:46.364] BuildFolderPlaylist: queued 29 files; current at idx 27 — prev/next now visible
[06:41:50.803] ShellThumbnail: invoking mpv.exe --no-config --no-audio --no-sub --quiet --no-resume-playback --frames=1 --start=120 --vf-add=scale=256:-2 --of=image2 --ovc=mjpeg --o=C:\Users\Abd Allah\AppData\Local\PitflixPlayer\thumbs\E146A6AA5EB4A574052D06E753EA9A6932892D89.jpg F:\Series\Engilsh\The Pitt\The Pitt S02E07 720p 10bit WEBRip 2CH x265 HEVC-PSA.mkv
[06:41:50.851] ShellThumbnail: invoking mpv.exe --no-config --no-audio --no-sub --quiet --no-resume-playback --frames=1 --start=120 --vf-add=scale=256:-2 --of=image2 --ovc=mjpeg --o=C:\Users\Abd Allah\AppData\Local\PitflixPlayer\thumbs\B941AF28C13C52F18A1BCC6555D332A5787F5356.jpg F:\Series\Engilsh\The Pitt\The Pitt S02E13 720p 10bit WEBRip 2CH x265 HEVC-PSA.mkv
[06:41:50.856] ShellThumbnail: invoking mpv.exe --no-config --no-audio --no-sub --quiet --no-resume-playback --frames=1 --start=120 --vf-add=scale=256:-2 --of=image2 --ovc=mjpeg --o=C:\Users\Abd Allah\AppData\Local\PitflixPlayer\thumbs\09F3CF07CEA464AB45DB212A3B45C4B8D0719036.jpg F:\Series\Engilsh\The Pitt\The Pitt S02E12 720p 10bit WEBRip 2CH x265 HEVC-PSA.mkv
[06:41:50.883] ShellThumbnail: invoking mpv.exe --no-config --no-audio --no-sub --quiet --no-resume-playback --frames=1 --start=120 --vf-add=scale=256:-2 --of=image2 --ovc=mjpeg --o=C:\Users\Abd Allah\AppData\Local\PitflixPlayer\thumbs\E613FFC7C5D412994AE2D2985AD505FC1266922A.jpg F:\Series\Engilsh\The Pitt\The Pitt S02E15 720p 10bit WEBRip 2CH x265 HEVC-PSA.mkv
[06:41:51.007] ShellThumbnail: invoking mpv.exe --no-config --no-audio --no-sub --quiet --no-resume-playback --frames=1 --start=120 --vf-add=scale=256:-2 --of=image2 --ovc=mjpeg --o=C:\Users\Abd Allah\AppData\Local\PitflixPlayer\thumbs\AB49124AFE43B51BFB1EA76B9519D0541D44B410.jpg F:\Series\Engilsh\The Pitt\The Pitt S02E05 720p 10bit WEBRip 2CH x265 HEVC-PSA.mkv
[06:41:51.201] ShellThumbnail: invoking mpv.exe --no-config --no-audio --no-sub --quiet --no-resume-playback --frames=1 --start=120 --vf-add=scale=256:-2 --of=image2 --ovc=mjpeg --o=C:\Users\Abd Allah\AppData\Local\PitflixPlayer\thumbs\55C88C90D62A87ECC4FC3353F638DF2AEA4DF62F.jpg F:\Series\Engilsh\The Pitt\The Pitt S02E03 720p 10bit WEBRip 2CH x265 HEVC-PSA.mkv
[06:41:51.235] ShellThumbnail: invoking mpv.exe --no-config --no-audio --no-sub --quiet --no-resume-playback --frames=1 --start=120 --vf-add=scale=256:-2 --of=image2 --ovc=mjpeg --o=C:\Users\Abd Allah\AppData\Local\PitflixPlayer\thumbs\DA5329B8C7D45ED538DB26E0A9B6E49991080DE7.jpg F:\Series\Engilsh\The Pitt\The Pitt S02E08 720p 10bit WEBRip 2CH x265 HEVC-PSA.mkv
[06:41:51.354] ShellThumbnail: invoking mpv.exe --no-config --no-audio --no-sub --quiet --no-resume-playback --frames=1 --start=120 --vf-add=scale=256:-2 --of=image2 --ovc=mjpeg --o=C:\Users\Abd Allah\AppData\Local\PitflixPlayer\thumbs\9C270355E6B0D745657872930D8B4ED263A6D017.jpg F:\Series\Engilsh\The Pitt\The Pitt S02E10 720p 10bit WEBRip 2CH x265 HEVC-PSA.mkv
[06:41:51.650] ShellThumbnail: invoking mpv.exe --no-config --no-audio --no-sub --quiet --no-resume-playback --frames=1 --start=120 --vf-add=scale=256:-2 --of=image2 --ovc=mjpeg --o=C:\Users\Abd Allah\AppData\Local\PitflixPlayer\thumbs\195413554CFF7230439D03E469048F02F823D41F.jpg F:\Series\Engilsh\The Pitt\The Pitt S02E14 720p 10bit WEBRip 2CH x265 HEVC-PSA.mkv
[06:41:51.691] ShellThumbnail: invoking mpv.exe --no-config --no-audio --no-sub --quiet --no-resume-playback --frames=1 --start=120 --vf-add=scale=256:-2 --of=image2 --ovc=mjpeg --o=C:\Users\Abd Allah\AppData\Local\PitflixPlayer\thumbs\2CA0BCE559A9BB0CDF7FA0001FB0B877F8DB89EC.jpg F:\Series\Engilsh\The Pitt\The Pitt S02E06 720p 10bit WEBRip 2CH x265 HEVC-PSA.mkv
[06:41:52.283] ShellThumbnail: invoking mpv.exe --no-config --no-audio --no-sub --quiet --no-resume-playback --frames=1 --start=120 --vf-add=scale=256:-2 --of=image2 --ovc=mjpeg --o=C:\Users\Abd Allah\AppData\Local\PitflixPlayer\thumbs\5DE2830EC136DFDC6ED2B788E845DA18F0489AC2.jpg F:\Series\Engilsh\The Pitt\The.Pitt.S01E01.720p.10bit.WEBRip.2CH.x265.HEVC-PSA.mkv
[06:41:53.486] ShellThumbnail: invoking mpv.exe --no-config --no-audio --no-sub --quiet --no-resume-playback --frames=1 --start=120 --vf-add=scale=256:-2 --of=image2 --ovc=mjpeg --o=C:\Users\Abd Allah\AppData\Local\PitflixPlayer\thumbs\58FCB6F1921F599AAF898DA489AE68F22E5DC22A.jpg F:\Series\Engilsh\The Pitt\The.Pitt.S01E12.720p.10bit.WEBRip.2CH.x265.HEVC-PSA.mkv
[06:41:53.536] ShellThumbnail: invoking mpv.exe --no-config --no-audio --no-sub --quiet --no-resume-playback --frames=1 --start=120 --vf-add=scale=256:-2 --of=image2 --ovc=mjpeg --o=C:\Users\Abd Allah\AppData\Local\PitflixPlayer\thumbs\8CF0238E8DD12C66C1FC3222F2A79555E1047C9E.jpg F:\Series\Engilsh\The Pitt\The.Pitt.S01E13.720p.10bit.WEBRip.2CH.x265.HEVC-PSA.mkv
[06:41:53.577] ShellThumbnail: invoking mpv.exe --no-config --no-audio --no-sub --quiet --no-resume-playback --frames=1 --start=120 --vf-add=scale=256:-2 --of=image2 --ovc=mjpeg --o=C:\Users\Abd Allah\AppData\Local\PitflixPlayer\thumbs\6AF3F08DD7194BF748F68F2519C9A2E3B218BE46.jpg F:\Series\Engilsh\The Pitt\The.Pitt.S01E11.720p.10bit.WEBRip.2CH.x265.HEVC-PSA.mkv
[06:41:53.822] ShellThumbnail: invoking mpv.exe --no-config --no-audio --no-sub --quiet --no-resume-playback --frames=1 --start=120 --vf-add=scale=256:-2 --of=image2 --ovc=mjpeg --o=C:\Users\Abd Allah\AppData\Local\PitflixPlayer\thumbs\455E3BD1803432E08ACB0D778043D430796598EA.jpg F:\Series\Engilsh\The Pitt\The.Pitt.S01E14.720p.10bit.WEBRip.2CH.x265.HEVC-PSA.mkv
[06:41:53.828] ShellThumbnail: invoking mpv.exe --no-config --no-audio --no-sub --quiet --no-resume-playback --frames=1 --start=120 --vf-add=scale=256:-2 --of=image2 --ovc=mjpeg --o=C:\Users\Abd Allah\AppData\Local\PitflixPlayer\thumbs\9207373CD7364DE8C3B1FC7F19D29662EEB07741.jpg F:\Series\Engilsh\The Pitt\The.Pitt.S01E15.720p.10bit.WEBRip.2CH.x265.HEVC-PSA.mkv
[06:41:54.356] ShellThumbnail: invoking mpv.exe --no-config --no-audio --no-sub --quiet --no-resume-playback --frames=1 --start=120 --vf-add=scale=256:-2 --of=image2 --ovc=mjpeg --o=C:\Users\Abd Allah\AppData\Local\PitflixPlayer\thumbs\BD28802F0DF11FDB5F3D20A98F28BF3243B4D024.jpg F:\Series\Engilsh\The Pitt\The.Pitt.S02E01.720p.10bit.WEBRip.2CH.x265.HEVC-PSA.mkv
[06:41:54.426] ShellThumbnail: encoding-mode attempt failed for 'The Pitt S02E06 720p 10bit WEBRip 2CH x265 HEVC-PSA.mkv' (exit=2); stderr: 
[06:41:54.427] ShellThumbnail: trying --vo=image fallback for 'The Pitt S02E06 720p 10bit WEBRip 2CH x265 HEVC-PSA.mkv'
[06:41:54.487] ShellThumbnail: invoking mpv.exe --no-config --no-audio --no-sub --quiet --no-resume-playback --frames=1 --start=120 --vf-add=scale=256:-2 --of=image2 --ovc=mjpeg --o=C:\Users\Abd Allah\AppData\Local\PitflixPlayer\thumbs\65197920E41298C214D02D560E99C3A19882256A.jpg F:\Series\Engilsh\The Pitt\The.Pitt.S02E02.720p.10bit.WEBRip.2CH.x265.HEVC-PSA.mkv
[06:41:54.559] ShellThumbnail: encoding-mode attempt failed for 'The.Pitt.S01E03.720p.10bit.WEBRip.2CH.x265.HEVC-PSA.mkv' (exit=2); stderr: 
[06:41:54.560] ShellThumbnail: trying --vo=image fallback for 'The Pitt S02E09 720p 10bit WEBRip 2CH x265 HEVC-PSA.mkv'
[06:41:54.876] ShellThumbnail: invoking mpv.exe --no-config --no-audio --no-sub --quiet --no-resume-playback --frames=1 --start=120 --vf-add=scale=256:-2 --of=image2 --ovc=mjpeg --o=C:\Users\Abd Allah\AppData\Local\PitflixPlayer\thumbs\4BE9843FE03C0AFD4D12067257285C9F4816DFBF.jpg F:\Series\Engilsh\The Pitt\The.Pitt.S02E04.720p.10bit.WEBRip.2CH.x265.HEVC-PSA.mkv
[06:41:54.876] ShellThumbnail: invoking mpv.exe --no-config --no-audio --no-sub --quiet --no-resume-playback --frames=1 --start=120 --vf-add=scale=256:-2 --of=image2 --ovc=mjpeg --o=C:\Users\Abd Allah\AppData\Local\PitflixPlayer\thumbs\4031D4A097518407DF2B07B467FEB23FCDD7751F.jpg F:\Series\Engilsh\The Pitt\The.Pitt.S01E09.720p.10bit.WEBRip.2CH.x265.HEVC-PSA.mkv
[06:41:55.080] ShellThumbnail: invoking mpv.exe --no-config --no-audio --no-sub --quiet --no-resume-playback --frames=1 --start=120 --vf-add=scale=256:-2 --of=image2 --ovc=mjpeg --o=C:\Users\Abd Allah\AppData\Local\PitflixPlayer\thumbs\40809C58E2CABB0AF3D1720ECFA0A5BAEC7A3A2E.jpg F:\Series\Engilsh\The Pitt\The.Pitt.S01E07.720p.10bit.WEBRip.2CH.x265.HEVC-PSA.mkv
[06:41:55.085] ShellThumbnail: encoding-mode attempt failed for 'The Pitt S02E10 720p 10bit WEBRip 2CH x265 HEVC-PSA.mkv' (exit=2); stderr: 
[06:41:55.086] ShellThumbnail: trying --vo=image fallback for 'The Pitt S02E10 720p 10bit WEBRip 2CH x265 HEVC-PSA.mkv'
[06:41:55.091] ShellThumbnail: encoding-mode attempt failed for 'The.Pitt.S01E14.720p.10bit.WEBRip.2CH.x265.HEVC-PSA.mkv' (exit=2); stderr: 
[06:41:55.092] ShellThumbnail: trying --vo=image fallback for 'The.Pitt.S01E14.720p.10bit.WEBRip.2CH.x265.HEVC-PSA.mkv'
[06:41:55.185] ShellThumbnail: encoding-mode attempt failed for 'The.Pitt.S01E01.720p.10bit.WEBRip.2CH.x265.HEVC-PSA.mkv' (exit=2); stderr: 
[06:41:55.185] ShellThumbnail: trying --vo=image fallback for 'The.Pitt.S01E01.720p.10bit.WEBRip.2CH.x265.HEVC-PSA.mkv'
[06:41:55.215] ShellThumbnail: invoking mpv.exe --no-config --no-audio --no-sub --quiet --no-resume-playback --frames=1 --start=120 --vf-add=scale=256:-2 --of=image2 --ovc=mjpeg --o=C:\Users\Abd Allah\AppData\Local\PitflixPlayer\thumbs\299CFEC111B919A491DB99A3B8125215E4666EAD.jpg F:\Series\Engilsh\The Pitt\The.Pitt.S01E08.720p.10bit.WEBRip.2CH.x265.HEVC-PSA.mkv
[06:41:55.325] ShellThumbnail: encoding-mode attempt failed for 'The.Pitt.S01E12.720p.10bit.WEBRip.2CH.x265.HEVC-PSA.mkv' (exit=2); stderr: 
[06:41:55.325] ShellThumbnail: trying --vo=image fallback for 'The.Pitt.S01E12.720p.10bit.WEBRip.2CH.x265.HEVC-PSA.mkv'
[06:41:55.406] ShellThumbnail: encoding-mode attempt failed for 'The.Pitt.S02E01.720p.10bit.WEBRip.2CH.x265.HEVC-PSA.mkv' (exit=2); stderr: 
[06:41:55.407] ShellThumbnail: trying --vo=image fallback for 'The Pitt S02E05 720p 10bit WEBRip 2CH x265 HEVC-PSA.mkv'
[06:41:55.407] ShellThumbnail: trying --vo=image fallback for 'The.Pitt.S02E01.720p.10bit.WEBRip.2CH.x265.HEVC-PSA.mkv'
[06:41:55.409] ShellThumbnail: encoding-mode attempt failed for 'The.Pitt.S02E02.720p.10bit.WEBRip.2CH.x265.HEVC-PSA.mkv' (exit=2); stderr: 
[06:41:55.409] ShellThumbnail: trying --vo=image fallback for 'The.Pitt.S02E02.720p.10bit.WEBRip.2CH.x265.HEVC-PSA.mkv'
[06:41:55.584] ShellThumbnail: encoding-mode attempt failed for 'The.Pitt.S01E15.720p.10bit.WEBRip.2CH.x265.HEVC-PSA.mkv' (exit=2); stderr: 
[06:41:55.584] ShellThumbnail: trying --vo=image fallback for 'The.Pitt.S01E15.720p.10bit.WEBRip.2CH.x265.HEVC-PSA.mkv'
[06:41:55.653] ShellThumbnail: encoding-mode attempt failed for 'The.Pitt.S01E11.720p.10bit.WEBRip.2CH.x265.HEVC-PSA.mkv' (exit=2); stderr: 
[06:41:55.654] ShellThumbnail: trying --vo=image fallback for 'The Pitt S02E15 720p 10bit WEBRip 2CH x265 HEVC-PSA.mkv'
[06:41:55.654] ShellThumbnail: trying --vo=image fallback for 'The.Pitt.S01E11.720p.10bit.WEBRip.2CH.x265.HEVC-PSA.mkv'
[06:41:55.661] ShellThumbnail: --vo=image attempt also failed (exit=1); stderr: 
[06:41:55.663] ShellThumbnail: --vo=image attempt also failed (exit=1); stderr: 
[06:41:55.665] ShellThumbnail: encoding-mode attempt failed for 'The.Pitt.S01E09.720p.10bit.WEBRip.2CH.x265.HEVC-PSA.mkv' (exit=2); stderr: 
[06:41:55.665] ShellThumbnail: trying --vo=image fallback for 'The.Pitt.S01E09.720p.10bit.WEBRip.2CH.x265.HEVC-PSA.mkv'
[06:41:55.736] ShellThumbnail: encoding-mode attempt failed for 'The Pitt S02E13 720p 10bit WEBRip 2CH x265 HEVC-PSA.mkv' (exit=2); stderr: 
[06:41:55.736] ShellThumbnail: trying --vo=image fallback for 'The.Pitt.S02E04.720p.10bit.WEBRip.2CH.x265.HEVC-PSA.mkv'
[06:41:55.736] ShellThumbnail: trying --vo=image fallback for 'The Pitt S02E13 720p 10bit WEBRip 2CH x265 HEVC-PSA.mkv'
[06:41:55.756] ShellThumbnail: --vo=image attempt also failed (exit=1); stderr: 
[06:41:55.757] ShellThumbnail: trying --vo=image fallback for 'The Pitt S02E12 720p 10bit WEBRip 2CH x265 HEVC-PSA.mkv'
[06:41:55.758] ShellThumbnail: invoking mpv.exe --no-config --no-audio --no-sub --quiet --no-resume-playback --frames=1 --start=120 --vf-add=scale=256:-2 --of=image2 --ovc=mjpeg --o=C:\Users\Abd Allah\AppData\Local\PitflixPlayer\thumbs\936C964C9755D7FA72A56865439DF1FE61EDA452.jpg F:\Series\Engilsh\The Pitt\The.Pitt.S01E06.720p.10bit.WEBRip.2CH.x265.HEVC-PSA.mkv
[06:41:55.762] ShellThumbnail: encoding-mode attempt failed for 'The.Pitt.S01E07.720p.10bit.WEBRip.2CH.x265.HEVC-PSA.mkv' (exit=2); stderr: 
[06:41:55.762] ShellThumbnail: trying --vo=image fallback for 'The.Pitt.S01E07.720p.10bit.WEBRip.2CH.x265.HEVC-PSA.mkv'
[06:41:55.870] ShellThumbnail: encoding-mode attempt failed for 'The Pitt S02E08 720p 10bit WEBRip 2CH x265 HEVC-PSA.mkv' (exit=2); stderr: 
[06:41:55.870] ShellThumbnail: trying --vo=image fallback for 'The Pitt S02E08 720p 10bit WEBRip 2CH x265 HEVC-PSA.mkv'
[06:41:55.892] ShellThumbnail: --vo=image attempt also failed (exit=1); stderr: 
[06:41:55.953] ShellThumbnail: encoding-mode attempt failed for 'The.Pitt.S01E02.720p.10bit.WEBRip.2CH.x265.HEVC-PSA.mkv' (exit=2); stderr: 
[06:41:55.953] ShellThumbnail: trying --vo=image fallback for 'The.Pitt.S01E02.720p.10bit.WEBRip.2CH.x265.HEVC-PSA.mkv'
[06:41:55.955] ShellThumbnail: --vo=image attempt also failed (exit=1); stderr: 
[06:41:55.955] ShellThumbnail: --vo=image attempt also failed (exit=1); stderr: 
[06:41:55.955] ShellThumbnail: --vo=image attempt also failed (exit=1); stderr: 
[06:41:55.956] ShellThumbnail: --vo=image attempt also failed (exit=1); stderr: 
[06:41:55.956] ShellThumbnail: trying --vo=image fallback for 'The.Pitt.S01E13.720p.10bit.WEBRip.2CH.x265.HEVC-PSA.mkv'
[06:41:55.957] ShellThumbnail: --vo=image attempt also failed (exit=1); stderr: 
[06:41:56.008] ShellThumbnail: invoking mpv.exe --no-config --no-audio --no-sub --quiet --no-resume-playback --frames=1 --start=120 --vf-add=scale=256:-2 --of=image2 --ovc=mjpeg --o=C:\Users\Abd Allah\AppData\Local\PitflixPlayer\thumbs\1667C7117E625F994D4575065FEA1EB10285C489.jpg F:\Series\Engilsh\The Pitt\The.Pitt.S01E05.720p.10bit.WEBRip.2CH.x265.HEVC-PSA.mkv
[06:41:56.011] ShellThumbnail: --vo=image attempt also failed (exit=1); stderr: 
[06:41:56.011] ShellThumbnail: --vo=image attempt also failed (exit=1); stderr: 
[06:41:56.025] ShellThumbnail: --vo=image attempt also failed (exit=1); stderr: 
[06:41:56.084] ShellThumbnail: invoking mpv.exe --no-config --no-audio --no-sub --quiet --no-resume-playback --frames=1 --start=120 --vf-add=scale=256:-2 --of=image2 --ovc=mjpeg --o=C:\Users\Abd Allah\AppData\Local\PitflixPlayer\thumbs\07A9C809BA1193962E79905BEFDF6B38542F6554.jpg F:\Series\Engilsh\The Pitt\The.Pitt.S01E04.720p.10bit.WEBRip.2CH.x265.HEVC-PSA.mkv
[06:41:56.086] ShellThumbnail: --vo=image attempt also failed (exit=1); stderr: 
[06:41:56.086] ShellThumbnail: --vo=image attempt also failed (exit=1); stderr: 
[06:41:56.086] ShellThumbnail: --vo=image attempt also failed (exit=1); stderr: 
[06:41:56.087] ShellThumbnail: --vo=image attempt also failed (exit=1); stderr: 
[06:41:56.088] ShellThumbnail: --vo=image attempt also failed (exit=1); stderr: 
[06:41:56.088] ShellThumbnail: --vo=image attempt also failed (exit=1); stderr: 
[06:41:56.088] ShellThumbnail: --vo=image attempt also failed (exit=1); stderr: 
[06:41:56.089] ShellThumbnail: trying --vo=image fallback for 'The.Pitt.S01E10.720p.10bit.WEBRip.2CH.x265.HEVC-PSA.mkv'
[06:41:56.125] ShellThumbnail: encoding-mode attempt failed for 'The.Pitt.S01E08.720p.10bit.WEBRip.2CH.x265.HEVC-PSA.mkv' (exit=2); stderr: 
[06:41:56.125] ShellThumbnail: trying --vo=image fallback for 'The.Pitt.S01E08.720p.10bit.WEBRip.2CH.x265.HEVC-PSA.mkv'
[06:41:56.205] ShellThumbnail: --vo=image attempt also failed (exit=1); stderr: 
[06:41:56.247] ShellThumbnail: --vo=image attempt also failed (exit=1); stderr: 
[06:41:56.448] ShellThumbnail: encoding-mode attempt failed for 'The.Pitt.S01E06.720p.10bit.WEBRip.2CH.x265.HEVC-PSA.mkv' (exit=2); stderr: 
[06:41:56.448] ShellThumbnail: trying --vo=image fallback for 'The.Pitt.S01E06.720p.10bit.WEBRip.2CH.x265.HEVC-PSA.mkv'
[06:41:56.521] ShellThumbnail: encoding-mode attempt failed for 'The.Pitt.S01E05.720p.10bit.WEBRip.2CH.x265.HEVC-PSA.mkv' (exit=2); stderr: 
[06:41:56.522] ShellThumbnail: trying --vo=image fallback for 'The.Pitt.S01E05.720p.10bit.WEBRip.2CH.x265.HEVC-PSA.mkv'
[06:41:56.533] ShellThumbnail: --vo=image attempt also failed (exit=1); stderr: 
[06:41:56.537] ShellThumbnail: encoding-mode attempt failed for 'The.Pitt.S01E04.720p.10bit.WEBRip.2CH.x265.HEVC-PSA.mkv' (exit=2); stderr: 
[06:41:56.537] ShellThumbnail: trying --vo=image fallback for 'The.Pitt.S01E04.720p.10bit.WEBRip.2CH.x265.HEVC-PSA.mkv'
[06:41:56.606] ShellThumbnail: --vo=image attempt also failed (exit=1); stderr: 
[06:41:56.622] ShellThumbnail: --vo=image attempt also failed (exit=1); stderr: 
[06:44:35.768] Session stopped — entering pre-warm hide
[06:44:36.682] MpvIpcClient disposed
[06:44:36.682] Window closed
[06:55:38.498] App starting
[06:55:38.509] Subtitle preference loaded: mode=default, lang=(none)
[06:55:38.855] Keyboard hook handle: 0xFF90FE7
[06:55:38.855] Mouse hook handle: 0xE551341
[06:55:38.857] OnLoadedCore start
[06:55:40.967] ChildHwnd = 0x6706A4
[06:55:40.968] Calling AttachAsync
[06:55:40.983] AttachAsync succeeded
[06:55:40.983] Connecting IPC to pipe: pitflix-wid-d1cd5119bf6644178ca4039cbf9b7d76
[06:55:41.022] MpvIpcClient connected to \\.\pipe\pitflix-wid-d1cd5119bf6644178ca4039cbf9b7d76
[06:55:41.389] BuildFolderPlaylist: scanned 29 video file(s) in 'F:\Series\Engilsh\The Pitt'
[06:55:41.391] BuildFolderPlaylist: queued 29 files; current at idx 27 — prev/next now visible
[06:55:41.466] OnLoadedCore complete
[06:55:53.913] ShellThumbnail: invoking screenshot-script for 'The.Pitt.S01E02.720p.10bit.WEBRip.2CH.x265.HEVC-PSA.mkv'
[06:55:53.917] ShellThumbnail: invoking screenshot-script for 'The Pitt S02E05 720p 10bit WEBRip 2CH x265 HEVC-PSA.mkv'
[06:55:53.927] ShellThumbnail: invoking screenshot-script for 'The Pitt S02E06 720p 10bit WEBRip 2CH x265 HEVC-PSA.mkv'
[06:55:53.939] ShellThumbnail: invoking screenshot-script for 'The Pitt S02E09 720p 10bit WEBRip 2CH x265 HEVC-PSA.mkv'
[06:55:53.950] ShellThumbnail: invoking screenshot-script for 'The Pitt S02E13 720p 10bit WEBRip 2CH x265 HEVC-PSA.mkv'
[06:55:54.041] ShellThumbnail: invoking screenshot-script for 'The Pitt S02E10 720p 10bit WEBRip 2CH x265 HEVC-PSA.mkv'
[06:55:54.162] ShellThumbnail: invoking screenshot-script for 'The.Pitt.S01E01.720p.10bit.WEBRip.2CH.x265.HEVC-PSA.mkv'
[06:55:54.187] ShellThumbnail: invoking screenshot-script for 'The Pitt S02E07 720p 10bit WEBRip 2CH x265 HEVC-PSA.mkv'
[06:55:54.258] ShellThumbnail: invoking screenshot-script for 'The.Pitt.S01E03.720p.10bit.WEBRip.2CH.x265.HEVC-PSA.mkv'
[06:55:54.268] ShellThumbnail: invoking screenshot-script for 'The.Pitt.S01E04.720p.10bit.WEBRip.2CH.x265.HEVC-PSA.mkv'
[06:55:54.289] ShellThumbnail: invoking screenshot-script for 'The.Pitt.S01E05.720p.10bit.WEBRip.2CH.x265.HEVC-PSA.mkv'
[06:55:54.323] ShellThumbnail: invoking screenshot-script for 'The.Pitt.S01E06.720p.10bit.WEBRip.2CH.x265.HEVC-PSA.mkv'
[06:55:54.361] ShellThumbnail: invoking screenshot-script for 'The.Pitt.S01E07.720p.10bit.WEBRip.2CH.x265.HEVC-PSA.mkv'
[06:55:54.417] ShellThumbnail: invoking screenshot-script for 'The Pitt S02E08 720p 10bit WEBRip 2CH x265 HEVC-PSA.mkv'
[06:55:54.474] ShellThumbnail: invoking screenshot-script for 'The Pitt S02E14 720p 10bit WEBRip 2CH x265 HEVC-PSA.mkv'
[06:55:54.503] ShellThumbnail: invoking screenshot-script for 'The.Pitt.S01E08.720p.10bit.WEBRip.2CH.x265.HEVC-PSA.mkv'
[06:55:54.540] ShellThumbnail: invoking screenshot-script for 'The.Pitt.S01E09.720p.10bit.WEBRip.2CH.x265.HEVC-PSA.mkv'
[06:55:54.582] ShellThumbnail: invoking screenshot-script for 'The.Pitt.S01E10.720p.10bit.WEBRip.2CH.x265.HEVC-PSA.mkv'
[06:55:54.713] ShellThumbnail: invoking screenshot-script for 'The.Pitt.S01E11.720p.10bit.WEBRip.2CH.x265.HEVC-PSA.mkv'
[06:55:54.733] ShellThumbnail: invoking screenshot-script for 'The.Pitt.S01E12.720p.10bit.WEBRip.2CH.x265.HEVC-PSA.mkv'
[06:55:54.782] ShellThumbnail: invoking screenshot-script for 'The.Pitt.S01E13.720p.10bit.WEBRip.2CH.x265.HEVC-PSA.mkv'
[06:55:54.812] ShellThumbnail: invoking screenshot-script for 'The.Pitt.S01E14.720p.10bit.WEBRip.2CH.x265.HEVC-PSA.mkv'
[06:55:54.817] ShellThumbnail: invoking screenshot-script for 'The.Pitt.S01E15.720p.10bit.WEBRip.2CH.x265.HEVC-PSA.mkv'
[06:55:54.849] ShellThumbnail: invoking screenshot-script for 'The Pitt S02E12 720p 10bit WEBRip 2CH x265 HEVC-PSA.mkv'
[06:55:54.920] ShellThumbnail: invoking screenshot-script for 'The Pitt S02E15 720p 10bit WEBRip 2CH x265 HEVC-PSA.mkv'
[06:55:54.989] ShellThumbnail: script attempt failed (exit=0); stderr: 
[06:55:54.991] ShellThumbnail: invoking mpv.exe --no-config --no-audio --no-sub --quiet --no-resume-playback --frames=1 --start=120 --vf-add=scale=256:-2 --of=image2 --ovc=mjpeg --o=C:\Users\Abd Allah\AppData\Local\PitflixPlayer\thumbs\310D5AFF6B52802A4FDA6B708C5674D9A0A504F0.jpg F:\Series\Engilsh\The Pitt\The.Pitt.S01E02.720p.10bit.WEBRip.2CH.x265.HEVC-PSA.mkv
[06:55:55.034] ShellThumbnail: invoking screenshot-script for 'The.Pitt.S02E01.720p.10bit.WEBRip.2CH.x265.HEVC-PSA.mkv'
[06:55:55.075] ShellThumbnail: invoking screenshot-script for 'The.Pitt.S02E04.720p.10bit.WEBRip.2CH.x265.HEVC-PSA.mkv'
[06:55:55.102] ShellThumbnail: script attempt failed (exit=0); stderr: 
[06:55:55.103] ShellThumbnail: invoking mpv.exe --no-config --no-audio --no-sub --quiet --no-resume-playback --frames=1 --start=120 --vf-add=scale=256:-2 --of=image2 --ovc=mjpeg --o=C:\Users\Abd Allah\AppData\Local\PitflixPlayer\thumbs\E146A6AA5EB4A574052D06E753EA9A6932892D89.jpg F:\Series\Engilsh\The Pitt\The Pitt S02E07 720p 10bit WEBRip 2CH x265 HEVC-PSA.mkv
[06:55:55.115] ShellThumbnail: script attempt failed (exit=0); stderr: 
[06:55:55.116] ShellThumbnail: invoking mpv.exe --no-config --no-audio --no-sub --quiet --no-resume-playback --frames=1 --start=120 --vf-add=scale=256:-2 --of=image2 --ovc=mjpeg --o=C:\Users\Abd Allah\AppData\Local\PitflixPlayer\thumbs\6AF3F08DD7194BF748F68F2519C9A2E3B218BE46.jpg F:\Series\Engilsh\The Pitt\The.Pitt.S01E11.720p.10bit.WEBRip.2CH.x265.HEVC-PSA.mkv
[06:55:55.116] ShellThumbnail: invoking mpv.exe --no-config --no-audio --no-sub --quiet --no-resume-playback --frames=1 --start=120 --vf-add=scale=256:-2 --of=image2 --ovc=mjpeg --o=C:\Users\Abd Allah\AppData\Local\PitflixPlayer\thumbs\AB49124AFE43B51BFB1EA76B9519D0541D44B410.jpg F:\Series\Engilsh\The Pitt\The Pitt S02E05 720p 10bit WEBRip 2CH x265 HEVC-PSA.mkv
[06:55:55.259] ShellThumbnail: invoking screenshot-script for 'The Pitt S02E03 720p 10bit WEBRip 2CH x265 HEVC-PSA.mkv'
[06:55:55.387] ShellThumbnail: script attempt failed (exit=0); stderr: 
[06:55:55.388] ShellThumbnail: invoking mpv.exe --no-config --no-audio --no-sub --quiet --no-resume-playback --frames=1 --start=120 --vf-add=scale=256:-2 --of=image2 --ovc=mjpeg --o=C:\Users\Abd Allah\AppData\Local\PitflixPlayer\thumbs\09F3CF07CEA464AB45DB212A3B45C4B8D0719036.jpg F:\Series\Engilsh\The Pitt\The Pitt S02E12 720p 10bit WEBRip 2CH x265 HEVC-PSA.mkv
[06:55:55.659] ShellThumbnail: script attempt failed (exit=0); stderr: 
[06:55:55.661] ShellThumbnail: invoking mpv.exe --no-config --no-audio --no-sub --quiet --no-resume-playback --frames=1 --start=120 --vf-add=scale=256:-2 --of=image2 --ovc=mjpeg --o=C:\Users\Abd Allah\AppData\Local\PitflixPlayer\thumbs\4031D4A097518407DF2B07B467FEB23FCDD7751F.jpg F:\Series\Engilsh\The Pitt\The.Pitt.S01E09.720p.10bit.WEBRip.2CH.x265.HEVC-PSA.mkv
[06:55:55.839] ShellThumbnail: script attempt failed (exit=0); stderr: 
[06:55:55.840] ShellThumbnail: invoking mpv.exe --no-config --no-audio --no-sub --quiet --no-resume-playback --frames=1 --start=120 --vf-add=scale=256:-2 --of=image2 --ovc=mjpeg --o=C:\Users\Abd Allah\AppData\Local\PitflixPlayer\thumbs\A9AD6F62B2B434F483213DC4A66C4D5244BD83A7.jpg F:\Series\Engilsh\The Pitt\The.Pitt.S01E03.720p.10bit.WEBRip.2CH.x265.HEVC-PSA.mkv
[06:55:55.892] ShellThumbnail: script attempt failed (exit=0); stderr: 
[06:55:55.893] ShellThumbnail: script attempt failed (exit=0); stderr: 
[06:55:55.895] ShellThumbnail: invoking mpv.exe --no-config --no-audio --no-sub --quiet --no-resume-playback --frames=1 --start=120 --vf-add=scale=256:-2 --of=image2 --ovc=mjpeg --o=C:\Users\Abd Allah\AppData\Local\PitflixPlayer\thumbs\40809C58E2CABB0AF3D1720ECFA0A5BAEC7A3A2E.jpg F:\Series\Engilsh\The Pitt\The.Pitt.S01E07.720p.10bit.WEBRip.2CH.x265.HEVC-PSA.mkv
[06:55:55.896] ShellThumbnail: invoking mpv.exe --no-config --no-audio --no-sub --quiet --no-resume-playback --frames=1 --start=120 --vf-add=scale=256:-2 --of=image2 --ovc=mjpeg --o=C:\Users\Abd Allah\AppData\Local\PitflixPlayer\thumbs\4BE9843FE03C0AFD4D12067257285C9F4816DFBF.jpg F:\Series\Engilsh\The Pitt\The.Pitt.S02E04.720p.10bit.WEBRip.2CH.x265.HEVC-PSA.mkv
[06:55:55.896] ShellThumbnail: invoking mpv.exe --no-config --no-audio --no-sub --quiet --no-resume-playback --frames=1 --start=120 --vf-add=scale=256:-2 --of=image2 --ovc=mjpeg --o=C:\Users\Abd Allah\AppData\Local\PitflixPlayer\thumbs\65197920E41298C214D02D560E99C3A19882256A.jpg F:\Series\Engilsh\The Pitt\The.Pitt.S02E02.720p.10bit.WEBRip.2CH.x265.HEVC-PSA.mkv
[06:55:55.896] ShellThumbnail: invoking mpv.exe --no-config --no-audio --no-sub --quiet --no-resume-playback --frames=1 --start=120 --vf-add=scale=256:-2 --of=image2 --ovc=mjpeg --o=C:\Users\Abd Allah\AppData\Local\PitflixPlayer\thumbs\DA5329B8C7D45ED538DB26E0A9B6E49991080DE7.jpg F:\Series\Engilsh\The Pitt\The Pitt S02E08 720p 10bit WEBRip 2CH x265 HEVC-PSA.mkv
[06:55:55.896] ShellThumbnail: invoking mpv.exe --no-config --no-audio --no-sub --quiet --no-resume-playback --frames=1 --start=120 --vf-add=scale=256:-2 --of=image2 --ovc=mjpeg --o=C:\Users\Abd Allah\AppData\Local\PitflixPlayer\thumbs\936C964C9755D7FA72A56865439DF1FE61EDA452.jpg F:\Series\Engilsh\The Pitt\The.Pitt.S01E06.720p.10bit.WEBRip.2CH.x265.HEVC-PSA.mkv
[06:55:56.491] ShellThumbnail: encoding-mode attempt failed for 'The Pitt S02E06 720p 10bit WEBRip 2CH x265 HEVC-PSA.mkv' (exit=2); stderr: 
[06:55:56.491] ShellThumbnail: trying --vo=image fallback for 'The Pitt S02E06 720p 10bit WEBRip 2CH x265 HEVC-PSA.mkv'
[06:55:56.768] ShellThumbnail: encoding-mode attempt failed for 'The Pitt S02E10 720p 10bit WEBRip 2CH x265 HEVC-PSA.mkv' (exit=2); stderr: 
[06:55:56.768] ShellThumbnail: trying --vo=image fallback for 'The Pitt S02E10 720p 10bit WEBRip 2CH x265 HEVC-PSA.mkv'
[06:55:56.878] ShellThumbnail: encoding-mode attempt failed for 'The Pitt S02E07 720p 10bit WEBRip 2CH x265 HEVC-PSA.mkv' (exit=2); stderr: 
[06:55:56.878] ShellThumbnail: trying --vo=image fallback for 'The Pitt S02E07 720p 10bit WEBRip 2CH x265 HEVC-PSA.mkv'
[06:55:56.975] ShellThumbnail: encoding-mode attempt failed for 'The Pitt S02E05 720p 10bit WEBRip 2CH x265 HEVC-PSA.mkv' (exit=2); stderr: 
[06:55:56.976] ShellThumbnail: trying --vo=image fallback for 'The Pitt S02E05 720p 10bit WEBRip 2CH x265 HEVC-PSA.mkv'
[06:55:56.977] ShellThumbnail: invoking mpv.exe --no-config --no-audio --no-sub --quiet --no-resume-playback --frames=1 --start=120 --vf-add=scale=256:-2 --of=image2 --ovc=mjpeg --o=C:\Users\Abd Allah\AppData\Local\PitflixPlayer\thumbs\58FCB6F1921F599AAF898DA489AE68F22E5DC22A.jpg F:\Series\Engilsh\The Pitt\The.Pitt.S01E12.720p.10bit.WEBRip.2CH.x265.HEVC-PSA.mkv
[06:55:57.101] ShellThumbnail: script attempt failed (exit=0); stderr: 
[06:55:57.101] ShellThumbnail: trying --vo=image fallback for 'The.Pitt.S01E11.720p.10bit.WEBRip.2CH.x265.HEVC-PSA.mkv'
[06:55:57.102] ShellThumbnail: invoking mpv.exe --no-config --no-audio --no-sub --quiet --no-resume-playback --frames=1 --start=120 --vf-add=scale=256:-2 --of=image2 --ovc=mjpeg --o=C:\Users\Abd Allah\AppData\Local\PitflixPlayer\thumbs\8CF0238E8DD12C66C1FC3222F2A79555E1047C9E.jpg F:\Series\Engilsh\The Pitt\The.Pitt.S01E13.720p.10bit.WEBRip.2CH.x265.HEVC-PSA.mkv
[06:55:57.110] ShellThumbnail: encoding-mode attempt failed for 'The.Pitt.S01E03.720p.10bit.WEBRip.2CH.x265.HEVC-PSA.mkv' (exit=2); stderr: 
[06:55:57.110] ShellThumbnail: trying --vo=image fallback for 'The.Pitt.S01E03.720p.10bit.WEBRip.2CH.x265.HEVC-PSA.mkv'
[06:55:57.299] ShellThumbnail: encoding-mode attempt failed for 'The Pitt S02E13 720p 10bit WEBRip 2CH x265 HEVC-PSA.mkv' (exit=2); stderr: 
[06:55:57.299] ShellThumbnail: trying --vo=image fallback for 'The Pitt S02E13 720p 10bit WEBRip 2CH x265 HEVC-PSA.mkv'
[06:55:57.300] ShellThumbnail: invoking mpv.exe --no-config --no-audio --no-sub --quiet --no-resume-playback --frames=1 --start=120 --vf-add=scale=256:-2 --of=image2 --ovc=mjpeg --o=C:\Users\Abd Allah\AppData\Local\PitflixPlayer\thumbs\55C88C90D62A87ECC4FC3353F638DF2AEA4DF62F.jpg F:\Series\Engilsh\The Pitt\The Pitt S02E03 720p 10bit WEBRip 2CH x265 HEVC-PSA.mkv
[06:55:57.575] ShellThumbnail: script attempt failed (exit=0); stderr: 
[06:55:57.575] ShellThumbnail: trying --vo=image fallback for 'The.Pitt.S01E09.720p.10bit.WEBRip.2CH.x265.HEVC-PSA.mkv'
[06:55:57.576] ShellThumbnail: invoking mpv.exe --no-config --no-audio --no-sub --quiet --no-resume-playback --frames=1 --start=120 --vf-add=scale=256:-2 --of=image2 --ovc=mjpeg --o=C:\Users\Abd Allah\AppData\Local\PitflixPlayer\thumbs\299CFEC111B919A491DB99A3B8125215E4666EAD.jpg F:\Series\Engilsh\The Pitt\The.Pitt.S01E08.720p.10bit.WEBRip.2CH.x265.HEVC-PSA.mkv
[06:55:57.687] Playlist: jumping to index 8
[06:55:57.722] ShellThumbnail: encoding-mode attempt failed for 'The.Pitt.S01E06.720p.10bit.WEBRip.2CH.x265.HEVC-PSA.mkv' (exit=2); stderr: 
[06:55:57.722] ShellThumbnail: trying --vo=image fallback for 'The.Pitt.S01E06.720p.10bit.WEBRip.2CH.x265.HEVC-PSA.mkv'
[06:55:57.933] ShellThumbnail: encoding-mode attempt failed for 'The Pitt S02E14 720p 10bit WEBRip 2CH x265 HEVC-PSA.mkv' (exit=2); stderr: 
[06:55:57.933] ShellThumbnail: trying --vo=image fallback for 'The Pitt S02E14 720p 10bit WEBRip 2CH x265 HEVC-PSA.mkv'
[06:55:57.935] ShellThumbnail: invoking mpv.exe --no-config --no-audio --no-sub --quiet --no-resume-playback --frames=1 --start=120 --vf-add=scale=256:-2 --of=image2 --ovc=mjpeg --o=C:\Users\Abd Allah\AppData\Local\PitflixPlayer\thumbs\1667C7117E625F994D4575065FEA1EB10285C489.jpg F:\Series\Engilsh\The Pitt\The.Pitt.S01E05.720p.10bit.WEBRip.2CH.x265.HEVC-PSA.mkv
[06:55:57.935] ShellThumbnail: invoking mpv.exe --no-config --no-audio --no-sub --quiet --no-resume-playback --frames=1 --start=120 --vf-add=scale=256:-2 --of=image2 --ovc=mjpeg --o=C:\Users\Abd Allah\AppData\Local\PitflixPlayer\thumbs\BD28802F0DF11FDB5F3D20A98F28BF3243B4D024.jpg F:\Series\Engilsh\The Pitt\The.Pitt.S02E01.720p.10bit.WEBRip.2CH.x265.HEVC-PSA.mkv
[06:55:57.946] ShellThumbnail: encoding-mode attempt failed for 'The.Pitt.S02E02.720p.10bit.WEBRip.2CH.x265.HEVC-PSA.mkv' (exit=2); stderr: 
[06:55:57.946] ShellThumbnail: trying --vo=image fallback for 'The.Pitt.S02E02.720p.10bit.WEBRip.2CH.x265.HEVC-PSA.mkv'
[06:55:58.182] ShellThumbnail: encoding-mode attempt failed for 'The.Pitt.S01E01.720p.10bit.WEBRip.2CH.x265.HEVC-PSA.mkv' (exit=2); stderr: 
[06:55:58.183] ShellThumbnail: trying --vo=image fallback for 'The.Pitt.S01E01.720p.10bit.WEBRip.2CH.x265.HEVC-PSA.mkv'
[06:55:58.194] ShellThumbnail: --vo=image attempt also failed (exit=1); stderr: 
[06:55:58.195] ShellThumbnail: invoking mpv.exe --no-config --no-audio --no-sub --quiet --no-resume-playback --frames=1 --start=120 --vf-add=scale=256:-2 --of=image2 --ovc=mjpeg --o=C:\Users\Abd Allah\AppData\Local\PitflixPlayer\thumbs\07A9C809BA1193962E79905BEFDF6B38542F6554.jpg F:\Series\Engilsh\The Pitt\The.Pitt.S01E04.720p.10bit.WEBRip.2CH.x265.HEVC-PSA.mkv
[06:55:58.201] ShellThumbnail: encoding-mode attempt failed for 'The.Pitt.S01E12.720p.10bit.WEBRip.2CH.x265.HEVC-PSA.mkv' (exit=2); stderr: 
[06:55:58.202] ShellThumbnail: trying --vo=image fallback for 'The.Pitt.S01E12.720p.10bit.WEBRip.2CH.x265.HEVC-PSA.mkv'
[06:55:58.388] ShellThumbnail: --vo=image attempt also failed (exit=1); stderr: 
[06:55:58.389] ShellThumbnail: trying --vo=image fallback for 'The.Pitt.S01E02.720p.10bit.WEBRip.2CH.x265.HEVC-PSA.mkv'
[06:55:58.391] ShellThumbnail: --vo=image attempt also failed (exit=1); stderr: 
[06:55:58.391] ShellThumbnail: trying --vo=image fallback for 'The Pitt S02E12 720p 10bit WEBRip 2CH x265 HEVC-PSA.mkv'
[06:55:58.395] ShellThumbnail: encoding-mode attempt failed for 'The Pitt S02E03 720p 10bit WEBRip 2CH x265 HEVC-PSA.mkv' (exit=2); stderr: 
[06:55:58.395] ShellThumbnail: trying --vo=image fallback for 'The Pitt S02E03 720p 10bit WEBRip 2CH x265 HEVC-PSA.mkv'
[06:55:58.568] ShellThumbnail: script attempt failed (exit=0); stderr: 
[06:55:58.569] ShellThumbnail: invoking mpv.exe --no-config --no-audio --no-sub --quiet --no-resume-playback --frames=1 --start=120 --vf-add=scale=256:-2 --of=image2 --ovc=mjpeg --o=C:\Users\Abd Allah\AppData\Local\PitflixPlayer\thumbs\9207373CD7364DE8C3B1FC7F19D29662EEB07741.jpg F:\Series\Engilsh\The Pitt\The.Pitt.S01E15.720p.10bit.WEBRip.2CH.x265.HEVC-PSA.mkv
[06:55:58.626] ShellThumbnail: --vo=image attempt also failed (exit=1); stderr: 
[06:55:58.627] ShellThumbnail: --vo=image attempt also failed (exit=1); stderr: 
[06:55:58.627] ShellThumbnail: trying --vo=image fallback for 'The.Pitt.S01E07.720p.10bit.WEBRip.2CH.x265.HEVC-PSA.mkv'
[06:55:58.773] ShellThumbnail: --vo=image attempt also failed (exit=1); stderr: 
[06:55:58.774] ShellThumbnail: --vo=image attempt also failed (exit=1); stderr: 
[06:55:58.774] ShellThumbnail: trying --vo=image fallback for 'The Pitt S02E08 720p 10bit WEBRip 2CH x265 HEVC-PSA.mkv'
[06:55:58.784] ShellThumbnail: --vo=image attempt also failed (exit=1); stderr: 
[06:55:58.784] ShellThumbnail: trying --vo=image fallback for 'The.Pitt.S01E10.720p.10bit.WEBRip.2CH.x265.HEVC-PSA.mkv'
[06:55:58.791] ShellThumbnail: encoding-mode attempt failed for 'The.Pitt.S02E01.720p.10bit.WEBRip.2CH.x265.HEVC-PSA.mkv' (exit=2); stderr: 
[06:55:58.791] ShellThumbnail: trying --vo=image fallback for 'The.Pitt.S02E01.720p.10bit.WEBRip.2CH.x265.HEVC-PSA.mkv'
[06:55:58.819] ShellThumbnail: encoding-mode attempt failed for 'The Pitt S02E09 720p 10bit WEBRip 2CH x265 HEVC-PSA.mkv' (exit=2); stderr: 
[06:55:58.820] ShellThumbnail: trying --vo=image fallback for 'The Pitt S02E09 720p 10bit WEBRip 2CH x265 HEVC-PSA.mkv'
[06:55:58.844] ShellThumbnail: script attempt failed (exit=0); stderr: 
[06:55:58.845] ShellThumbnail: invoking mpv.exe --no-config --no-audio --no-sub --quiet --no-resume-playback --frames=1 --start=120 --vf-add=scale=256:-2 --of=image2 --ovc=mjpeg --o=C:\Users\Abd Allah\AppData\Local\PitflixPlayer\thumbs\E613FFC7C5D412994AE2D2985AD505FC1266922A.jpg F:\Series\Engilsh\The Pitt\The Pitt S02E15 720p 10bit WEBRip 2CH x265 HEVC-PSA.mkv
[06:55:58.850] ShellThumbnail: encoding-mode attempt failed for 'The.Pitt.S01E04.720p.10bit.WEBRip.2CH.x265.HEVC-PSA.mkv' (exit=2); stderr: 
[06:55:58.850] ShellThumbnail: trying --vo=image fallback for 'The.Pitt.S01E04.720p.10bit.WEBRip.2CH.x265.HEVC-PSA.mkv'
[06:55:58.872] ShellThumbnail: encoding-mode attempt failed for 'The.Pitt.S01E13.720p.10bit.WEBRip.2CH.x265.HEVC-PSA.mkv' (exit=2); stderr: 
[06:55:58.872] ShellThumbnail: trying --vo=image fallback for 'The.Pitt.S01E13.720p.10bit.WEBRip.2CH.x265.HEVC-PSA.mkv'
[06:55:58.874] ShellThumbnail: --vo=image attempt also failed (exit=1); stderr: 
[06:55:58.896] ShellThumbnail: --vo=image attempt also failed (exit=1); stderr: 
[06:55:58.898] ShellThumbnail: encoding-mode attempt failed for 'The.Pitt.S01E05.720p.10bit.WEBRip.2CH.x265.HEVC-PSA.mkv' (exit=2); stderr: 
[06:55:58.899] ShellThumbnail: trying --vo=image fallback for 'The.Pitt.S01E05.720p.10bit.WEBRip.2CH.x265.HEVC-PSA.mkv'
[06:55:58.920] ShellThumbnail: encoding-mode attempt failed for 'The.Pitt.S02E04.720p.10bit.WEBRip.2CH.x265.HEVC-PSA.mkv' (exit=2); stderr: 
[06:55:58.920] ShellThumbnail: trying --vo=image fallback for 'The.Pitt.S02E04.720p.10bit.WEBRip.2CH.x265.HEVC-PSA.mkv'
[06:55:58.923] ShellThumbnail: --vo=image attempt also failed (exit=1); stderr: 
[06:55:58.954] ShellThumbnail: --vo=image attempt also failed (exit=1); stderr: 
[06:55:59.000] ShellThumbnail: --vo=image attempt also failed (exit=1); stderr: 
[06:55:59.001] ShellThumbnail: --vo=image attempt also failed (exit=1); stderr: 
[06:55:59.002] ShellThumbnail: trying --vo=image fallback for 'The.Pitt.S01E08.720p.10bit.WEBRip.2CH.x265.HEVC-PSA.mkv'
[06:55:59.005] ShellThumbnail: --vo=image attempt also failed (exit=1); stderr: 
[06:55:59.006] ShellThumbnail: --vo=image attempt also failed (exit=1); stderr: 
[06:55:59.007] ShellThumbnail: invoking mpv.exe --no-config --no-audio --no-sub --quiet --no-resume-playback --frames=1 --start=120 --vf-add=scale=256:-2 --of=image2 --ovc=mjpeg --o=C:\Users\Abd Allah\AppData\Local\PitflixPlayer\thumbs\455E3BD1803432E08ACB0D778043D430796598EA.jpg F:\Series\Engilsh\The Pitt\The.Pitt.S01E14.720p.10bit.WEBRip.2CH.x265.HEVC-PSA.mkv
[06:55:59.011] ShellThumbnail: --vo=image attempt also failed (exit=1); stderr: 
[06:55:59.032] ShellThumbnail: --vo=image attempt also failed (exit=1); stderr: 
[06:55:59.114] ShellThumbnail: --vo=image attempt also failed (exit=1); stderr: 
[06:55:59.226] ShellThumbnail: encoding-mode attempt failed for 'The Pitt S02E15 720p 10bit WEBRip 2CH x265 HEVC-PSA.mkv' (exit=2); stderr: 
[06:55:59.226] ShellThumbnail: trying --vo=image fallback for 'The Pitt S02E15 720p 10bit WEBRip 2CH x265 HEVC-PSA.mkv'
[06:55:59.342] ShellThumbnail: --vo=image attempt also failed (exit=1); stderr: 
[06:55:59.366] ShellThumbnail: encoding-mode attempt failed for 'The.Pitt.S01E15.720p.10bit.WEBRip.2CH.x265.HEVC-PSA.mkv' (exit=2); stderr: 
[06:55:59.366] ShellThumbnail: trying --vo=image fallback for 'The.Pitt.S01E15.720p.10bit.WEBRip.2CH.x265.HEVC-PSA.mkv'
[06:55:59.469] ShellThumbnail: --vo=image attempt also failed (exit=1); stderr: 
[06:55:59.627] ShellThumbnail: encoding-mode attempt failed for 'The.Pitt.S01E14.720p.10bit.WEBRip.2CH.x265.HEVC-PSA.mkv' (exit=2); stderr: 
[06:55:59.627] ShellThumbnail: trying --vo=image fallback for 'The.Pitt.S01E14.720p.10bit.WEBRip.2CH.x265.HEVC-PSA.mkv'
[06:55:59.719] ShellThumbnail: --vo=image attempt also failed (exit=1); stderr: 
[06:56:00.687] ShellThumbnail: invoking screenshot-script for 'The.Pitt.S01E01.720p.10bit.WEBRip.2CH.x265.HEVC-PSA.mkv'
[06:56:00.697] ShellThumbnail: invoking screenshot-script for 'The.Pitt.S01E02.720p.10bit.WEBRip.2CH.x265.HEVC-PSA.mkv'
[06:56:00.705] ShellThumbnail: invoking screenshot-script for 'The Pitt S02E15 720p 10bit WEBRip 2CH x265 HEVC-PSA.mkv'
[06:56:00.715] ShellThumbnail: invoking screenshot-script for 'The Pitt S02E14 720p 10bit WEBRip 2CH x265 HEVC-PSA.mkv'
[06:56:00.771] ShellThumbnail: invoking screenshot-script for 'The Pitt S02E12 720p 10bit WEBRip 2CH x265 HEVC-PSA.mkv'
[06:56:00.867] ShellThumbnail: invoking screenshot-script for 'The Pitt S02E13 720p 10bit WEBRip 2CH x265 HEVC-PSA.mkv'
[06:56:00.908] ShellThumbnail: invoking screenshot-script for 'The Pitt S02E10 720p 10bit WEBRip 2CH x265 HEVC-PSA.mkv'
[06:56:00.961] ShellThumbnail: invoking screenshot-script for 'The Pitt S02E06 720p 10bit WEBRip 2CH x265 HEVC-PSA.mkv'
[06:56:00.987] ShellThumbnail: invoking screenshot-script for 'The.Pitt.S01E03.720p.10bit.WEBRip.2CH.x265.HEVC-PSA.mkv'
[06:56:01.021] ShellThumbnail: invoking screenshot-script for 'The.Pitt.S01E04.720p.10bit.WEBRip.2CH.x265.HEVC-PSA.mkv'
[06:56:01.052] ShellThumbnail: invoking screenshot-script for 'The.Pitt.S01E05.720p.10bit.WEBRip.2CH.x265.HEVC-PSA.mkv'
[06:56:01.131] ShellThumbnail: invoking screenshot-script for 'The Pitt S02E08 720p 10bit WEBRip 2CH x265 HEVC-PSA.mkv'
[06:56:01.185] ShellThumbnail: invoking screenshot-script for 'The.Pitt.S01E06.720p.10bit.WEBRip.2CH.x265.HEVC-PSA.mkv'
[06:56:01.253] ShellThumbnail: invoking screenshot-script for 'The.Pitt.S01E07.720p.10bit.WEBRip.2CH.x265.HEVC-PSA.mkv'
[06:56:01.281] ShellThumbnail: invoking screenshot-script for 'The.Pitt.S01E08.720p.10bit.WEBRip.2CH.x265.HEVC-PSA.mkv'
[06:56:01.292] ShellThumbnail: invoking screenshot-script for 'The.Pitt.S01E09.720p.10bit.WEBRip.2CH.x265.HEVC-PSA.mkv'
[06:56:01.354] ShellThumbnail: invoking screenshot-script for 'The Pitt S02E09 720p 10bit WEBRip 2CH x265 HEVC-PSA.mkv'
[06:56:01.474] ShellThumbnail: invoking screenshot-script for 'The.Pitt.S01E10.720p.10bit.WEBRip.2CH.x265.HEVC-PSA.mkv'
[06:56:01.519] ShellThumbnail: invoking screenshot-script for 'The.Pitt.S01E11.720p.10bit.WEBRip.2CH.x265.HEVC-PSA.mkv'
[06:56:01.527] ShellThumbnail: invoking screenshot-script for 'The.Pitt.S01E12.720p.10bit.WEBRip.2CH.x265.HEVC-PSA.mkv'
[06:56:01.573] ShellThumbnail: invoking screenshot-script for 'The.Pitt.S01E13.720p.10bit.WEBRip.2CH.x265.HEVC-PSA.mkv'
[06:56:01.609] ShellThumbnail: invoking screenshot-script for 'The.Pitt.S01E14.720p.10bit.WEBRip.2CH.x265.HEVC-PSA.mkv'
[06:56:01.701] ShellThumbnail: script attempt failed (exit=0); stderr: 
[06:56:01.703] ShellThumbnail: invoking mpv.exe --no-config --no-audio --no-sub --quiet --no-resume-playback --frames=1 --start=120 --vf-add=scale=256:-2 --of=image2 --ovc=mjpeg --o=C:\Users\Abd Allah\AppData\Local\PitflixPlayer\thumbs\936C964C9755D7FA72A56865439DF1FE61EDA452.jpg F:\Series\Engilsh\The Pitt\The.Pitt.S01E06.720p.10bit.WEBRip.2CH.x265.HEVC-PSA.mkv
[06:56:01.703] ShellThumbnail: invoking mpv.exe --no-config --no-audio --no-sub --quiet --no-resume-playback --frames=1 --start=120 --vf-add=scale=256:-2 --of=image2 --ovc=mjpeg --o=C:\Users\Abd Allah\AppData\Local\PitflixPlayer\thumbs\A9AD6F62B2B434F483213DC4A66C4D5244BD83A7.jpg F:\Series\Engilsh\The Pitt\The.Pitt.S01E03.720p.10bit.WEBRip.2CH.x265.HEVC-PSA.mkv
[06:56:01.709] ShellThumbnail: invoking screenshot-script for 'The.Pitt.S01E15.720p.10bit.WEBRip.2CH.x265.HEVC-PSA.mkv'
[06:56:01.710] ShellThumbnail: invoking screenshot-script for 'The.Pitt.S02E01.720p.10bit.WEBRip.2CH.x265.HEVC-PSA.mkv'
[06:56:01.749] ShellThumbnail: invoking screenshot-script for 'The.Pitt.S02E04.720p.10bit.WEBRip.2CH.x265.HEVC-PSA.mkv'
[06:56:01.997] ShellThumbnail: invoking screenshot-script for 'The Pitt S02E05 720p 10bit WEBRip 2CH x265 HEVC-PSA.mkv'
[06:56:02.057] ShellThumbnail: invoking screenshot-script for 'The Pitt S02E07 720p 10bit WEBRip 2CH x265 HEVC-PSA.mkv'
[06:56:02.057] ShellThumbnail: script attempt failed (exit=0); stderr: 
[06:56:02.058] ShellThumbnail: invoking mpv.exe --no-config --no-audio --no-sub --quiet --no-resume-playback --frames=1 --start=120 --vf-add=scale=256:-2 --of=image2 --ovc=mjpeg --o=C:\Users\Abd Allah\AppData\Local\PitflixPlayer\thumbs\310D5AFF6B52802A4FDA6B708C5674D9A0A504F0.jpg F:\Series\Engilsh\The Pitt\The.Pitt.S01E02.720p.10bit.WEBRip.2CH.x265.HEVC-PSA.mkv
[06:56:02.074] ShellThumbnail: script attempt failed (exit=0); stderr: 
[06:56:02.075] ShellThumbnail: invoking mpv.exe --no-config --no-audio --no-sub --quiet --no-resume-playback --frames=1 --start=120 --vf-add=scale=256:-2 --of=image2 --ovc=mjpeg --o=C:\Users\Abd Allah\AppData\Local\PitflixPlayer\thumbs\6AF3F08DD7194BF748F68F2519C9A2E3B218BE46.jpg F:\Series\Engilsh\The Pitt\The.Pitt.S01E11.720p.10bit.WEBRip.2CH.x265.HEVC-PSA.mkv
[06:56:02.119] ShellThumbnail: script attempt failed (exit=0); stderr: 
[06:56:02.120] ShellThumbnail: invoking mpv.exe --no-config --no-audio --no-sub --quiet --no-resume-playback --frames=1 --start=120 --vf-add=scale=256:-2 --of=image2 --ovc=mjpeg --o=C:\Users\Abd Allah\AppData\Local\PitflixPlayer\thumbs\4BE9843FE03C0AFD4D12067257285C9F4816DFBF.jpg F:\Series\Engilsh\The Pitt\The.Pitt.S02E04.720p.10bit.WEBRip.2CH.x265.HEVC-PSA.mkv
[06:56:02.139] ShellThumbnail: script attempt failed (exit=0); stderr: 
[06:56:02.140] ShellThumbnail: invoking mpv.exe --no-config --no-audio --no-sub --quiet --no-resume-playback --frames=1 --start=120 --vf-add=scale=256:-2 --of=image2 --ovc=mjpeg --o=C:\Users\Abd Allah\AppData\Local\PitflixPlayer\thumbs\65197920E41298C214D02D560E99C3A19882256A.jpg F:\Series\Engilsh\The Pitt\The.Pitt.S02E02.720p.10bit.WEBRip.2CH.x265.HEVC-PSA.mkv
[06:56:02.203] ShellThumbnail: script attempt failed (exit=0); stderr: 
[06:56:02.204] ShellThumbnail: invoking mpv.exe --no-config --no-audio --no-sub --quiet --no-resume-playback --frames=1 --start=120 --vf-add=scale=256:-2 --of=image2 --ovc=mjpeg --o=C:\Users\Abd Allah\AppData\Local\PitflixPlayer\thumbs\5DE2830EC136DFDC6ED2B788E845DA18F0489AC2.jpg F:\Series\Engilsh\The Pitt\The.Pitt.S01E01.720p.10bit.WEBRip.2CH.x265.HEVC-PSA.mkv
[06:56:02.204] ShellThumbnail: invoking mpv.exe --no-config --no-audio --no-sub --quiet --no-resume-playback --frames=1 --start=120 --vf-add=scale=256:-2 --of=image2 --ovc=mjpeg --o=C:\Users\Abd Allah\AppData\Local\PitflixPlayer\thumbs\58FCB6F1921F599AAF898DA489AE68F22E5DC22A.jpg F:\Series\Engilsh\The Pitt\The.Pitt.S01E12.720p.10bit.WEBRip.2CH.x265.HEVC-PSA.mkv
[06:56:02.227] ShellThumbnail: invoking screenshot-script for 'The Pitt S02E03 720p 10bit WEBRip 2CH x265 HEVC-PSA.mkv'
[06:56:02.418] ShellThumbnail: encoding-mode attempt failed for 'The.Pitt.S01E03.720p.10bit.WEBRip.2CH.x265.HEVC-PSA.mkv' (exit=2); stderr: 
[06:56:02.418] ShellThumbnail: trying --vo=image fallback for 'The.Pitt.S01E03.720p.10bit.WEBRip.2CH.x265.HEVC-PSA.mkv'
[06:56:02.419] ShellThumbnail: invoking mpv.exe --no-config --no-audio --no-sub --quiet --no-resume-playback --frames=1 --start=120 --vf-add=scale=256:-2 --of=image2 --ovc=mjpeg --o=C:\Users\Abd Allah\AppData\Local\PitflixPlayer\thumbs\195413554CFF7230439D03E469048F02F823D41F.jpg F:\Series\Engilsh\The Pitt\The Pitt S02E14 720p 10bit WEBRip 2CH x265 HEVC-PSA.mkv
[06:56:02.420] ShellThumbnail: invoking mpv.exe --no-config --no-audio --no-sub --quiet --no-resume-playback --frames=1 --start=120 --vf-add=scale=256:-2 --of=image2 --ovc=mjpeg --o=C:\Users\Abd Allah\AppData\Local\PitflixPlayer\thumbs\B941AF28C13C52F18A1BCC6555D332A5787F5356.jpg F:\Series\Engilsh\The Pitt\The Pitt S02E13 720p 10bit WEBRip 2CH x265 HEVC-PSA.mkv
[06:56:02.420] ShellThumbnail: invoking mpv.exe --no-config --no-audio --no-sub --quiet --no-resume-playback --frames=1 --start=120 --vf-add=scale=256:-2 --of=image2 --ovc=mjpeg --o=C:\Users\Abd Allah\AppData\Local\PitflixPlayer\thumbs\4031D4A097518407DF2B07B467FEB23FCDD7751F.jpg F:\Series\Engilsh\The Pitt\The.Pitt.S01E09.720p.10bit.WEBRip.2CH.x265.HEVC-PSA.mkv
[06:56:02.423] ShellThumbnail: encoding-mode attempt failed for 'The.Pitt.S01E06.720p.10bit.WEBRip.2CH.x265.HEVC-PSA.mkv' (exit=2); stderr: 
[06:56:02.423] ShellThumbnail: trying --vo=image fallback for 'The.Pitt.S01E06.720p.10bit.WEBRip.2CH.x265.HEVC-PSA.mkv'
[06:56:02.510] Playlist: jumping to index 0
[06:56:02.908] ShellThumbnail: script attempt failed (exit=0); stderr: 
[06:56:02.910] ShellThumbnail: invoking mpv.exe --no-config --no-audio --no-sub --quiet --no-resume-playback --frames=1 --start=120 --vf-add=scale=256:-2 --of=image2 --ovc=mjpeg --o=C:\Users\Abd Allah\AppData\Local\PitflixPlayer\thumbs\AB49124AFE43B51BFB1EA76B9519D0541D44B410.jpg F:\Series\Engilsh\The Pitt\The Pitt S02E05 720p 10bit WEBRip 2CH x265 HEVC-PSA.mkv
[06:56:03.030] ShellThumbnail: script attempt failed (exit=0); stderr: 
[06:56:03.032] ShellThumbnail: invoking mpv.exe --no-config --no-audio --no-sub --quiet --no-resume-playback --frames=1 --start=120 --vf-add=scale=256:-2 --of=image2 --ovc=mjpeg --o=C:\Users\Abd Allah\AppData\Local\PitflixPlayer\thumbs\09F3CF07CEA464AB45DB212A3B45C4B8D0719036.jpg F:\Series\Engilsh\The Pitt\The Pitt S02E12 720p 10bit WEBRip 2CH x265 HEVC-PSA.mkv
[06:56:03.073] ShellThumbnail: script attempt failed (exit=0); stderr: 
[06:56:03.074] ShellThumbnail: invoking mpv.exe --no-config --no-audio --no-sub --quiet --no-resume-playback --frames=1 --start=120 --vf-add=scale=256:-2 --of=image2 --ovc=mjpeg --o=C:\Users\Abd Allah\AppData\Local\PitflixPlayer\thumbs\9C270355E6B0D745657872930D8B4ED263A6D017.jpg F:\Series\Engilsh\The Pitt\The Pitt S02E10 720p 10bit WEBRip 2CH x265 HEVC-PSA.mkv
[06:56:03.105] ShellThumbnail: encoding-mode attempt failed for 'The.Pitt.S01E02.720p.10bit.WEBRip.2CH.x265.HEVC-PSA.mkv' (exit=2); stderr: 
[06:56:03.105] ShellThumbnail: trying --vo=image fallback for 'The.Pitt.S01E02.720p.10bit.WEBRip.2CH.x265.HEVC-PSA.mkv'
[06:56:03.302] ShellThumbnail: script attempt failed (exit=0); stderr: 
[06:56:03.303] ShellThumbnail: invoking mpv.exe --no-config --no-audio --no-sub --quiet --no-resume-playback --frames=1 --start=120 --vf-add=scale=256:-2 --of=image2 --ovc=mjpeg --o=C:\Users\Abd Allah\AppData\Local\PitflixPlayer\thumbs\9207373CD7364DE8C3B1FC7F19D29662EEB07741.jpg F:\Series\Engilsh\The Pitt\The.Pitt.S01E15.720p.10bit.WEBRip.2CH.x265.HEVC-PSA.mkv
[06:56:03.303] ShellThumbnail: invoking mpv.exe --no-config --no-audio --no-sub --quiet --no-resume-playback --frames=1 --start=120 --vf-add=scale=256:-2 --of=image2 --ovc=mjpeg --o=C:\Users\Abd Allah\AppData\Local\PitflixPlayer\thumbs\2CA0BCE559A9BB0CDF7FA0001FB0B877F8DB89EC.jpg F:\Series\Engilsh\The Pitt\The Pitt S02E06 720p 10bit WEBRip 2CH x265 HEVC-PSA.mkv
[06:56:03.331] ShellThumbnail: encoding-mode attempt failed for 'The.Pitt.S01E01.720p.10bit.WEBRip.2CH.x265.HEVC-PSA.mkv' (exit=2); stderr: 
[06:56:03.332] ShellThumbnail: trying --vo=image fallback for 'The.Pitt.S01E01.720p.10bit.WEBRip.2CH.x265.HEVC-PSA.mkv'
[06:56:03.347] ShellThumbnail: script attempt failed (exit=0); stderr: 
[06:56:03.349] ShellThumbnail: invoking mpv.exe --no-config --no-audio --no-sub --quiet --no-resume-playback --frames=1 --start=120 --vf-add=scale=256:-2 --of=image2 --ovc=mjpeg --o=C:\Users\Abd Allah\AppData\Local\PitflixPlayer\thumbs\1667C7117E625F994D4575065FEA1EB10285C489.jpg F:\Series\Engilsh\The Pitt\The.Pitt.S01E05.720p.10bit.WEBRip.2CH.x265.HEVC-PSA.mkv
[06:56:03.349] ShellThumbnail: invoking mpv.exe --no-config --no-audio --no-sub --quiet --no-resume-playback --frames=1 --start=120 --vf-add=scale=256:-2 --of=image2 --ovc=mjpeg --o=C:\Users\Abd Allah\AppData\Local\PitflixPlayer\thumbs\455E3BD1803432E08ACB0D778043D430796598EA.jpg F:\Series\Engilsh\The Pitt\The.Pitt.S01E14.720p.10bit.WEBRip.2CH.x265.HEVC-PSA.mkv
[06:56:03.742] ShellThumbnail: encoding-mode attempt failed for 'The.Pitt.S01E09.720p.10bit.WEBRip.2CH.x265.HEVC-PSA.mkv' (exit=2); stderr: 
[06:56:03.742] ShellThumbnail: trying --vo=image fallback for 'The.Pitt.S01E09.720p.10bit.WEBRip.2CH.x265.HEVC-PSA.mkv'
[06:56:03.792] ShellThumbnail: encoding-mode attempt failed for 'The Pitt S02E13 720p 10bit WEBRip 2CH x265 HEVC-PSA.mkv' (exit=2); stderr: 
[06:56:03.792] ShellThumbnail: trying --vo=image fallback for 'The Pitt S02E13 720p 10bit WEBRip 2CH x265 HEVC-PSA.mkv'
[06:56:03.846] ShellThumbnail: encoding-mode attempt failed for 'The.Pitt.S01E12.720p.10bit.WEBRip.2CH.x265.HEVC-PSA.mkv' (exit=2); stderr: 
[06:56:03.846] ShellThumbnail: trying --vo=image fallback for 'The.Pitt.S01E12.720p.10bit.WEBRip.2CH.x265.HEVC-PSA.mkv'
[06:56:03.861] ShellThumbnail: script attempt failed (exit=0); stderr: 
[06:56:03.862] ShellThumbnail: invoking mpv.exe --no-config --no-audio --no-sub --quiet --no-resume-playback --frames=1 --start=120 --vf-add=scale=256:-2 --of=image2 --ovc=mjpeg --o=C:\Users\Abd Allah\AppData\Local\PitflixPlayer\thumbs\D9155E9A25D0F15B7E815AF2BA649DA36B21A86A.jpg F:\Series\Engilsh\The Pitt\The.Pitt.S01E10.720p.10bit.WEBRip.2CH.x265.HEVC-PSA.mkv
[06:56:04.122] ShellThumbnail: --vo=image attempt also failed (exit=1); stderr: 
[06:56:04.123] ShellThumbnail: invoking mpv.exe --no-config --no-audio --no-sub --quiet --no-resume-playback --frames=1 --start=120 --vf-add=scale=256:-2 --of=image2 --ovc=mjpeg --o=C:\Users\Abd Allah\AppData\Local\PitflixPlayer\thumbs\55C88C90D62A87ECC4FC3353F638DF2AEA4DF62F.jpg F:\Series\Engilsh\The Pitt\The Pitt S02E03 720p 10bit WEBRip 2CH x265 HEVC-PSA.mkv
[06:56:04.368] ShellThumbnail: encoding-mode attempt failed for 'The Pitt S02E05 720p 10bit WEBRip 2CH x265 HEVC-PSA.mkv' (exit=2); stderr: 
[06:56:04.369] ShellThumbnail: trying --vo=image fallback for 'The Pitt S02E05 720p 10bit WEBRip 2CH x265 HEVC-PSA.mkv'
[06:56:04.371] ShellThumbnail: encoding-mode attempt failed for 'The Pitt S02E10 720p 10bit WEBRip 2CH x265 HEVC-PSA.mkv' (exit=2); stderr: 
[06:56:04.372] ShellThumbnail: trying --vo=image fallback for 'The Pitt S02E10 720p 10bit WEBRip 2CH x265 HEVC-PSA.mkv'
[06:56:04.373] ShellThumbnail: invoking mpv.exe --no-config --no-audio --no-sub --quiet --no-resume-playback --frames=1 --start=120 --vf-add=scale=256:-2 --of=image2 --ovc=mjpeg --o=C:\Users\Abd Allah\AppData\Local\PitflixPlayer\thumbs\8CF0238E8DD12C66C1FC3222F2A79555E1047C9E.jpg F:\Series\Engilsh\The Pitt\The.Pitt.S01E13.720p.10bit.WEBRip.2CH.x265.HEVC-PSA.mkv
[06:56:04.723] ShellThumbnail: encoding-mode attempt failed for 'The.Pitt.S01E11.720p.10bit.WEBRip.2CH.x265.HEVC-PSA.mkv' (exit=2); stderr: 
[06:56:04.723] ShellThumbnail: trying --vo=image fallback for 'The.Pitt.S01E11.720p.10bit.WEBRip.2CH.x265.HEVC-PSA.mkv'
[06:56:04.865] ShellThumbnail: encoding-mode attempt failed for 'The Pitt S02E14 720p 10bit WEBRip 2CH x265 HEVC-PSA.mkv' (exit=2); stderr: 
[06:56:04.865] ShellThumbnail: trying --vo=image fallback for 'The Pitt S02E14 720p 10bit WEBRip 2CH x265 HEVC-PSA.mkv'
[06:56:04.957] ShellThumbnail: --vo=image attempt also failed (exit=1); stderr: 
[06:56:04.958] ShellThumbnail: --vo=image attempt also failed (exit=1); stderr: 
[06:56:04.958] ShellThumbnail: trying --vo=image fallback for 'The.Pitt.S02E02.720p.10bit.WEBRip.2CH.x265.HEVC-PSA.mkv'
[06:56:05.015] ShellThumbnail: encoding-mode attempt failed for 'The Pitt S02E06 720p 10bit WEBRip 2CH x265 HEVC-PSA.mkv' (exit=2); stderr: 
[06:56:05.015] ShellThumbnail: trying --vo=image fallback for 'The Pitt S02E06 720p 10bit WEBRip 2CH x265 HEVC-PSA.mkv'
[06:56:05.035] ShellThumbnail: encoding-mode attempt failed for 'The.Pitt.S01E05.720p.10bit.WEBRip.2CH.x265.HEVC-PSA.mkv' (exit=2); stderr: 
[06:56:05.035] ShellThumbnail: trying --vo=image fallback for 'The.Pitt.S01E05.720p.10bit.WEBRip.2CH.x265.HEVC-PSA.mkv'
[06:56:05.036] ShellThumbnail: invoking mpv.exe --no-config --no-audio --no-sub --quiet --no-resume-playback --frames=1 --start=120 --vf-add=scale=256:-2 --of=image2 --ovc=mjpeg --o=C:\Users\Abd Allah\AppData\Local\PitflixPlayer\thumbs\91D6AC2120B769137935F983889E858208600F3A.jpg F:\Series\Engilsh\The Pitt\The Pitt S02E09 720p 10bit WEBRip 2CH x265 HEVC-PSA.mkv
[06:56:05.093] ShellThumbnail: --vo=image attempt also failed (exit=1); stderr: 
[06:56:05.097] ShellThumbnail: encoding-mode attempt failed for 'The.Pitt.S01E10.720p.10bit.WEBRip.2CH.x265.HEVC-PSA.mkv' (exit=2); stderr: 
[06:56:05.098] ShellThumbnail: trying --vo=image fallback for 'The.Pitt.S01E10.720p.10bit.WEBRip.2CH.x265.HEVC-PSA.mkv'
[06:56:05.239] ShellThumbnail: script attempt failed (exit=0); stderr: 
[06:56:05.241] ShellThumbnail: invoking mpv.exe --no-config --no-audio --no-sub --quiet --no-resume-playback --frames=1 --start=120 --vf-add=scale=256:-2 --of=image2 --ovc=mjpeg --o=C:\Users\Abd Allah\AppData\Local\PitflixPlayer\thumbs\E146A6AA5EB4A574052D06E753EA9A6932892D89.jpg F:\Series\Engilsh\The Pitt\The Pitt S02E07 720p 10bit WEBRip 2CH x265 HEVC-PSA.mkv
[06:56:05.241] ShellThumbnail: invoking mpv.exe --no-config --no-audio --no-sub --quiet --no-resume-playback --frames=1 --start=120 --vf-add=scale=256:-2 --of=image2 --ovc=mjpeg --o=C:\Users\Abd Allah\AppData\Local\PitflixPlayer\thumbs\40809C58E2CABB0AF3D1720ECFA0A5BAEC7A3A2E.jpg F:\Series\Engilsh\The Pitt\The.Pitt.S01E07.720p.10bit.WEBRip.2CH.x265.HEVC-PSA.mkv
[06:56:05.297] ShellThumbnail: script attempt failed (exit=0); stderr: 
[06:56:05.298] ShellThumbnail: invoking mpv.exe --no-config --no-audio --no-sub --quiet --no-resume-playback --frames=1 --start=120 --vf-add=scale=256:-2 --of=image2 --ovc=mjpeg --o=C:\Users\Abd Allah\AppData\Local\PitflixPlayer\thumbs\DA5329B8C7D45ED538DB26E0A9B6E49991080DE7.jpg F:\Series\Engilsh\The Pitt\The Pitt S02E08 720p 10bit WEBRip 2CH x265 HEVC-PSA.mkv
[06:56:05.301] ShellThumbnail: encoding-mode attempt failed for 'The Pitt S02E03 720p 10bit WEBRip 2CH x265 HEVC-PSA.mkv' (exit=2); stderr: 
[06:56:05.302] ShellThumbnail: trying --vo=image fallback for 'The Pitt S02E03 720p 10bit WEBRip 2CH x265 HEVC-PSA.mkv'
[06:56:05.590] ShellThumbnail: encoding-mode attempt failed for 'The.Pitt.S02E04.720p.10bit.WEBRip.2CH.x265.HEVC-PSA.mkv' (exit=2); stderr: 
[06:56:05.590] ShellThumbnail: trying --vo=image fallback for 'The.Pitt.S01E15.720p.10bit.WEBRip.2CH.x265.HEVC-PSA.mkv'
[06:56:05.594] ShellThumbnail: encoding-mode attempt failed for 'The.Pitt.S01E08.720p.10bit.WEBRip.2CH.x265.HEVC-PSA.mkv' (exit=2); stderr: 
[06:56:05.595] ShellThumbnail: trying --vo=image fallback for 'The.Pitt.S01E08.720p.10bit.WEBRip.2CH.x265.HEVC-PSA.mkv'
[06:56:05.702] ShellThumbnail: encoding-mode attempt failed for 'The.Pitt.S01E14.720p.10bit.WEBRip.2CH.x265.HEVC-PSA.mkv' (exit=2); stderr: 
[06:56:05.702] ShellThumbnail: trying --vo=image fallback for 'The Pitt S02E15 720p 10bit WEBRip 2CH x265 HEVC-PSA.mkv'
[06:56:05.733] ShellThumbnail: encoding-mode attempt failed for 'The Pitt S02E09 720p 10bit WEBRip 2CH x265 HEVC-PSA.mkv' (exit=2); stderr: 
[06:56:05.734] ShellThumbnail: trying --vo=image fallback for 'The Pitt S02E09 720p 10bit WEBRip 2CH x265 HEVC-PSA.mkv'
[06:56:05.775] ShellThumbnail: encoding-mode attempt failed for 'The.Pitt.S01E13.720p.10bit.WEBRip.2CH.x265.HEVC-PSA.mkv' (exit=2); stderr: 
[06:56:05.775] ShellThumbnail: trying --vo=image fallback for 'The.Pitt.S01E13.720p.10bit.WEBRip.2CH.x265.HEVC-PSA.mkv'
[06:56:05.809] ShellThumbnail: --vo=image attempt also failed (exit=1); stderr: 
[06:56:05.836] ShellThumbnail: --vo=image attempt also failed (exit=1); stderr: 
[06:56:05.838] ShellThumbnail: --vo=image attempt also failed (exit=1); stderr: 
[06:56:05.839] ShellThumbnail: invoking mpv.exe --no-config --no-audio --no-sub --quiet --no-resume-playback --frames=1 --start=120 --vf-add=scale=256:-2 --of=image2 --ovc=mjpeg --o=C:\Users\Abd Allah\AppData\Local\PitflixPlayer\thumbs\07A9C809BA1193962E79905BEFDF6B38542F6554.jpg F:\Series\Engilsh\The Pitt\The.Pitt.S01E04.720p.10bit.WEBRip.2CH.x265.HEVC-PSA.mkv
[06:56:05.867] ShellThumbnail: --vo=image attempt also failed (exit=1); stderr: 
[06:56:05.868] ShellThumbnail: --vo=image attempt also failed (exit=1); stderr: 
[06:56:05.872] ShellThumbnail: encoding-mode attempt failed for 'The.Pitt.S01E07.720p.10bit.WEBRip.2CH.x265.HEVC-PSA.mkv' (exit=2); stderr: 
[06:56:05.872] ShellThumbnail: trying --vo=image fallback for 'The.Pitt.S01E07.720p.10bit.WEBRip.2CH.x265.HEVC-PSA.mkv'
[06:56:05.889] ShellThumbnail: --vo=image attempt also failed (exit=1); stderr: 
[06:56:05.898] ShellThumbnail: --vo=image attempt also failed (exit=1); stderr: 
[06:56:05.901] ShellThumbnail: --vo=image attempt also failed (exit=1); stderr: 
[06:56:05.901] ShellThumbnail: --vo=image attempt also failed (exit=1); stderr: 
[06:56:05.906] ShellThumbnail: --vo=image attempt also failed (exit=1); stderr: 
[06:56:05.907] ShellThumbnail: script attempt failed (exit=0); stderr: 
[06:56:05.908] ShellThumbnail: invoking mpv.exe --no-config --no-audio --no-sub --quiet --no-resume-playback --frames=1 --start=120 --vf-add=scale=256:-2 --of=image2 --ovc=mjpeg --o=C:\Users\Abd Allah\AppData\Local\PitflixPlayer\thumbs\BD28802F0DF11FDB5F3D20A98F28BF3243B4D024.jpg F:\Series\Engilsh\The Pitt\The.Pitt.S02E01.720p.10bit.WEBRip.2CH.x265.HEVC-PSA.mkv
[06:56:05.928] ShellThumbnail: encoding-mode attempt failed for 'The Pitt S02E08 720p 10bit WEBRip 2CH x265 HEVC-PSA.mkv' (exit=2); stderr: 
[06:56:05.928] ShellThumbnail: trying --vo=image fallback for 'The Pitt S02E08 720p 10bit WEBRip 2CH x265 HEVC-PSA.mkv'
[06:56:05.990] ShellThumbnail: --vo=image attempt also failed (exit=1); stderr: 
[06:56:05.993] ShellThumbnail: --vo=image attempt also failed (exit=1); stderr: 
[06:56:06.048] ShellThumbnail: --vo=image attempt also failed (exit=1); stderr: 
[06:56:06.180] ShellThumbnail: encoding-mode attempt failed for 'The.Pitt.S01E04.720p.10bit.WEBRip.2CH.x265.HEVC-PSA.mkv' (exit=2); stderr: 
[06:56:06.180] ShellThumbnail: trying --vo=image fallback for 'The.Pitt.S01E04.720p.10bit.WEBRip.2CH.x265.HEVC-PSA.mkv'
[06:56:06.279] ShellThumbnail: --vo=image attempt also failed (exit=1); stderr: 
[06:56:06.296] ShellThumbnail: encoding-mode attempt failed for 'The.Pitt.S02E01.720p.10bit.WEBRip.2CH.x265.HEVC-PSA.mkv' (exit=2); stderr: 
[06:56:06.296] ShellThumbnail: trying --vo=image fallback for 'The.Pitt.S02E01.720p.10bit.WEBRip.2CH.x265.HEVC-PSA.mkv'
[06:56:06.358] ShellThumbnail: encoding-mode attempt failed for 'The Pitt S02E07 720p 10bit WEBRip 2CH x265 HEVC-PSA.mkv' (exit=2); stderr: 
[06:56:06.358] ShellThumbnail: trying --vo=image fallback for 'The Pitt S02E07 720p 10bit WEBRip 2CH x265 HEVC-PSA.mkv'
[06:56:06.385] ShellThumbnail: --vo=image attempt also failed (exit=1); stderr: 
[06:56:06.448] ShellThumbnail: --vo=image attempt also failed (exit=1); stderr: 
[06:56:29.574] ShellThumbnail: invoking screenshot-script for 'The Pitt S02E15 720p 10bit WEBRip 2CH x265 HEVC-PSA.mkv'
[06:56:29.583] ShellThumbnail: invoking screenshot-script for 'The Pitt S02E13 720p 10bit WEBRip 2CH x265 HEVC-PSA.mkv'
[06:56:29.592] ShellThumbnail: invoking screenshot-script for 'The.Pitt.S01E01.720p.10bit.WEBRip.2CH.x265.HEVC-PSA.mkv'
[06:56:29.606] ShellThumbnail: invoking screenshot-script for 'The.Pitt.S01E02.720p.10bit.WEBRip.2CH.x265.HEVC-PSA.mkv'
[06:56:29.624] ShellThumbnail: invoking screenshot-script for 'The.Pitt.S01E03.720p.10bit.WEBRip.2CH.x265.HEVC-PSA.mkv'
[06:56:29.647] ShellThumbnail: invoking screenshot-script for 'The.Pitt.S01E07.720p.10bit.WEBRip.2CH.x265.HEVC-PSA.mkv'
[06:56:29.693] ShellThumbnail: invoking screenshot-script for 'The.Pitt.S01E08.720p.10bit.WEBRip.2CH.x265.HEVC-PSA.mkv'
[06:56:29.693] ShellThumbnail: invoking screenshot-script for 'The Pitt S02E12 720p 10bit WEBRip 2CH x265 HEVC-PSA.mkv'
[06:56:29.725] ShellThumbnail: script attempt failed (exit=0); stderr: 
[06:56:29.726] ShellThumbnail: invoking mpv.exe --no-config --no-audio --no-sub --quiet --no-resume-playback --frames=1 --start=120 --vf-add=scale=256:-2 --of=image2 --ovc=mjpeg --o=C:\Users\Abd Allah\AppData\Local\PitflixPlayer\thumbs\E613FFC7C5D412994AE2D2985AD505FC1266922A.jpg F:\Series\Engilsh\The Pitt\The Pitt S02E15 720p 10bit WEBRip 2CH x265 HEVC-PSA.mkv
[06:56:29.739] ShellThumbnail: invoking screenshot-script for 'The.Pitt.S01E04.720p.10bit.WEBRip.2CH.x265.HEVC-PSA.mkv'
[06:56:29.797] ShellThumbnail: invoking screenshot-script for 'The.Pitt.S01E10.720p.10bit.WEBRip.2CH.x265.HEVC-PSA.mkv'
[06:56:29.798] ShellThumbnail: invoking screenshot-script for 'The.Pitt.S01E11.720p.10bit.WEBRip.2CH.x265.HEVC-PSA.mkv'
[06:56:29.844] ShellThumbnail: script attempt failed (exit=0); stderr: 
[06:56:29.845] ShellThumbnail: invoking mpv.exe --no-config --no-audio --no-sub --quiet --no-resume-playback --frames=1 --start=120 --vf-add=scale=256:-2 --of=image2 --ovc=mjpeg --o=C:\Users\Abd Allah\AppData\Local\PitflixPlayer\thumbs\5DE2830EC136DFDC6ED2B788E845DA18F0489AC2.jpg F:\Series\Engilsh\The Pitt\The.Pitt.S01E01.720p.10bit.WEBRip.2CH.x265.HEVC-PSA.mkv
[06:56:29.912] ShellThumbnail: invoking screenshot-script for 'The.Pitt.S01E05.720p.10bit.WEBRip.2CH.x265.HEVC-PSA.mkv'
[06:56:29.921] ShellThumbnail: script attempt failed (exit=0); stderr: 
[06:56:29.922] ShellThumbnail: invoking mpv.exe --no-config --no-audio --no-sub --quiet --no-resume-playback --frames=1 --start=120 --vf-add=scale=256:-2 --of=image2 --ovc=mjpeg --o=C:\Users\Abd Allah\AppData\Local\PitflixPlayer\thumbs\B941AF28C13C52F18A1BCC6555D332A5787F5356.jpg F:\Series\Engilsh\The Pitt\The Pitt S02E13 720p 10bit WEBRip 2CH x265 HEVC-PSA.mkv
[06:56:29.929] ShellThumbnail: script attempt failed (exit=0); stderr: 
[06:56:29.931] ShellThumbnail: invoking mpv.exe --no-config --no-audio --no-sub --quiet --no-resume-playback --frames=1 --start=120 --vf-add=scale=256:-2 --of=image2 --ovc=mjpeg --o=C:\Users\Abd Allah\AppData\Local\PitflixPlayer\thumbs\09F3CF07CEA464AB45DB212A3B45C4B8D0719036.jpg F:\Series\Engilsh\The Pitt\The Pitt S02E12 720p 10bit WEBRip 2CH x265 HEVC-PSA.mkv
[06:56:30.122] ShellThumbnail: script attempt failed (exit=0); stderr: 
[06:56:30.123] ShellThumbnail: invoking mpv.exe --no-config --no-audio --no-sub --quiet --no-resume-playback --frames=1 --start=120 --vf-add=scale=256:-2 --of=image2 --ovc=mjpeg --o=C:\Users\Abd Allah\AppData\Local\PitflixPlayer\thumbs\A9AD6F62B2B434F483213DC4A66C4D5244BD83A7.jpg F:\Series\Engilsh\The Pitt\The.Pitt.S01E03.720p.10bit.WEBRip.2CH.x265.HEVC-PSA.mkv
[06:56:30.143] ShellThumbnail: invoking screenshot-script for 'The.Pitt.S01E12.720p.10bit.WEBRip.2CH.x265.HEVC-PSA.mkv'
[06:56:30.315] ShellThumbnail: invoking screenshot-script for 'The.Pitt.S01E06.720p.10bit.WEBRip.2CH.x265.HEVC-PSA.mkv'
[06:56:30.335] ShellThumbnail: encoding-mode attempt failed for 'The Pitt S02E15 720p 10bit WEBRip 2CH x265 HEVC-PSA.mkv' (exit=2); stderr: 
[06:56:30.335] ShellThumbnail: trying --vo=image fallback for 'The Pitt S02E15 720p 10bit WEBRip 2CH x265 HEVC-PSA.mkv'
[06:56:30.373] ShellThumbnail: invoking screenshot-script for 'The.Pitt.S01E15.720p.10bit.WEBRip.2CH.x265.HEVC-PSA.mkv'
[06:56:30.707] ShellThumbnail: script attempt failed (exit=0); stderr: 
[06:56:30.708] ShellThumbnail: invoking mpv.exe --no-config --no-audio --no-sub --quiet --no-resume-playback --frames=1 --start=120 --vf-add=scale=256:-2 --of=image2 --ovc=mjpeg --o=C:\Users\Abd Allah\AppData\Local\PitflixPlayer\thumbs\58FCB6F1921F599AAF898DA489AE68F22E5DC22A.jpg F:\Series\Engilsh\The Pitt\The.Pitt.S01E12.720p.10bit.WEBRip.2CH.x265.HEVC-PSA.mkv
[06:56:30.778] ShellThumbnail: invoking screenshot-script for 'The.Pitt.S01E14.720p.10bit.WEBRip.2CH.x265.HEVC-PSA.mkv'
[06:56:30.778] ShellThumbnail: invoking screenshot-script for 'The.Pitt.S01E13.720p.10bit.WEBRip.2CH.x265.HEVC-PSA.mkv'
[06:56:30.820] ShellThumbnail: invoking screenshot-script for 'The.Pitt.S02E01.720p.10bit.WEBRip.2CH.x265.HEVC-PSA.mkv'
[06:56:30.822] ShellThumbnail: invoking screenshot-script for 'The.Pitt.S02E02.720p.10bit.WEBRip.2CH.x265.HEVC-PSA.mkv'
[06:56:30.850] ShellThumbnail: encoding-mode attempt failed for 'The.Pitt.S01E01.720p.10bit.WEBRip.2CH.x265.HEVC-PSA.mkv' (exit=2); stderr: 
[06:56:30.850] ShellThumbnail: trying --vo=image fallback for 'The.Pitt.S01E01.720p.10bit.WEBRip.2CH.x265.HEVC-PSA.mkv'
[06:56:30.851] ShellThumbnail: invoking mpv.exe --no-config --no-audio --no-sub --quiet --no-resume-playback --frames=1 --start=120 --vf-add=scale=256:-2 --of=image2 --ovc=mjpeg --o=C:\Users\Abd Allah\AppData\Local\PitflixPlayer\thumbs\936C964C9755D7FA72A56865439DF1FE61EDA452.jpg F:\Series\Engilsh\The Pitt\The.Pitt.S01E06.720p.10bit.WEBRip.2CH.x265.HEVC-PSA.mkv
[06:56:30.851] ShellThumbnail: invoking mpv.exe --no-config --no-audio --no-sub --quiet --no-resume-playback --frames=1 --start=120 --vf-add=scale=256:-2 --of=image2 --ovc=mjpeg --o=C:\Users\Abd Allah\AppData\Local\PitflixPlayer\thumbs\310D5AFF6B52802A4FDA6B708C5674D9A0A504F0.jpg F:\Series\Engilsh\The Pitt\The.Pitt.S01E02.720p.10bit.WEBRip.2CH.x265.HEVC-PSA.mkv
[06:56:30.862] ShellThumbnail: encoding-mode attempt failed for 'The Pitt S02E13 720p 10bit WEBRip 2CH x265 HEVC-PSA.mkv' (exit=2); stderr: 
[06:56:30.862] ShellThumbnail: trying --vo=image fallback for 'The Pitt S02E13 720p 10bit WEBRip 2CH x265 HEVC-PSA.mkv'
[06:56:30.878] ShellThumbnail: invoking screenshot-script for 'The.Pitt.S02E04.720p.10bit.WEBRip.2CH.x265.HEVC-PSA.mkv'
[06:56:30.890] ShellThumbnail: encoding-mode attempt failed for 'The Pitt S02E12 720p 10bit WEBRip 2CH x265 HEVC-PSA.mkv' (exit=2); stderr: 
[06:56:30.890] ShellThumbnail: trying --vo=image fallback for 'The Pitt S02E12 720p 10bit WEBRip 2CH x265 HEVC-PSA.mkv'
[06:56:30.998] ShellThumbnail: invoking screenshot-script for 'The Pitt S02E14 720p 10bit WEBRip 2CH x265 HEVC-PSA.mkv'
[06:56:31.006] ShellThumbnail: encoding-mode attempt failed for 'The.Pitt.S01E03.720p.10bit.WEBRip.2CH.x265.HEVC-PSA.mkv' (exit=2); stderr: 
[06:56:31.006] ShellThumbnail: trying --vo=image fallback for 'The.Pitt.S01E03.720p.10bit.WEBRip.2CH.x265.HEVC-PSA.mkv'
[06:56:31.146] ShellThumbnail: --vo=image attempt also failed (exit=1); stderr: 
[06:56:31.146] ShellThumbnail: --vo=image attempt also failed (exit=1); stderr: 
[06:56:31.160] ShellThumbnail: --vo=image attempt also failed (exit=1); stderr: 
[06:56:31.166] ShellThumbnail: script attempt failed (exit=0); stderr: 
[06:56:31.167] ShellThumbnail: invoking mpv.exe --no-config --no-audio --no-sub --quiet --no-resume-playback --frames=1 --start=120 --vf-add=scale=256:-2 --of=image2 --ovc=mjpeg --o=C:\Users\Abd Allah\AppData\Local\PitflixPlayer\thumbs\40809C58E2CABB0AF3D1720ECFA0A5BAEC7A3A2E.jpg F:\Series\Engilsh\The Pitt\The.Pitt.S01E07.720p.10bit.WEBRip.2CH.x265.HEVC-PSA.mkv
[06:56:31.167] ShellThumbnail: invoking mpv.exe --no-config --no-audio --no-sub --quiet --no-resume-playback --frames=1 --start=120 --vf-add=scale=256:-2 --of=image2 --ovc=mjpeg --o=C:\Users\Abd Allah\AppData\Local\PitflixPlayer\thumbs\07A9C809BA1193962E79905BEFDF6B38542F6554.jpg F:\Series\Engilsh\The Pitt\The.Pitt.S01E04.720p.10bit.WEBRip.2CH.x265.HEVC-PSA.mkv
[06:56:31.168] ShellThumbnail: --vo=image attempt also failed (exit=1); stderr: 
[06:56:31.169] ShellThumbnail: script attempt failed (exit=0); stderr: 
[06:56:31.170] ShellThumbnail: invoking mpv.exe --no-config --no-audio --no-sub --quiet --no-resume-playback --frames=1 --start=120 --vf-add=scale=256:-2 --of=image2 --ovc=mjpeg --o=C:\Users\Abd Allah\AppData\Local\PitflixPlayer\thumbs\1667C7117E625F994D4575065FEA1EB10285C489.jpg F:\Series\Engilsh\The Pitt\The.Pitt.S01E05.720p.10bit.WEBRip.2CH.x265.HEVC-PSA.mkv
[06:56:31.187] ShellThumbnail: script attempt failed (exit=0); stderr: 
[06:56:31.188] ShellThumbnail: invoking mpv.exe --no-config --no-audio --no-sub --quiet --no-resume-playback --frames=1 --start=120 --vf-add=scale=256:-2 --of=image2 --ovc=mjpeg --o=C:\Users\Abd Allah\AppData\Local\PitflixPlayer\thumbs\8CF0238E8DD12C66C1FC3222F2A79555E1047C9E.jpg F:\Series\Engilsh\The Pitt\The.Pitt.S01E13.720p.10bit.WEBRip.2CH.x265.HEVC-PSA.mkv
[06:56:31.201] ShellThumbnail: invoking screenshot-script for 'The Pitt S02E05 720p 10bit WEBRip 2CH x265 HEVC-PSA.mkv'
[06:56:31.219] ShellThumbnail: script attempt failed (exit=0); stderr: 
[06:56:31.221] ShellThumbnail: invoking mpv.exe --no-config --no-audio --no-sub --quiet --no-resume-playback --frames=1 --start=120 --vf-add=scale=256:-2 --of=image2 --ovc=mjpeg --o=C:\Users\Abd Allah\AppData\Local\PitflixPlayer\thumbs\BD28802F0DF11FDB5F3D20A98F28BF3243B4D024.jpg F:\Series\Engilsh\The Pitt\The.Pitt.S02E01.720p.10bit.WEBRip.2CH.x265.HEVC-PSA.mkv
[06:56:31.417] ShellThumbnail: invoking screenshot-script for 'The Pitt S02E10 720p 10bit WEBRip 2CH x265 HEVC-PSA.mkv'
[06:56:31.452] ShellThumbnail: script attempt failed (exit=0); stderr: 
[06:56:31.453] ShellThumbnail: invoking mpv.exe --no-config --no-audio --no-sub --quiet --no-resume-playback --frames=1 --start=120 --vf-add=scale=256:-2 --of=image2 --ovc=mjpeg --o=C:\Users\Abd Allah\AppData\Local\PitflixPlayer\thumbs\455E3BD1803432E08ACB0D778043D430796598EA.jpg F:\Series\Engilsh\The Pitt\The.Pitt.S01E14.720p.10bit.WEBRip.2CH.x265.HEVC-PSA.mkv
[06:56:31.530] ShellThumbnail: encoding-mode attempt failed for 'The.Pitt.S01E12.720p.10bit.WEBRip.2CH.x265.HEVC-PSA.mkv' (exit=2); stderr: 
[06:56:31.530] ShellThumbnail: trying --vo=image fallback for 'The.Pitt.S01E12.720p.10bit.WEBRip.2CH.x265.HEVC-PSA.mkv'
[06:56:31.550] ShellThumbnail: script attempt failed (exit=0); stderr: 
[06:56:31.551] ShellThumbnail: invoking mpv.exe --no-config --no-audio --no-sub --quiet --no-resume-playback --frames=1 --start=120 --vf-add=scale=256:-2 --of=image2 --ovc=mjpeg --o=C:\Users\Abd Allah\AppData\Local\PitflixPlayer\thumbs\195413554CFF7230439D03E469048F02F823D41F.jpg F:\Series\Engilsh\The Pitt\The Pitt S02E14 720p 10bit WEBRip 2CH x265 HEVC-PSA.mkv
[06:56:31.779] ShellThumbnail: invoking screenshot-script for 'The Pitt S02E09 720p 10bit WEBRip 2CH x265 HEVC-PSA.mkv'
[06:56:31.821] ShellThumbnail: script attempt failed (exit=0); stderr: 
[06:56:31.822] ShellThumbnail: invoking mpv.exe --no-config --no-audio --no-sub --quiet --no-resume-playback --frames=1 --start=120 --vf-add=scale=256:-2 --of=image2 --ovc=mjpeg --o=C:\Users\Abd Allah\AppData\Local\PitflixPlayer\thumbs\AB49124AFE43B51BFB1EA76B9519D0541D44B410.jpg F:\Series\Engilsh\The Pitt\The Pitt S02E05 720p 10bit WEBRip 2CH x265 HEVC-PSA.mkv
[06:56:31.826] ShellThumbnail: encoding-mode attempt failed for 'The.Pitt.S01E02.720p.10bit.WEBRip.2CH.x265.HEVC-PSA.mkv' (exit=2); stderr: 
[06:56:31.826] ShellThumbnail: trying --vo=image fallback for 'The.Pitt.S01E02.720p.10bit.WEBRip.2CH.x265.HEVC-PSA.mkv'
[06:56:31.992] ShellThumbnail: invoking screenshot-script for 'The Pitt S02E07 720p 10bit WEBRip 2CH x265 HEVC-PSA.mkv'
[06:56:32.033] ShellThumbnail: encoding-mode attempt failed for 'The.Pitt.S01E06.720p.10bit.WEBRip.2CH.x265.HEVC-PSA.mkv' (exit=2); stderr: 
[06:56:32.033] ShellThumbnail: trying --vo=image fallback for 'The.Pitt.S01E06.720p.10bit.WEBRip.2CH.x265.HEVC-PSA.mkv'
[06:56:32.234] ShellThumbnail: script attempt failed (exit=0); stderr: 
[06:56:32.236] ShellThumbnail: invoking mpv.exe --no-config --no-audio --no-sub --quiet --no-resume-playback --frames=1 --start=120 --vf-add=scale=256:-2 --of=image2 --ovc=mjpeg --o=C:\Users\Abd Allah\AppData\Local\PitflixPlayer\thumbs\4031D4A097518407DF2B07B467FEB23FCDD7751F.jpg F:\Series\Engilsh\The Pitt\The.Pitt.S01E09.720p.10bit.WEBRip.2CH.x265.HEVC-PSA.mkv
[06:56:32.238] ShellThumbnail: encoding-mode attempt failed for 'The.Pitt.S01E04.720p.10bit.WEBRip.2CH.x265.HEVC-PSA.mkv' (exit=2); stderr: 
[06:56:32.238] ShellThumbnail: trying --vo=image fallback for 'The.Pitt.S01E04.720p.10bit.WEBRip.2CH.x265.HEVC-PSA.mkv'
[06:56:32.294] ShellThumbnail: invoking screenshot-script for 'The Pitt S02E08 720p 10bit WEBRip 2CH x265 HEVC-PSA.mkv'
[06:56:32.311] ShellThumbnail: script attempt failed (exit=0); stderr: 
[06:56:32.313] ShellThumbnail: invoking mpv.exe --no-config --no-audio --no-sub --quiet --no-resume-playback --frames=1 --start=120 --vf-add=scale=256:-2 --of=image2 --ovc=mjpeg --o=C:\Users\Abd Allah\AppData\Local\PitflixPlayer\thumbs\9C270355E6B0D745657872930D8B4ED263A6D017.jpg F:\Series\Engilsh\The Pitt\The Pitt S02E10 720p 10bit WEBRip 2CH x265 HEVC-PSA.mkv
[06:56:32.349] ShellThumbnail: invoking screenshot-script for 'The Pitt S02E06 720p 10bit WEBRip 2CH x265 HEVC-PSA.mkv'
[06:56:32.469] ShellThumbnail: --vo=image attempt also failed (exit=1); stderr: 
[06:56:32.540] ShellThumbnail: script attempt failed (exit=0); stderr: 
[06:56:32.541] ShellThumbnail: invoking mpv.exe --no-config --no-audio --no-sub --quiet --no-resume-playback --frames=1 --start=120 --vf-add=scale=256:-2 --of=image2 --ovc=mjpeg --o=C:\Users\Abd Allah\AppData\Local\PitflixPlayer\thumbs\91D6AC2120B769137935F983889E858208600F3A.jpg F:\Series\Engilsh\The Pitt\The Pitt S02E09 720p 10bit WEBRip 2CH x265 HEVC-PSA.mkv
[06:56:32.557] ShellThumbnail: invoking screenshot-script for 'The Pitt S02E03 720p 10bit WEBRip 2CH x265 HEVC-PSA.mkv'
[06:56:32.801] ShellThumbnail: encoding-mode attempt failed for 'The.Pitt.S01E13.720p.10bit.WEBRip.2CH.x265.HEVC-PSA.mkv' (exit=2); stderr: 
[06:56:32.801] ShellThumbnail: trying --vo=image fallback for 'The.Pitt.S01E13.720p.10bit.WEBRip.2CH.x265.HEVC-PSA.mkv'
[06:56:32.863] ShellThumbnail: encoding-mode attempt failed for 'The.Pitt.S01E05.720p.10bit.WEBRip.2CH.x265.HEVC-PSA.mkv' (exit=2); stderr: 
[06:56:32.863] ShellThumbnail: trying --vo=image fallback for 'The.Pitt.S01E05.720p.10bit.WEBRip.2CH.x265.HEVC-PSA.mkv'
[06:56:33.158] ShellThumbnail: script attempt failed (exit=0); stderr: 
[06:56:33.159] ShellThumbnail: invoking mpv.exe --no-config --no-audio --no-sub --quiet --no-resume-playback --frames=1 --start=120 --vf-add=scale=256:-2 --of=image2 --ovc=mjpeg --o=C:\Users\Abd Allah\AppData\Local\PitflixPlayer\thumbs\65197920E41298C214D02D560E99C3A19882256A.jpg F:\Series\Engilsh\The Pitt\The.Pitt.S02E02.720p.10bit.WEBRip.2CH.x265.HEVC-PSA.mkv
[06:56:33.160] ShellThumbnail: invoking mpv.exe --no-config --no-audio --no-sub --quiet --no-resume-playback --frames=1 --start=120 --vf-add=scale=256:-2 --of=image2 --ovc=mjpeg --o=C:\Users\Abd Allah\AppData\Local\PitflixPlayer\thumbs\DA5329B8C7D45ED538DB26E0A9B6E49991080DE7.jpg F:\Series\Engilsh\The Pitt\The Pitt S02E08 720p 10bit WEBRip 2CH x265 HEVC-PSA.mkv
[06:56:33.204] ShellThumbnail: script attempt failed (exit=0); stderr: 
[06:56:33.204] ShellThumbnail: script attempt failed (exit=0); stderr: 
[06:56:33.205] ShellThumbnail: --vo=image attempt also failed (exit=1); stderr: 
[06:56:33.205] ShellThumbnail: invoking mpv.exe --no-config --no-audio --no-sub --quiet --no-resume-playback --frames=1 --start=120 --vf-add=scale=256:-2 --of=image2 --ovc=mjpeg --o=C:\Users\Abd Allah\AppData\Local\PitflixPlayer\thumbs\E146A6AA5EB4A574052D06E753EA9A6932892D89.jpg F:\Series\Engilsh\The Pitt\The Pitt S02E07 720p 10bit WEBRip 2CH x265 HEVC-PSA.mkv
[06:56:33.206] ShellThumbnail: encoding-mode attempt failed for 'The.Pitt.S01E07.720p.10bit.WEBRip.2CH.x265.HEVC-PSA.mkv' (exit=2); stderr: 
[06:56:33.206] ShellThumbnail: invoking mpv.exe --no-config --no-audio --no-sub --quiet --no-resume-playback --frames=1 --start=120 --vf-add=scale=256:-2 --of=image2 --ovc=mjpeg --o=C:\Users\Abd Allah\AppData\Local\PitflixPlayer\thumbs\299CFEC111B919A491DB99A3B8125215E4666EAD.jpg F:\Series\Engilsh\The Pitt\The.Pitt.S01E08.720p.10bit.WEBRip.2CH.x265.HEVC-PSA.mkv
[06:56:33.206] ShellThumbnail: trying --vo=image fallback for 'The.Pitt.S01E07.720p.10bit.WEBRip.2CH.x265.HEVC-PSA.mkv'
[06:56:33.207] ShellThumbnail: encoding-mode attempt failed for 'The.Pitt.S02E01.720p.10bit.WEBRip.2CH.x265.HEVC-PSA.mkv' (exit=2); stderr: 
[06:56:33.207] ShellThumbnail: trying --vo=image fallback for 'The.Pitt.S02E01.720p.10bit.WEBRip.2CH.x265.HEVC-PSA.mkv'
[06:56:33.207] ShellThumbnail: invoking mpv.exe --no-config --no-audio --no-sub --quiet --no-resume-playback --frames=1 --start=120 --vf-add=scale=256:-2 --of=image2 --ovc=mjpeg --o=C:\Users\Abd Allah\AppData\Local\PitflixPlayer\thumbs\4BE9843FE03C0AFD4D12067257285C9F4816DFBF.jpg F:\Series\Engilsh\The Pitt\The.Pitt.S02E04.720p.10bit.WEBRip.2CH.x265.HEVC-PSA.mkv
[06:56:33.207] ShellThumbnail: invoking mpv.exe --no-config --no-audio --no-sub --quiet --no-resume-playback --frames=1 --start=120 --vf-add=scale=256:-2 --of=image2 --ovc=mjpeg --o=C:\Users\Abd Allah\AppData\Local\PitflixPlayer\thumbs\D9155E9A25D0F15B7E815AF2BA649DA36B21A86A.jpg F:\Series\Engilsh\The Pitt\The.Pitt.S01E10.720p.10bit.WEBRip.2CH.x265.HEVC-PSA.mkv
[06:56:33.208] ShellThumbnail: --vo=image attempt also failed (exit=1); stderr: 
[06:56:33.209] ShellThumbnail: encoding-mode attempt failed for 'The Pitt S02E14 720p 10bit WEBRip 2CH x265 HEVC-PSA.mkv' (exit=2); stderr: 
[06:56:33.209] ShellThumbnail: trying --vo=image fallback for 'The Pitt S02E14 720p 10bit WEBRip 2CH x265 HEVC-PSA.mkv'
[06:56:33.209] ShellThumbnail: invoking mpv.exe --no-config --no-audio --no-sub --quiet --no-resume-playback --frames=1 --start=120 --vf-add=scale=256:-2 --of=image2 --ovc=mjpeg --o=C:\Users\Abd Allah\AppData\Local\PitflixPlayer\thumbs\9207373CD7364DE8C3B1FC7F19D29662EEB07741.jpg F:\Series\Engilsh\The Pitt\The.Pitt.S01E15.720p.10bit.WEBRip.2CH.x265.HEVC-PSA.mkv
[06:56:33.209] ShellThumbnail: invoking mpv.exe --no-config --no-audio --no-sub --quiet --no-resume-playback --frames=1 --start=120 --vf-add=scale=256:-2 --of=image2 --ovc=mjpeg --o=C:\Users\Abd Allah\AppData\Local\PitflixPlayer\thumbs\6AF3F08DD7194BF748F68F2519C9A2E3B218BE46.jpg F:\Series\Engilsh\The Pitt\The.Pitt.S01E11.720p.10bit.WEBRip.2CH.x265.HEVC-PSA.mkv
[06:56:33.311] ShellThumbnail: encoding-mode attempt failed for 'The.Pitt.S01E14.720p.10bit.WEBRip.2CH.x265.HEVC-PSA.mkv' (exit=2); stderr: 
[06:56:33.312] ShellThumbnail: trying --vo=image fallback for 'The.Pitt.S01E14.720p.10bit.WEBRip.2CH.x265.HEVC-PSA.mkv'
[06:56:33.322] ShellThumbnail: --vo=image attempt also failed (exit=1); stderr: 
[06:56:33.355] ShellThumbnail: --vo=image attempt also failed (exit=1); stderr: 
[06:56:33.357] ShellThumbnail: script attempt failed (exit=0); stderr: 
[06:56:33.358] ShellThumbnail: invoking mpv.exe --no-config --no-audio --no-sub --quiet --no-resume-playback --frames=1 --start=120 --vf-add=scale=256:-2 --of=image2 --ovc=mjpeg --o=C:\Users\Abd Allah\AppData\Local\PitflixPlayer\thumbs\2CA0BCE559A9BB0CDF7FA0001FB0B877F8DB89EC.jpg F:\Series\Engilsh\The Pitt\The Pitt S02E06 720p 10bit WEBRip 2CH x265 HEVC-PSA.mkv
[06:56:33.398] ShellThumbnail: --vo=image attempt also failed (exit=1); stderr: 
[06:56:33.462] ShellThumbnail: encoding-mode attempt failed for 'The Pitt S02E05 720p 10bit WEBRip 2CH x265 HEVC-PSA.mkv' (exit=2); stderr: 
[06:56:33.462] ShellThumbnail: trying --vo=image fallback for 'The Pitt S02E05 720p 10bit WEBRip 2CH x265 HEVC-PSA.mkv'
[06:56:33.488] ShellThumbnail: script attempt failed (exit=0); stderr: 
[06:56:33.489] ShellThumbnail: invoking mpv.exe --no-config --no-audio --no-sub --quiet --no-resume-playback --frames=1 --start=120 --vf-add=scale=256:-2 --of=image2 --ovc=mjpeg --o=C:\Users\Abd Allah\AppData\Local\PitflixPlayer\thumbs\55C88C90D62A87ECC4FC3353F638DF2AEA4DF62F.jpg F:\Series\Engilsh\The Pitt\The Pitt S02E03 720p 10bit WEBRip 2CH x265 HEVC-PSA.mkv
[06:56:33.515] ShellThumbnail: --vo=image attempt also failed (exit=1); stderr: 
[06:56:33.518] ShellThumbnail: --vo=image attempt also failed (exit=1); stderr: 
[06:56:33.626] ShellThumbnail: --vo=image attempt also failed (exit=1); stderr: 
[06:56:33.648] ShellThumbnail: encoding-mode attempt failed for 'The Pitt S02E10 720p 10bit WEBRip 2CH x265 HEVC-PSA.mkv' (exit=2); stderr: 
[06:56:33.648] ShellThumbnail: trying --vo=image fallback for 'The Pitt S02E10 720p 10bit WEBRip 2CH x265 HEVC-PSA.mkv'
[06:56:33.680] ShellThumbnail: encoding-mode attempt failed for 'The.Pitt.S01E09.720p.10bit.WEBRip.2CH.x265.HEVC-PSA.mkv' (exit=2); stderr: 
[06:56:33.680] ShellThumbnail: trying --vo=image fallback for 'The.Pitt.S01E09.720p.10bit.WEBRip.2CH.x265.HEVC-PSA.mkv'
[06:56:33.957] ShellThumbnail: --vo=image attempt also failed (exit=1); stderr: 
[06:56:33.988] ShellThumbnail: --vo=image attempt also failed (exit=1); stderr: 
[06:56:34.010] ShellThumbnail: --vo=image attempt also failed (exit=1); stderr: 
[06:56:34.233] ShellThumbnail: encoding-mode attempt failed for 'The Pitt S02E09 720p 10bit WEBRip 2CH x265 HEVC-PSA.mkv' (exit=2); stderr: 
[06:56:34.234] ShellThumbnail: trying --vo=image fallback for 'The Pitt S02E09 720p 10bit WEBRip 2CH x265 HEVC-PSA.mkv'
[06:56:34.263] ShellThumbnail: encoding-mode attempt failed for 'The Pitt S02E08 720p 10bit WEBRip 2CH x265 HEVC-PSA.mkv' (exit=2); stderr: 
[06:56:34.264] ShellThumbnail: trying --vo=image fallback for 'The Pitt S02E08 720p 10bit WEBRip 2CH x265 HEVC-PSA.mkv'
[06:56:34.429] ShellThumbnail: encoding-mode attempt failed for 'The.Pitt.S02E02.720p.10bit.WEBRip.2CH.x265.HEVC-PSA.mkv' (exit=2); stderr: 
[06:56:34.430] ShellThumbnail: trying --vo=image fallback for 'The.Pitt.S02E02.720p.10bit.WEBRip.2CH.x265.HEVC-PSA.mkv'
[06:56:34.744] ShellThumbnail: encoding-mode attempt failed for 'The.Pitt.S02E04.720p.10bit.WEBRip.2CH.x265.HEVC-PSA.mkv' (exit=2); stderr: 
[06:56:34.745] ShellThumbnail: trying --vo=image fallback for 'The.Pitt.S02E04.720p.10bit.WEBRip.2CH.x265.HEVC-PSA.mkv'
[06:56:34.927] ShellThumbnail: encoding-mode attempt failed for 'The.Pitt.S01E10.720p.10bit.WEBRip.2CH.x265.HEVC-PSA.mkv' (exit=2); stderr: 
[06:56:34.927] ShellThumbnail: trying --vo=image fallback for 'The.Pitt.S01E10.720p.10bit.WEBRip.2CH.x265.HEVC-PSA.mkv'
[06:56:34.981] ShellThumbnail: --vo=image attempt also failed (exit=1); stderr: 
[06:56:34.986] ShellThumbnail: encoding-mode attempt failed for 'The.Pitt.S01E08.720p.10bit.WEBRip.2CH.x265.HEVC-PSA.mkv' (exit=2); stderr: 
[06:56:34.986] ShellThumbnail: trying --vo=image fallback for 'The.Pitt.S01E08.720p.10bit.WEBRip.2CH.x265.HEVC-PSA.mkv'
[06:56:34.990] ShellThumbnail: encoding-mode attempt failed for 'The.Pitt.S01E15.720p.10bit.WEBRip.2CH.x265.HEVC-PSA.mkv' (exit=2); stderr: 
[06:56:34.991] ShellThumbnail: trying --vo=image fallback for 'The.Pitt.S01E15.720p.10bit.WEBRip.2CH.x265.HEVC-PSA.mkv'
[06:56:35.010] ShellThumbnail: --vo=image attempt also failed (exit=1); stderr: 
[06:56:35.033] ShellThumbnail: --vo=image attempt also failed (exit=1); stderr: 
[06:56:35.036] ShellThumbnail: encoding-mode attempt failed for 'The.Pitt.S01E11.720p.10bit.WEBRip.2CH.x265.HEVC-PSA.mkv' (exit=2); stderr: 
[06:56:35.037] ShellThumbnail: trying --vo=image fallback for 'The.Pitt.S01E11.720p.10bit.WEBRip.2CH.x265.HEVC-PSA.mkv'
[06:56:35.054] ShellThumbnail: encoding-mode attempt failed for 'The Pitt S02E06 720p 10bit WEBRip 2CH x265 HEVC-PSA.mkv' (exit=2); stderr: 
[06:56:35.054] ShellThumbnail: trying --vo=image fallback for 'The Pitt S02E06 720p 10bit WEBRip 2CH x265 HEVC-PSA.mkv'
[06:56:35.069] ShellThumbnail: encoding-mode attempt failed for 'The Pitt S02E07 720p 10bit WEBRip 2CH x265 HEVC-PSA.mkv' (exit=2); stderr: 
[06:56:35.070] ShellThumbnail: trying --vo=image fallback for 'The Pitt S02E03 720p 10bit WEBRip 2CH x265 HEVC-PSA.mkv'
[06:56:35.081] ShellThumbnail: --vo=image attempt also failed (exit=1); stderr: 
[06:56:35.126] ShellThumbnail: --vo=image attempt also failed (exit=1); stderr: 
[06:56:35.142] ShellThumbnail: --vo=image attempt also failed (exit=1); stderr: 
[06:56:35.157] ShellThumbnail: --vo=image attempt also failed (exit=1); stderr: 
[06:57:15.388] Session stopped — entering pre-warm hide
[06:57:15.995] MpvIpcClient disposed
[06:57:15.995] Window closed
[06:57:20.662] App starting
[06:57:20.668] Subtitle preference loaded: mode=default, lang=(none)
[06:57:20.925] Keyboard hook handle: 0x1E220E87
[06:57:20.926] Mouse hook handle: 0x3260AEB
[06:57:20.928] OnLoadedCore start
[06:57:23.039] ChildHwnd = 0x100762
[06:57:23.040] Calling AttachAsync
[06:57:23.055] AttachAsync succeeded
[06:57:23.056] Connecting IPC to pipe: pitflix-wid-ece9735f49cb4394b41ecd0940064863
[06:57:23.092] MpvIpcClient connected to \\.\pipe\pitflix-wid-ece9735f49cb4394b41ecd0940064863
[06:57:23.500] BuildFolderPlaylist: scanned 43 video file(s) in 'H:\R.G. Catalyst\Pro Evolution Soccer 2013'
[06:57:23.605] OnLoadedCore complete
[06:57:25.687] BuildFolderPlaylist: queued 43 files; current at idx 0 — prev/next now visible
[06:57:31.382] ShellThumbnail: Shell delivered 256×144 for a date that's more than a date.mp4
[06:57:32.539] ShellThumbnail: Shell delivered 256×144 for are you thirsty from all that hard work.mp4
[06:57:32.539] ShellThumbnail: Shell delivered 256×144 for Elly clutch, zoey di giacomo truth or dare threesome .mp4
[06:57:32.540] ShellThumbnail: Shell delivered 256×144 for do you imagine fucking me.mp4
[06:57:32.540] ShellThumbnail: Shell delivered 256×144 for her tits are the golden ticket.mp4
[06:57:32.540] ShellThumbnail: Shell delivered 256×144 for Big Tit Temptress Alison Tyler Performs HOT AF Mesmerizing Titty Show.mp4
[06:57:32.541] ShellThumbnail: Shell delivered 256×144 for Gabbie carter (gabbiecartertv double d business woman means business).mp4
[06:57:32.541] ShellThumbnail: Shell delivered 256×144 for her version of due diligence.mp4
[06:57:39.447] ShellThumbnail: Shell delivered 256×144 for mommysgirl.26.01.31.little.puck.and.hailey.rose.fuckingsession.com.mp4
[06:57:39.448] ShellThumbnail: Shell delivered 256×144 for investigating with your mouth, officer.mp4
[06:57:39.448] ShellThumbnail: Shell delivered 256×144 for mommysgirl.26.01.24.lexi.luna.and.leana.lovings.fuckingsession.com.mp4
[06:57:39.448] ShellThumbnail: Shell delivered 256×144 for how to chop the morning wood.mp4
[06:57:39.449] ShellThumbnail: Shell delivered 256×144 for Gabbie carter bz 3.mp4
[06:57:39.449] ShellThumbnail: Shell delivered 256×144 for admiring the person from inside.mp4
[06:57:39.450] ShellThumbnail: Shell delivered 256×144 for just be open minded.mp4
[06:57:40.693] ShellThumbnail: Shell delivered 256×144 for PureTaboo.23.06.27.Leana.Lovings.XXX.1080p.mp4
[06:57:40.693] ShellThumbnail: Shell delivered 256×144 for people to share time with.mp4
[06:57:40.695] ShellThumbnail: Shell delivered 256×144 for Mind If I Join (720).mp4
[06:57:40.809] ShellThumbnail: Shell delivered 256×144 for put some fire on the chocolate.mp4
[06:57:40.811] ShellThumbnail: Shell delivered 256×144 for round enough to get behind.mp4
[06:57:41.019] ShellThumbnail: Shell delivered 256×144 for so much good ass.mp4
[06:57:41.027] ShellThumbnail: Shell delivered 256×144 for Stepsister secretly slipped under my blanket at night....mp4
[06:57:41.863] ShellThumbnail: Shell delivered 256×144 for vampired.25.09.19.octokuro.and.rheina.ohara.controlling.the.half.breed.fuckingsession.com.mp4
[06:57:41.865] ShellThumbnail: Shell delivered 256×144 for Two Fantastic Brunette Girls (720).mp4
[06:57:41.866] ShellThumbnail: Shell delivered 256×144 for thanks for helping making history.mp4
[06:57:41.868] ShellThumbnail: Shell delivered 256×144 for under her business casual.mp4
[06:57:42.030] ShellThumbnail: Shell delivered 256×144 for the anime effect.mp4
[06:57:42.462] ShellThumbnail: Shell delivered 256×144 for Vampired.26.02.06.Little.Puck.And.Veronica.Leal.Refuge.XXX.720p.mp4
[06:57:42.466] ShellThumbnail: Shell delivered 256×144 for we each have one, girl.mp4
[06:57:42.467] ShellThumbnail: Shell delivered 256×144 for Vampired_-_Octokuro_Finding_The_Dollhouse_prntrx.blogspot.com.mp4
[06:57:43.215] Playlist: jumping to index 4
[06:57:44.739] ShellThumbnail: Shell delivered 256×144 for you don't seem to know your girlfriend....mp4
[06:57:44.740] ShellThumbnail: Shell delivered 256×144 for [BlackedRaw] Chloe Amour (Insatiable Chloe Ditches BF For A Night Of BBC _ 01.29.2024).mp4
[06:57:44.743] ShellThumbnail: Shell delivered 256×144 for [PornhubFans 720p] My Boyfriend Fucked my Ass for the First Time after he found out I Cheated, and he came inside!.mp4
[06:57:44.744] ShellThumbnail: Shell delivered 256×144 for wanna strip and get more comfortable.mp4
[06:57:44.945] ShellThumbnail: Shell delivered 256×144 for wrong room, right outcome.mp4
[06:58:04.090] ShellThumbnail: Shell delivered 256×144 for a date that's more than a date.mp4
[06:58:04.090] ShellThumbnail: Shell delivered 256×144 for Blair williams [pornmir, порно, new porn, hd 1080 blonde.mp4
[06:58:04.116] ShellThumbnail: Shell delivered 256×144 for Curvy brunette fingering girl eavesdropping on mom part one.mp4
[06:58:04.118] ShellThumbnail: Shell delivered 256×144 for Emma butt(порно.mp4
[06:58:04.118] ShellThumbnail: Shell delivered 256×144 for are you thirsty from all that hard work.mp4
[06:58:04.119] ShellThumbnail: Shell delivered 256×144 for admiring the person from inside.mp4
[06:58:04.119] ShellThumbnail: Shell delivered 256×144 for Big Tit Temptress Alison Tyler Performs HOT AF Mesmerizing Titty Show.mp4
[06:58:04.121] ShellThumbnail: Shell delivered 256×144 for how to chop the morning wood.mp4
[06:58:04.122] ShellThumbnail: Shell delivered 256×144 for Gabbie carter bz 3.mp4
[06:58:04.122] ShellThumbnail: Shell delivered 256×144 for her version of due diligence.mp4
[06:58:04.123] ShellThumbnail: Shell delivered 256×144 for her tits are the golden ticket.mp4
[06:58:04.144] ShellThumbnail: Shell delivered 256×144 for how would you rate your stamina.mp4
[06:58:04.146] ShellThumbnail: Shell delivered 256×144 for investigating with your mouth, officer.mp4
[06:58:04.151] ShellThumbnail: Shell delivered 256×144 for just be open minded.mp4
[06:58:04.153] ShellThumbnail: Shell delivered 256×144 for mommysgirl.26.01.24.lexi.luna.and.leana.lovings.fuckingsession.com.mp4
[06:58:04.153] ShellThumbnail: Shell delivered 256×144 for mommysgirl.26.01.31.little.puck.and.hailey.rose.fuckingsession.com.mp4
[06:58:04.154] ShellThumbnail: Shell delivered 256×144 for people to share time with.mp4
[06:58:04.154] ShellThumbnail: Shell delivered 256×144 for PureTaboo.23.06.27.Leana.Lovings.XXX.1080p.mp4
[06:58:04.154] ShellThumbnail: Shell delivered 256×144 for put some fire on the chocolate.mp4
[06:58:04.154] ShellThumbnail: Shell delivered 256×144 for Mind If I Join (720).mp4
[06:58:04.162] ShellThumbnail: Shell delivered 256×144 for round enough to get behind.mp4
[06:58:04.177] ShellThumbnail: Shell delivered 256×144 for tackling every angle.mp4
[06:58:04.177] ShellThumbnail: Shell delivered 256×144 for Two Fantastic Brunette Girls (720).mp4
[06:58:04.178] ShellThumbnail: Shell delivered 256×144 for vampired.25.09.19.octokuro.and.rheina.ohara.controlling.the.half.breed.fuckingsession.com.mp4
[06:58:04.178] ShellThumbnail: Shell delivered 256×144 for thanks for helping making history.mp4
[06:58:04.180] ShellThumbnail: Shell delivered 256×144 for the anime effect.mp4
[06:58:04.181] ShellThumbnail: Shell delivered 256×144 for under her business casual.mp4
[06:58:04.192] ShellThumbnail: Shell delivered 256×144 for Vampired.26.02.06.Little.Puck.And.Veronica.Leal.Refuge.XXX.720p.mp4
[06:58:04.192] ShellThumbnail: Shell delivered 256×144 for we each have one, girl.mp4
[06:58:04.193] ShellThumbnail: Shell delivered 256×144 for wrong room, right outcome.mp4
[06:58:04.194] ShellThumbnail: Shell delivered 256×144 for wanna strip and get more comfortable.mp4
[06:58:04.195] ShellThumbnail: Shell delivered 256×144 for you don't seem to know your girlfriend....mp4
[06:58:04.197] ShellThumbnail: Shell delivered 256×144 for [BlackedRaw] Chloe Amour (Insatiable Chloe Ditches BF For A Night Of BBC _ 01.29.2024).mp4
[06:58:08.277] Playlist: jumping to index 3
[06:58:10.189] Playlist: jumping to index 3
[06:58:11.157] Playlist: jumping to index 2
[06:58:11.317] Playlist: jumping to index 2
[06:58:12.286] Playlist: jumping to index 2
[06:58:12.494] Playlist: jumping to index 2
[06:58:16.655] Playlist: jumping to index 1
[06:58:16.823] Playlist: jumping to index 1
[06:58:18.424] Playlist: jumping to index 3
[06:58:18.584] Playlist: jumping to index 3
[06:58:25.350] ShellThumbnail: Shell delivered 256×144 for are you thirsty from all that hard work.mp4
[06:58:25.351] ShellThumbnail: Shell delivered 256×144 for admiring the person from inside.mp4
[06:58:25.351] ShellThumbnail: Shell delivered 256×144 for Blair williams [pornmir, порно, new porn, hd 1080 blonde.mp4
[06:58:25.355] ShellThumbnail: Shell delivered 256×144 for Big Tit Temptress Alison Tyler Performs HOT AF Mesmerizing Titty Show.mp4
[06:58:25.356] ShellThumbnail: Shell delivered 256×144 for Elly clutch, zoey di giacomo truth or dare threesome .mp4
[06:58:25.358] ShellThumbnail: Shell delivered 256×144 for do you imagine fucking me.mp4
[06:58:25.358] ShellThumbnail: Shell delivered 256×144 for her version of due diligence.mp4
[06:58:25.359] ShellThumbnail: Shell delivered 256×144 for how to chop the morning wood.mp4
[06:58:25.360] ShellThumbnail: Shell delivered 256×144 for just be open minded.mp4
[06:58:25.360] ShellThumbnail: Shell delivered 256×144 for Mind If I Join (720).mp4
[06:58:25.361] ShellThumbnail: Shell delivered 256×144 for Curvy brunette fingering girl eavesdropping on mom part one.mp4
[06:58:25.361] ShellThumbnail: Shell delivered 256×144 for Gabbie carter bz 3.mp4
[06:58:25.361] ShellThumbnail: Shell delivered 256×144 for her tits are the golden ticket.mp4
[06:58:25.361] ShellThumbnail: Shell delivered 256×144 for Gabbie carter (gabbiecartertv double d business woman means business).mp4
[06:58:25.363] ShellThumbnail: Shell delivered 256×144 for mommysgirl.26.01.24.lexi.luna.and.leana.lovings.fuckingsession.com.mp4
[06:58:25.363] ShellThumbnail: Shell delivered 256×144 for people to share time with.mp4
[06:58:25.364] ShellThumbnail: Shell delivered 256×144 for mommysgirl.26.01.31.little.puck.and.hailey.rose.fuckingsession.com.mp4
[06:58:25.365] ShellThumbnail: Shell delivered 256×144 for PureTaboo_-_Leana_Lovings_-_The_List.mp4
[06:58:25.366] ShellThumbnail: Shell delivered 256×144 for put some fire on the chocolate.mp4
[06:58:25.367] ShellThumbnail: Shell delivered 256×144 for PureTaboo_-_Leana_Lovings_The_Boy_Who_Cried_Step.mp4
[06:58:25.367] ShellThumbnail: Shell delivered 256×144 for PureTaboo.23.06.27.Leana.Lovings.XXX.1080p.mp4
[06:58:25.368] ShellThumbnail: Shell delivered 256×144 for so much good ass.mp4
[06:58:25.381] ShellThumbnail: Shell delivered 256×144 for Vampired_-_Octokuro_Finding_The_Dollhouse_prntrx.blogspot.com.mp4
[06:58:25.382] ShellThumbnail: Shell delivered 256×144 for we each have one, girl.mp4
[06:58:25.383] ShellThumbnail: Shell delivered 256×144 for wanna strip and get more comfortable.mp4
[06:58:25.383] ShellThumbnail: Shell delivered 256×144 for wrong room, right outcome.mp4
[06:58:25.384] ShellThumbnail: Shell delivered 256×144 for you don't seem to know your girlfriend....mp4
[06:58:25.384] ShellThumbnail: Shell delivered 256×144 for [BlackedRaw] Chloe Amour (Insatiable Chloe Ditches BF For A Night Of BBC _ 01.29.2024).mp4
[06:58:25.385] ShellThumbnail: Shell delivered 256×144 for [PornhubFans 720p] My Boyfriend Fucked my Ass for the First Time after he found out I Cheated, and he came inside!.mp4
[06:58:30.991] Session stopped — entering pre-warm hide
[06:58:32.121] OnClosed: save-progress-now failed (non-fatal): One or more errors occurred. (A task was canceled.)
[06:58:32.121] MpvIpcClient disposed
[06:58:32.121] Window closed
[07:22:26.182] App starting
[07:22:26.187] Subtitle preference loaded: mode=default, lang=(none)
[07:22:26.634] Keyboard hook handle: 0xD130D
[07:22:26.635] Mouse hook handle: 0x231131B
[07:22:26.637] OnLoadedCore start
[07:22:28.750] ChildHwnd = 0x6E0EEE
[07:22:28.751] Calling AttachAsync
[07:22:28.768] AttachAsync succeeded
[07:22:28.769] Connecting IPC to pipe: pitflix-wid-a04b1590bf5d4574a6a64d5b50665a3a
[07:22:28.805] MpvIpcClient connected to \\.\pipe\pitflix-wid-a04b1590bf5d4574a6a64d5b50665a3a
[07:22:29.008] OnLoadedCore complete
[07:22:29.173] BuildFolderPlaylist: scanned 29 video file(s) in 'F:\Series\Engilsh\The Pitt'
[07:22:29.175] BuildFolderPlaylist: queued 29 files; current at idx 27 — prev/next now visible
[07:22:39.724] ShellThumbnail: invoking screenshot-script for 'The Pitt S02E08 720p 10bit WEBRip 2CH x265 HEVC-PSA.mkv'
[07:22:39.725] ShellThumbnail: invoking screenshot-script for 'The Pitt S02E12 720p 10bit WEBRip 2CH x265 HEVC-PSA.mkv'
[07:22:39.734] ShellThumbnail: invoking screenshot-script for 'The Pitt S02E06 720p 10bit WEBRip 2CH x265 HEVC-PSA.mkv'
[07:22:39.746] ShellThumbnail: invoking screenshot-script for 'The Pitt S02E07 720p 10bit WEBRip 2CH x265 HEVC-PSA.mkv'
[07:22:39.763] ShellThumbnail: invoking screenshot-script for 'The.Pitt.S01E02.720p.10bit.WEBRip.2CH.x265.HEVC-PSA.mkv'
[07:22:39.878] ShellThumbnail: invoking screenshot-script for 'The Pitt S02E09 720p 10bit WEBRip 2CH x265 HEVC-PSA.mkv'
[07:22:39.908] ShellThumbnail: invoking screenshot-script for 'The Pitt S02E14 720p 10bit WEBRip 2CH x265 HEVC-PSA.mkv'
[07:22:39.944] ShellThumbnail: invoking screenshot-script for 'The.Pitt.S01E03.720p.10bit.WEBRip.2CH.x265.HEVC-PSA.mkv'
[07:22:39.959] ShellThumbnail: invoking screenshot-script for 'The.Pitt.S01E04.720p.10bit.WEBRip.2CH.x265.HEVC-PSA.mkv'
[07:22:39.976] ShellThumbnail: invoking screenshot-script for 'The.Pitt.S01E01.720p.10bit.WEBRip.2CH.x265.HEVC-PSA.mkv'
[07:22:40.004] ShellThumbnail: invoking screenshot-script for 'The Pitt S02E15 720p 10bit WEBRip 2CH x265 HEVC-PSA.mkv'
[07:22:40.046] ShellThumbnail: invoking screenshot-script for 'The Pitt S02E03 720p 10bit WEBRip 2CH x265 HEVC-PSA.mkv'
[07:22:40.119] ShellThumbnail: invoking screenshot-script for 'The.Pitt.S01E05.720p.10bit.WEBRip.2CH.x265.HEVC-PSA.mkv'
[07:22:40.323] ShellThumbnail: invoking screenshot-script for 'The.Pitt.S01E06.720p.10bit.WEBRip.2CH.x265.HEVC-PSA.mkv'
[07:22:40.332] ShellThumbnail: invoking screenshot-script for 'The.Pitt.S01E07.720p.10bit.WEBRip.2CH.x265.HEVC-PSA.mkv'
[07:22:40.437] ShellThumbnail: invoking screenshot-script for 'The.Pitt.S01E08.720p.10bit.WEBRip.2CH.x265.HEVC-PSA.mkv'
[07:22:40.545] ShellThumbnail: invoking screenshot-script for 'The.Pitt.S01E09.720p.10bit.WEBRip.2CH.x265.HEVC-PSA.mkv'
[07:22:40.567] ShellThumbnail: invoking screenshot-script for 'The.Pitt.S01E10.720p.10bit.WEBRip.2CH.x265.HEVC-PSA.mkv'
[07:22:40.569] ShellThumbnail: invoking screenshot-script for 'The.Pitt.S01E12.720p.10bit.WEBRip.2CH.x265.HEVC-PSA.mkv'
[07:22:40.606] ShellThumbnail: invoking screenshot-script for 'The.Pitt.S01E13.720p.10bit.WEBRip.2CH.x265.HEVC-PSA.mkv'
[07:22:40.819] ShellThumbnail: invoking screenshot-script for 'The.Pitt.S01E14.720p.10bit.WEBRip.2CH.x265.HEVC-PSA.mkv'
[07:22:40.824] ShellThumbnail: invoking screenshot-script for 'The Pitt S02E05 720p 10bit WEBRip 2CH x265 HEVC-PSA.mkv'
[07:22:40.864] ShellThumbnail: invoking screenshot-script for 'The.Pitt.S02E01.720p.10bit.WEBRip.2CH.x265.HEVC-PSA.mkv'
[07:22:40.917] ShellThumbnail: invoking screenshot-script for 'The.Pitt.S02E02.720p.10bit.WEBRip.2CH.x265.HEVC-PSA.mkv'
[07:22:41.000] ShellThumbnail: invoking screenshot-script for 'The.Pitt.S02E04.720p.10bit.WEBRip.2CH.x265.HEVC-PSA.mkv'
[07:22:41.033] ShellThumbnail: invoking screenshot-script for 'The Pitt S02E10 720p 10bit WEBRip 2CH x265 HEVC-PSA.mkv'
[07:22:41.232] ShellThumbnail: script attempt failed (exit=0); stderr: 
[07:22:41.233] ShellThumbnail: invoking mpv.exe --no-config --no-audio --no-sub --quiet --no-resume-playback --frames=1 --start=120 --vf-add=scale=256:-2 --of=image2 --ovc=mjpeg --o=C:\Users\Abd Allah\AppData\Local\PitflixPlayer\thumbs\09F3CF07CEA464AB45DB212A3B45C4B8D0719036.jpg F:\Series\Engilsh\The Pitt\The Pitt S02E12 720p 10bit WEBRip 2CH x265 HEVC-PSA.mkv
[07:22:41.234] ShellThumbnail: script attempt failed (exit=0); stderr: 
[07:22:41.235] ShellThumbnail: invoking mpv.exe --no-config --no-audio --no-sub --quiet --no-resume-playback --frames=1 --start=120 --vf-add=scale=256:-2 --of=image2 --ovc=mjpeg --o=C:\Users\Abd Allah\AppData\Local\PitflixPlayer\thumbs\AB49124AFE43B51BFB1EA76B9519D0541D44B410.jpg F:\Series\Engilsh\The Pitt\The Pitt S02E05 720p 10bit WEBRip 2CH x265 HEVC-PSA.mkv
[07:22:41.252] ShellThumbnail: script attempt failed (exit=0); stderr: 
[07:22:41.253] ShellThumbnail: invoking mpv.exe --no-config --no-audio --no-sub --quiet --no-resume-playback --frames=1 --start=120 --vf-add=scale=256:-2 --of=image2 --ovc=mjpeg --o=C:\Users\Abd Allah\AppData\Local\PitflixPlayer\thumbs\BD28802F0DF11FDB5F3D20A98F28BF3243B4D024.jpg F:\Series\Engilsh\The Pitt\The.Pitt.S02E01.720p.10bit.WEBRip.2CH.x265.HEVC-PSA.mkv
[07:22:41.257] ShellThumbnail: script attempt failed (exit=0); stderr: 
[07:22:41.259] ShellThumbnail: invoking mpv.exe --no-config --no-audio --no-sub --quiet --no-resume-playback --frames=1 --start=120 --vf-add=scale=256:-2 --of=image2 --ovc=mjpeg --o=C:\Users\Abd Allah\AppData\Local\PitflixPlayer\thumbs\D9155E9A25D0F15B7E815AF2BA649DA36B21A86A.jpg F:\Series\Engilsh\The Pitt\The.Pitt.S01E10.720p.10bit.WEBRip.2CH.x265.HEVC-PSA.mkv
[07:22:41.259] ShellThumbnail: invoking mpv.exe --no-config --no-audio --no-sub --quiet --no-resume-playback --frames=1 --start=120 --vf-add=scale=256:-2 --of=image2 --ovc=mjpeg --o=C:\Users\Abd Allah\AppData\Local\PitflixPlayer\thumbs\DA5329B8C7D45ED538DB26E0A9B6E49991080DE7.jpg F:\Series\Engilsh\The Pitt\The Pitt S02E08 720p 10bit WEBRip 2CH x265 HEVC-PSA.mkv
[07:22:41.259] ShellThumbnail: invoking mpv.exe --no-config --no-audio --no-sub --quiet --no-resume-playback --frames=1 --start=120 --vf-add=scale=256:-2 --of=image2 --ovc=mjpeg --o=C:\Users\Abd Allah\AppData\Local\PitflixPlayer\thumbs\4031D4A097518407DF2B07B467FEB23FCDD7751F.jpg F:\Series\Engilsh\The Pitt\The.Pitt.S01E09.720p.10bit.WEBRip.2CH.x265.HEVC-PSA.mkv
[07:22:41.297] ShellThumbnail: script attempt failed (exit=0); stderr: 
[07:22:41.299] ShellThumbnail: invoking mpv.exe --no-config --no-audio --no-sub --quiet --no-resume-playback --frames=1 --start=120 --vf-add=scale=256:-2 --of=image2 --ovc=mjpeg --o=C:\Users\Abd Allah\AppData\Local\PitflixPlayer\thumbs\65197920E41298C214D02D560E99C3A19882256A.jpg F:\Series\Engilsh\The Pitt\The.Pitt.S02E02.720p.10bit.WEBRip.2CH.x265.HEVC-PSA.mkv
[07:22:41.343] ShellThumbnail: invoking screenshot-script for 'The Pitt S02E13 720p 10bit WEBRip 2CH x265 HEVC-PSA.mkv'
[07:22:41.359] ShellThumbnail: script attempt failed (exit=0); stderr: 
[07:22:41.360] ShellThumbnail: invoking mpv.exe --no-config --no-audio --no-sub --quiet --no-resume-playback --frames=1 --start=120 --vf-add=scale=256:-2 --of=image2 --ovc=mjpeg --o=C:\Users\Abd Allah\AppData\Local\PitflixPlayer\thumbs\4BE9843FE03C0AFD4D12067257285C9F4816DFBF.jpg F:\Series\Engilsh\The Pitt\The.Pitt.S02E04.720p.10bit.WEBRip.2CH.x265.HEVC-PSA.mkv
[07:22:42.267] ShellThumbnail: script attempt failed (exit=0); stderr: 
[07:22:42.268] ShellThumbnail: invoking mpv.exe --no-config --no-audio --no-sub --quiet --no-resume-playback --frames=1 --start=120 --vf-add=scale=256:-2 --of=image2 --ovc=mjpeg --o=C:\Users\Abd Allah\AppData\Local\PitflixPlayer\thumbs\936C964C9755D7FA72A56865439DF1FE61EDA452.jpg F:\Series\Engilsh\The Pitt\The.Pitt.S01E06.720p.10bit.WEBRip.2CH.x265.HEVC-PSA.mkv
[07:22:42.485] ShellThumbnail: script attempt failed (exit=0); stderr: 
[07:22:42.486] ShellThumbnail: invoking mpv.exe --no-config --no-audio --no-sub --quiet --no-resume-playback --frames=1 --start=120 --vf-add=scale=256:-2 --of=image2 --ovc=mjpeg --o=C:\Users\Abd Allah\AppData\Local\PitflixPlayer\thumbs\40809C58E2CABB0AF3D1720ECFA0A5BAEC7A3A2E.jpg F:\Series\Engilsh\The Pitt\The.Pitt.S01E07.720p.10bit.WEBRip.2CH.x265.HEVC-PSA.mkv
[07:22:42.549] ShellThumbnail: encoding-mode attempt failed for 'The.Pitt.S01E01.720p.10bit.WEBRip.2CH.x265.HEVC-PSA.mkv' (exit=2); stderr: 
[07:22:42.549] ShellThumbnail: trying --vo=image fallback for 'The.Pitt.S01E01.720p.10bit.WEBRip.2CH.x265.HEVC-PSA.mkv'
[07:22:42.579] ShellThumbnail: script attempt failed (exit=0); stderr: 
[07:22:42.581] ShellThumbnail: invoking mpv.exe --no-config --no-audio --no-sub --quiet --no-resume-playback --frames=1 --start=120 --vf-add=scale=256:-2 --of=image2 --ovc=mjpeg --o=C:\Users\Abd Allah\AppData\Local\PitflixPlayer\thumbs\E146A6AA5EB4A574052D06E753EA9A6932892D89.jpg F:\Series\Engilsh\The Pitt\The Pitt S02E07 720p 10bit WEBRip 2CH x265 HEVC-PSA.mkv
[07:22:42.584] ShellThumbnail: encoding-mode attempt failed for 'The.Pitt.S02E04.720p.10bit.WEBRip.2CH.x265.HEVC-PSA.mkv' (exit=2); stderr: 
[07:22:42.584] ShellThumbnail: trying --vo=image fallback for 'The.Pitt.S02E04.720p.10bit.WEBRip.2CH.x265.HEVC-PSA.mkv'
[07:22:42.602] ShellThumbnail: script attempt failed (exit=0); stderr: 
[07:22:42.602] ShellThumbnail: encoding-mode attempt failed for 'The.Pitt.S02E01.720p.10bit.WEBRip.2CH.x265.HEVC-PSA.mkv' (exit=2); stderr: 
[07:22:42.603] ShellThumbnail: trying --vo=image fallback for 'The.Pitt.S02E01.720p.10bit.WEBRip.2CH.x265.HEVC-PSA.mkv'
[07:22:42.604] ShellThumbnail: invoking mpv.exe --no-config --no-audio --no-sub --quiet --no-resume-playback --frames=1 --start=120 --vf-add=scale=256:-2 --of=image2 --ovc=mjpeg --o=C:\Users\Abd Allah\AppData\Local\PitflixPlayer\thumbs\B941AF28C13C52F18A1BCC6555D332A5787F5356.jpg F:\Series\Engilsh\The Pitt\The Pitt S02E13 720p 10bit WEBRip 2CH x265 HEVC-PSA.mkv
[07:22:42.604] ShellThumbnail: invoking mpv.exe --no-config --no-audio --no-sub --quiet --no-resume-playback --frames=1 --start=120 --vf-add=scale=256:-2 --of=image2 --ovc=mjpeg --o=C:\Users\Abd Allah\AppData\Local\PitflixPlayer\thumbs\55C88C90D62A87ECC4FC3353F638DF2AEA4DF62F.jpg F:\Series\Engilsh\The Pitt\The Pitt S02E03 720p 10bit WEBRip 2CH x265 HEVC-PSA.mkv
[07:22:42.606] ShellThumbnail: encoding-mode attempt failed for 'The Pitt S02E05 720p 10bit WEBRip 2CH x265 HEVC-PSA.mkv' (exit=2); stderr: 
[07:22:42.607] ShellThumbnail: trying --vo=image fallback for 'The Pitt S02E05 720p 10bit WEBRip 2CH x265 HEVC-PSA.mkv'
[07:22:42.612] ShellThumbnail: encoding-mode attempt failed for 'The Pitt S02E12 720p 10bit WEBRip 2CH x265 HEVC-PSA.mkv' (exit=2); stderr: 
[07:22:42.612] ShellThumbnail: trying --vo=image fallback for 'The Pitt S02E12 720p 10bit WEBRip 2CH x265 HEVC-PSA.mkv'
[07:22:42.911] ShellThumbnail: script attempt failed (exit=0); stderr: 
[07:22:42.911] ShellThumbnail: trying --vo=image fallback for 'The.Pitt.S02E02.720p.10bit.WEBRip.2CH.x265.HEVC-PSA.mkv'
[07:22:42.912] ShellThumbnail: invoking mpv.exe --no-config --no-audio --no-sub --quiet --no-resume-playback --frames=1 --start=120 --vf-add=scale=256:-2 --of=image2 --ovc=mjpeg --o=C:\Users\Abd Allah\AppData\Local\PitflixPlayer\thumbs\58FCB6F1921F599AAF898DA489AE68F22E5DC22A.jpg F:\Series\Engilsh\The Pitt\The.Pitt.S01E12.720p.10bit.WEBRip.2CH.x265.HEVC-PSA.mkv
[07:22:42.913] ShellThumbnail: --vo=image attempt also failed (exit=1); stderr: 
[07:22:42.991] ShellThumbnail: script attempt failed (exit=0); stderr: 
[07:22:42.992] ShellThumbnail: invoking mpv.exe --no-config --no-audio --no-sub --quiet --no-resume-playback --frames=1 --start=120 --vf-add=scale=256:-2 --of=image2 --ovc=mjpeg --o=C:\Users\Abd Allah\AppData\Local\PitflixPlayer\thumbs\E613FFC7C5D412994AE2D2985AD505FC1266922A.jpg F:\Series\Engilsh\The Pitt\The Pitt S02E15 720p 10bit WEBRip 2CH x265 HEVC-PSA.mkv
[07:22:43.181] ShellThumbnail: --vo=image attempt also failed (exit=1); stderr: 
[07:22:43.182] ShellThumbnail: invoking mpv.exe --no-config --no-audio --no-sub --quiet --no-resume-playback --frames=1 --start=120 --vf-add=scale=256:-2 --of=image2 --ovc=mjpeg --o=C:\Users\Abd Allah\AppData\Local\PitflixPlayer\thumbs\07A9C809BA1193962E79905BEFDF6B38542F6554.jpg F:\Series\Engilsh\The Pitt\The.Pitt.S01E04.720p.10bit.WEBRip.2CH.x265.HEVC-PSA.mkv
[07:22:43.229] ShellThumbnail: --vo=image attempt also failed (exit=1); stderr: 
[07:22:43.315] ShellThumbnail: script attempt failed (exit=0); stderr: 
[07:22:43.316] ShellThumbnail: invoking mpv.exe --no-config --no-audio --no-sub --quiet --no-resume-playback --frames=1 --start=120 --vf-add=scale=256:-2 --of=image2 --ovc=mjpeg --o=C:\Users\Abd Allah\AppData\Local\PitflixPlayer\thumbs\91D6AC2120B769137935F983889E858208600F3A.jpg F:\Series\Engilsh\The Pitt\The Pitt S02E09 720p 10bit WEBRip 2CH x265 HEVC-PSA.mkv
[07:22:43.978] ShellThumbnail: encoding-mode attempt failed for 'The Pitt S02E13 720p 10bit WEBRip 2CH x265 HEVC-PSA.mkv' (exit=2); stderr: 
[07:22:43.978] ShellThumbnail: trying --vo=image fallback for 'The Pitt S02E13 720p 10bit WEBRip 2CH x265 HEVC-PSA.mkv'
[07:22:44.068] ShellThumbnail: encoding-mode attempt failed for 'The Pitt S02E03 720p 10bit WEBRip 2CH x265 HEVC-PSA.mkv' (exit=2); stderr: 
[07:22:44.069] ShellThumbnail: trying --vo=image fallback for 'The Pitt S02E03 720p 10bit WEBRip 2CH x265 HEVC-PSA.mkv'
[07:22:44.159] ShellThumbnail: script attempt failed (exit=0); stderr: 
[07:22:44.160] ShellThumbnail: invoking mpv.exe --no-config --no-audio --no-sub --quiet --no-resume-playback --frames=1 --start=120 --vf-add=scale=256:-2 --of=image2 --ovc=mjpeg --o=C:\Users\Abd Allah\AppData\Local\PitflixPlayer\thumbs\195413554CFF7230439D03E469048F02F823D41F.jpg F:\Series\Engilsh\The Pitt\The Pitt S02E14 720p 10bit WEBRip 2CH x265 HEVC-PSA.mkv
[07:22:44.209] ShellThumbnail: script attempt failed (exit=0); stderr: 
[07:22:44.210] ShellThumbnail: invoking mpv.exe --no-config --no-audio --no-sub --quiet --no-resume-playback --frames=1 --start=120 --vf-add=scale=256:-2 --of=image2 --ovc=mjpeg --o=C:\Users\Abd Allah\AppData\Local\PitflixPlayer\thumbs\1667C7117E625F994D4575065FEA1EB10285C489.jpg F:\Series\Engilsh\The Pitt\The.Pitt.S01E05.720p.10bit.WEBRip.2CH.x265.HEVC-PSA.mkv
[07:22:44.213] ShellThumbnail: --vo=image attempt also failed (exit=1); stderr: 
[07:22:44.229] ShellThumbnail: encoding-mode attempt failed for 'The.Pitt.S01E13.720p.10bit.WEBRip.2CH.x265.HEVC-PSA.mkv' (exit=2); stderr: 
[07:22:44.230] ShellThumbnail: trying --vo=image fallback for 'The.Pitt.S01E13.720p.10bit.WEBRip.2CH.x265.HEVC-PSA.mkv'
[07:22:44.256] ShellThumbnail: encoding-mode attempt failed for 'The Pitt S02E07 720p 10bit WEBRip 2CH x265 HEVC-PSA.mkv' (exit=2); stderr: 
[07:22:44.257] ShellThumbnail: trying --vo=image fallback for 'The Pitt S02E07 720p 10bit WEBRip 2CH x265 HEVC-PSA.mkv'
[07:22:44.259] ShellThumbnail: invoking mpv.exe --no-config --no-audio --no-sub --quiet --no-resume-playback --frames=1 --start=120 --vf-add=scale=256:-2 --of=image2 --ovc=mjpeg --o=C:\Users\Abd Allah\AppData\Local\PitflixPlayer\thumbs\A9AD6F62B2B434F483213DC4A66C4D5244BD83A7.jpg F:\Series\Engilsh\The Pitt\The.Pitt.S01E03.720p.10bit.WEBRip.2CH.x265.HEVC-PSA.mkv
[07:22:44.261] ShellThumbnail: encoding-mode attempt failed for 'The.Pitt.S01E12.720p.10bit.WEBRip.2CH.x265.HEVC-PSA.mkv' (exit=2); stderr: 
[07:22:44.261] ShellThumbnail: trying --vo=image fallback for 'The.Pitt.S01E12.720p.10bit.WEBRip.2CH.x265.HEVC-PSA.mkv'
[07:22:44.353] ShellThumbnail: --vo=image attempt also failed (exit=1); stderr: 
[07:22:44.395] ShellThumbnail: encoding-mode attempt failed for 'The Pitt S02E09 720p 10bit WEBRip 2CH x265 HEVC-PSA.mkv' (exit=2); stderr: 
[07:22:44.396] ShellThumbnail: trying --vo=image fallback for 'The Pitt S02E09 720p 10bit WEBRip 2CH x265 HEVC-PSA.mkv'
[07:22:44.422] ShellThumbnail: encoding-mode attempt failed for 'The.Pitt.S01E04.720p.10bit.WEBRip.2CH.x265.HEVC-PSA.mkv' (exit=2); stderr: 
[07:22:44.423] ShellThumbnail: trying --vo=image fallback for 'The.Pitt.S01E04.720p.10bit.WEBRip.2CH.x265.HEVC-PSA.mkv'
[07:22:44.433] ShellThumbnail: --vo=image attempt also failed (exit=1); stderr: 
[07:22:44.550] ShellThumbnail: --vo=image attempt also failed (exit=1); stderr: 
[07:22:44.551] ShellThumbnail: encoding-mode attempt failed for 'The.Pitt.S01E08.720p.10bit.WEBRip.2CH.x265.HEVC-PSA.mkv' (exit=2); stderr: 
[07:22:44.551] ShellThumbnail: trying --vo=image fallback for 'The.Pitt.S01E08.720p.10bit.WEBRip.2CH.x265.HEVC-PSA.mkv'
[07:22:44.552] ShellThumbnail: invoking mpv.exe --no-config --no-audio --no-sub --quiet --no-resume-playback --frames=1 --start=120 --vf-add=scale=256:-2 --of=image2 --ovc=mjpeg --o=C:\Users\Abd Allah\AppData\Local\PitflixPlayer\thumbs\9207373CD7364DE8C3B1FC7F19D29662EEB07741.jpg F:\Series\Engilsh\The Pitt\The.Pitt.S01E15.720p.10bit.WEBRip.2CH.x265.HEVC-PSA.mkv
[07:22:44.941] ShellThumbnail: --vo=image attempt also failed (exit=1); stderr: 
[07:22:44.946] ShellThumbnail: encoding-mode attempt failed for 'The.Pitt.S01E03.720p.10bit.WEBRip.2CH.x265.HEVC-PSA.mkv' (exit=2); stderr: 
[07:22:44.946] ShellThumbnail: trying --vo=image fallback for 'The.Pitt.S01E03.720p.10bit.WEBRip.2CH.x265.HEVC-PSA.mkv'
[07:22:44.946] ShellThumbnail: encoding-mode attempt failed for 'The Pitt S02E15 720p 10bit WEBRip 2CH x265 HEVC-PSA.mkv' (exit=2); stderr: 
[07:22:44.946] ShellThumbnail: encoding-mode attempt failed for 'The.Pitt.S01E06.720p.10bit.WEBRip.2CH.x265.HEVC-PSA.mkv' (exit=2); stderr: 
[07:22:44.947] ShellThumbnail: trying --vo=image fallback for 'The.Pitt.S01E06.720p.10bit.WEBRip.2CH.x265.HEVC-PSA.mkv'
[07:22:44.952] ShellThumbnail: encoding-mode attempt failed for 'The.Pitt.S01E02.720p.10bit.WEBRip.2CH.x265.HEVC-PSA.mkv' (exit=2); stderr: 
[07:22:44.952] ShellThumbnail: trying --vo=image fallback for 'The.Pitt.S01E02.720p.10bit.WEBRip.2CH.x265.HEVC-PSA.mkv'
[07:22:44.977] ShellThumbnail: encoding-mode attempt failed for 'The Pitt S02E14 720p 10bit WEBRip 2CH x265 HEVC-PSA.mkv' (exit=2); stderr: 
[07:22:44.977] ShellThumbnail: trying --vo=image fallback for 'The Pitt S02E14 720p 10bit WEBRip 2CH x265 HEVC-PSA.mkv'
[07:22:45.079] ShellThumbnail: --vo=image attempt also failed (exit=1); stderr: 
[07:22:45.092] ShellThumbnail: script attempt failed (exit=0); stderr: 
[07:22:45.093] ShellThumbnail: invoking mpv.exe --no-config --no-audio --no-sub --quiet --no-resume-playback --frames=1 --start=120 --vf-add=scale=256:-2 --of=image2 --ovc=mjpeg --o=C:\Users\Abd Allah\AppData\Local\PitflixPlayer\thumbs\9C270355E6B0D745657872930D8B4ED263A6D017.jpg F:\Series\Engilsh\The Pitt\The Pitt S02E10 720p 10bit WEBRip 2CH x265 HEVC-PSA.mkv
[07:22:45.102] ShellThumbnail: --vo=image attempt also failed (exit=1); stderr: 
[07:22:45.107] ShellThumbnail: --vo=image attempt also failed (exit=1); stderr: 
[07:22:45.132] ShellThumbnail: --vo=image attempt also failed (exit=1); stderr: 
[07:22:45.133] ShellThumbnail: --vo=image attempt also failed (exit=1); stderr: 
[07:22:45.134] ShellThumbnail: trying --vo=image fallback for 'The.Pitt.S01E05.720p.10bit.WEBRip.2CH.x265.HEVC-PSA.mkv'
[07:22:45.250] ShellThumbnail: --vo=image attempt also failed (exit=1); stderr: 
[07:22:45.251] ShellThumbnail: --vo=image attempt also failed (exit=1); stderr: 
[07:22:45.252] ShellThumbnail: --vo=image attempt also failed (exit=1); stderr: 
[07:22:45.253] ShellThumbnail: --vo=image attempt also failed (exit=1); stderr: 
[07:22:45.253] ShellThumbnail: encoding-mode attempt failed for 'The.Pitt.S01E07.720p.10bit.WEBRip.2CH.x265.HEVC-PSA.mkv' (exit=2); stderr: 
[07:22:45.253] ShellThumbnail: trying --vo=image fallback for 'The.Pitt.S01E07.720p.10bit.WEBRip.2CH.x265.HEVC-PSA.mkv'
[07:22:45.418] ShellThumbnail: --vo=image attempt also failed (exit=1); stderr: 
[07:22:45.419] ShellThumbnail: trying --vo=image fallback for 'The.Pitt.S01E10.720p.10bit.WEBRip.2CH.x265.HEVC-PSA.mkv'
[07:22:45.419] ShellThumbnail: --vo=image attempt also failed (exit=1); stderr: 
[07:22:45.554] ShellThumbnail: --vo=image attempt also failed (exit=1); stderr: 
[07:22:45.595] ShellThumbnail: encoding-mode attempt failed for 'The.Pitt.S01E14.720p.10bit.WEBRip.2CH.x265.HEVC-PSA.mkv' (exit=2); stderr: 
[07:22:45.595] ShellThumbnail: trying --vo=image fallback for 'The.Pitt.S01E14.720p.10bit.WEBRip.2CH.x265.HEVC-PSA.mkv'
[07:22:45.675] ShellThumbnail: encoding-mode attempt failed for 'The.Pitt.S01E15.720p.10bit.WEBRip.2CH.x265.HEVC-PSA.mkv' (exit=2); stderr: 
[07:22:45.675] ShellThumbnail: trying --vo=image fallback for 'The.Pitt.S01E15.720p.10bit.WEBRip.2CH.x265.HEVC-PSA.mkv'
[07:22:45.688] ShellThumbnail: --vo=image attempt also failed (exit=1); stderr: 
[07:22:45.690] ShellThumbnail: encoding-mode attempt failed for 'The Pitt S02E10 720p 10bit WEBRip 2CH x265 HEVC-PSA.mkv' (exit=2); stderr: 
[07:22:45.690] ShellThumbnail: trying --vo=image fallback for 'The Pitt S02E10 720p 10bit WEBRip 2CH x265 HEVC-PSA.mkv'
[07:22:45.763] ShellThumbnail: --vo=image attempt also failed (exit=1); stderr: 
[07:22:45.779] ShellThumbnail: --vo=image attempt also failed (exit=1); stderr: 
[07:22:50.585] ShellThumbnail: script attempt failed (exit=-1); stderr: 
[07:22:50.586] ShellThumbnail: invoking mpv.exe --no-config --no-audio --no-sub --quiet --no-resume-playback --frames=1 --start=120 --vf-add=scale=256:-2 --of=image2 --ovc=mjpeg --o=C:\Users\Abd Allah\AppData\Local\PitflixPlayer\thumbs\6AF3F08DD7194BF748F68F2519C9A2E3B218BE46.jpg F:\Series\Engilsh\The Pitt\The.Pitt.S01E11.720p.10bit.WEBRip.2CH.x265.HEVC-PSA.mkv
[07:22:50.866] ShellThumbnail: encoding-mode attempt failed for 'The.Pitt.S01E11.720p.10bit.WEBRip.2CH.x265.HEVC-PSA.mkv' (exit=2); stderr: 
[07:22:50.866] ShellThumbnail: trying --vo=image fallback for 'The.Pitt.S01E11.720p.10bit.WEBRip.2CH.x265.HEVC-PSA.mkv'
[07:22:50.941] ShellThumbnail: --vo=image attempt also failed (exit=1); stderr: 
[07:23:17.429] Session stopped — entering pre-warm hide
[07:23:18.402] MpvIpcClient disposed
[07:23:18.402] Window closed
[07:23:33.989] App starting
[07:23:33.995] Subtitle preference loaded: mode=default, lang=(none)
[07:23:34.496] Keyboard hook handle: 0x4B08E3
[07:23:34.497] Mouse hook handle: 0x8A90875
[07:23:34.499] OnLoadedCore start
[07:23:36.591] ChildHwnd = 0x71092
[07:23:36.591] Calling AttachAsync
[07:23:36.606] AttachAsync succeeded
[07:23:36.606] Connecting IPC to pipe: pitflix-wid-2a9c80ab790e4745a24b1face5659af0
[07:23:36.644] MpvIpcClient connected to \\.\pipe\pitflix-wid-2a9c80ab790e4745a24b1face5659af0
[07:23:36.860] OnLoadedCore complete
[07:23:37.024] BuildFolderPlaylist: scanned 29 video file(s) in 'F:\Series\Engilsh\The Pitt'
[07:23:37.027] BuildFolderPlaylist: queued 29 files; current at idx 27 — prev/next now visible
[07:23:56.064] Session stopped — entering pre-warm hide
[07:23:57.480] MpvIpcClient disposed
[07:23:57.480] Window closed
[07:24:00.017] App starting
[07:24:00.025] Subtitle preference loaded: mode=default, lang=(none)
[07:24:00.618] Keyboard hook handle: 0x343B0D47
[07:24:00.618] Mouse hook handle: 0x4ADA12BB
[07:24:00.621] OnLoadedCore start
[07:24:02.744] ChildHwnd = 0xE1154
[07:24:02.745] Calling AttachAsync
[07:24:02.758] AttachAsync succeeded
[07:24:02.758] Connecting IPC to pipe: pitflix-wid-37111fa6aeb84dd7824786b6b31ec81b
[07:24:02.800] MpvIpcClient connected to \\.\pipe\pitflix-wid-37111fa6aeb84dd7824786b6b31ec81b
[07:24:02.985] OnLoadedCore complete
[07:24:03.145] BuildFolderPlaylist: scanned 29 video file(s) in 'F:\Series\Engilsh\The Pitt'
[07:24:03.147] BuildFolderPlaylist: queued 29 files; current at idx 27 — prev/next now visible
[07:25:06.683] ShellThumbnail: invoking screenshot-script for 'The Pitt S02E07 720p 10bit WEBRip 2CH x265 HEVC-PSA.mkv'
[07:25:06.685] ShellThumbnail: invoking screenshot-script for 'The Pitt S02E13 720p 10bit WEBRip 2CH x265 HEVC-PSA.mkv'
[07:25:06.693] ShellThumbnail: invoking screenshot-script for 'The Pitt S02E14 720p 10bit WEBRip 2CH x265 HEVC-PSA.mkv'
[07:25:06.701] ShellThumbnail: invoking screenshot-script for 'The Pitt S02E09 720p 10bit WEBRip 2CH x265 HEVC-PSA.mkv'
[07:25:06.749] ShellThumbnail: invoking screenshot-script for 'The Pitt S02E12 720p 10bit WEBRip 2CH x265 HEVC-PSA.mkv'
[07:25:06.856] ShellThumbnail: invoking screenshot-script for 'The Pitt S02E08 720p 10bit WEBRip 2CH x265 HEVC-PSA.mkv'
[07:25:06.910] ShellThumbnail: invoking screenshot-script for 'The.Pitt.S01E01.720p.10bit.WEBRip.2CH.x265.HEVC-PSA.mkv'
[07:25:06.947] ShellThumbnail: invoking screenshot-script for 'The Pitt S02E05 720p 10bit WEBRip 2CH x265 HEVC-PSA.mkv'
[07:25:06.997] ShellThumbnail: invoking screenshot-script for 'The.Pitt.S01E02.720p.10bit.WEBRip.2CH.x265.HEVC-PSA.mkv'
[07:25:07.063] ShellThumbnail: invoking screenshot-script for 'The.Pitt.S01E04.720p.10bit.WEBRip.2CH.x265.HEVC-PSA.mkv'
[07:25:07.067] ShellThumbnail: invoking screenshot-script for 'The.Pitt.S01E05.720p.10bit.WEBRip.2CH.x265.HEVC-PSA.mkv'
[07:25:07.110] ShellThumbnail: invoking screenshot-script for 'The.Pitt.S01E06.720p.10bit.WEBRip.2CH.x265.HEVC-PSA.mkv'
[07:25:07.129] ShellThumbnail: invoking screenshot-script for 'The Pitt S02E03 720p 10bit WEBRip 2CH x265 HEVC-PSA.mkv'
[07:25:07.247] ShellThumbnail: invoking screenshot-script for 'The.Pitt.S01E07.720p.10bit.WEBRip.2CH.x265.HEVC-PSA.mkv'
[07:25:07.268] ShellThumbnail: invoking screenshot-script for 'The.Pitt.S01E08.720p.10bit.WEBRip.2CH.x265.HEVC-PSA.mkv'
[07:25:07.279] ShellThumbnail: invoking screenshot-script for 'The.Pitt.S01E09.720p.10bit.WEBRip.2CH.x265.HEVC-PSA.mkv'
[07:25:07.390] ShellThumbnail: invoking screenshot-script for 'The Pitt S02E10 720p 10bit WEBRip 2CH x265 HEVC-PSA.mkv'
[07:25:07.397] ShellThumbnail: invoking screenshot-script for 'The.Pitt.S01E10.720p.10bit.WEBRip.2CH.x265.HEVC-PSA.mkv'
[07:25:07.444] ShellThumbnail: invoking screenshot-script for 'The.Pitt.S01E12.720p.10bit.WEBRip.2CH.x265.HEVC-PSA.mkv'
[07:25:07.457] ShellThumbnail: invoking screenshot-script for 'The.Pitt.S01E11.720p.10bit.WEBRip.2CH.x265.HEVC-PSA.mkv'
[07:25:07.492] ShellThumbnail: invoking screenshot-script for 'The.Pitt.S01E13.720p.10bit.WEBRip.2CH.x265.HEVC-PSA.mkv'
[07:25:07.540] ShellThumbnail: invoking screenshot-script for 'The.Pitt.S01E14.720p.10bit.WEBRip.2CH.x265.HEVC-PSA.mkv'
[07:25:07.577] ShellThumbnail: invoking screenshot-script for 'The.Pitt.S01E15.720p.10bit.WEBRip.2CH.x265.HEVC-PSA.mkv'
[07:25:07.647] ShellThumbnail: invoking screenshot-script for 'The.Pitt.S02E01.720p.10bit.WEBRip.2CH.x265.HEVC-PSA.mkv'
[07:25:07.675] ShellThumbnail: invoking screenshot-script for 'The.Pitt.S02E02.720p.10bit.WEBRip.2CH.x265.HEVC-PSA.mkv'
[07:25:07.688] ShellThumbnail: script attempt failed (exit=0); stderr: 
[07:25:07.688] ShellThumbnail: script attempt failed (exit=0); stderr: 
[07:25:07.689] ShellThumbnail: invoking mpv.exe --no-config --no-audio --no-sub --quiet --no-resume-playback --frames=1 --start=120 --vf-add=scale=256:-2 --of=image2 --ovc=mjpeg --o=C:\Users\Abd Allah\AppData\Local\PitflixPlayer\thumbs\4031D4A097518407DF2B07B467FEB23FCDD7751F.jpg F:\Series\Engilsh\The Pitt\The.Pitt.S01E09.720p.10bit.WEBRip.2CH.x265.HEVC-PSA.mkv
[07:25:07.690] ShellThumbnail: invoking mpv.exe --no-config --no-audio --no-sub --quiet --no-resume-playback --frames=1 --start=120 --vf-add=scale=256:-2 --of=image2 --ovc=mjpeg --o=C:\Users\Abd Allah\AppData\Local\PitflixPlayer\thumbs\936C964C9755D7FA72A56865439DF1FE61EDA452.jpg F:\Series\Engilsh\The Pitt\The.Pitt.S01E06.720p.10bit.WEBRip.2CH.x265.HEVC-PSA.mkv
[07:25:07.691] ShellThumbnail: invoking mpv.exe --no-config --no-audio --no-sub --quiet --no-resume-playback --frames=1 --start=120 --vf-add=scale=256:-2 --of=image2 --ovc=mjpeg --o=C:\Users\Abd Allah\AppData\Local\PitflixPlayer\thumbs\AB49124AFE43B51BFB1EA76B9519D0541D44B410.jpg F:\Series\Engilsh\The Pitt\The Pitt S02E05 720p 10bit WEBRip 2CH x265 HEVC-PSA.mkv
[07:25:07.691] ShellThumbnail: invoking mpv.exe --no-config --no-audio --no-sub --quiet --no-resume-playback --frames=1 --start=120 --vf-add=scale=256:-2 --of=image2 --ovc=mjpeg --o=C:\Users\Abd Allah\AppData\Local\PitflixPlayer\thumbs\55C88C90D62A87ECC4FC3353F638DF2AEA4DF62F.jpg F:\Series\Engilsh\The Pitt\The Pitt S02E03 720p 10bit WEBRip 2CH x265 HEVC-PSA.mkv
[07:25:07.691] ShellThumbnail: invoking mpv.exe --no-config --no-audio --no-sub --quiet --no-resume-playback --frames=1 --start=120 --vf-add=scale=256:-2 --of=image2 --ovc=mjpeg --o=C:\Users\Abd Allah\AppData\Local\PitflixPlayer\thumbs\299CFEC111B919A491DB99A3B8125215E4666EAD.jpg F:\Series\Engilsh\The Pitt\The.Pitt.S01E08.720p.10bit.WEBRip.2CH.x265.HEVC-PSA.mkv
[07:25:07.691] ShellThumbnail: invoking mpv.exe --no-config --no-audio --no-sub --quiet --no-resume-playback --frames=1 --start=120 --vf-add=scale=256:-2 --of=image2 --ovc=mjpeg --o=C:\Users\Abd Allah\AppData\Local\PitflixPlayer\thumbs\40809C58E2CABB0AF3D1720ECFA0A5BAEC7A3A2E.jpg F:\Series\Engilsh\The Pitt\The.Pitt.S01E07.720p.10bit.WEBRip.2CH.x265.HEVC-PSA.mkv
[07:25:07.691] ShellThumbnail: invoking mpv.exe --no-config --no-audio --no-sub --quiet --no-resume-playback --frames=1 --start=120 --vf-add=scale=256:-2 --of=image2 --ovc=mjpeg --o=C:\Users\Abd Allah\AppData\Local\PitflixPlayer\thumbs\A9AD6F62B2B434F483213DC4A66C4D5244BD83A7.jpg F:\Series\Engilsh\The Pitt\The.Pitt.S01E03.720p.10bit.WEBRip.2CH.x265.HEVC-PSA.mkv
[07:25:07.692] ShellThumbnail: invoking mpv.exe --no-config --no-audio --no-sub --quiet --no-resume-playback --frames=1 --start=120 --vf-add=scale=256:-2 --of=image2 --ovc=mjpeg --o=C:\Users\Abd Allah\AppData\Local\PitflixPlayer\thumbs\1667C7117E625F994D4575065FEA1EB10285C489.jpg F:\Series\Engilsh\The Pitt\The.Pitt.S01E05.720p.10bit.WEBRip.2CH.x265.HEVC-PSA.mkv
[07:25:07.692] ShellThumbnail: invoking mpv.exe --no-config --no-audio --no-sub --quiet --no-resume-playback --frames=1 --start=120 --vf-add=scale=256:-2 --of=image2 --ovc=mjpeg --o=C:\Users\Abd Allah\AppData\Local\PitflixPlayer\thumbs\B941AF28C13C52F18A1BCC6555D332A5787F5356.jpg F:\Series\Engilsh\The Pitt\The Pitt S02E13 720p 10bit WEBRip 2CH x265 HEVC-PSA.mkv
[07:25:07.692] ShellThumbnail: invoking mpv.exe --no-config --no-audio --no-sub --quiet --no-resume-playback --frames=1 --start=120 --vf-add=scale=256:-2 --of=image2 --ovc=mjpeg --o=C:\Users\Abd Allah\AppData\Local\PitflixPlayer\thumbs\310D5AFF6B52802A4FDA6B708C5674D9A0A504F0.jpg F:\Series\Engilsh\The Pitt\The.Pitt.S01E02.720p.10bit.WEBRip.2CH.x265.HEVC-PSA.mkv
[07:25:07.797] ShellThumbnail: invoking screenshot-script for 'The.Pitt.S02E04.720p.10bit.WEBRip.2CH.x265.HEVC-PSA.mkv'
[07:25:08.184] ShellThumbnail: invoking screenshot-script for 'The Pitt S02E15 720p 10bit WEBRip 2CH x265 HEVC-PSA.mkv'
[07:25:09.022] ShellThumbnail: invoking screenshot-script for 'The Pitt S02E06 720p 10bit WEBRip 2CH x265 HEVC-PSA.mkv'
[07:25:09.537] ShellThumbnail: encoding-mode attempt failed for 'The Pitt S02E03 720p 10bit WEBRip 2CH x265 HEVC-PSA.mkv' (exit=2); stderr: 
[07:25:09.537] ShellThumbnail: trying --vo=image fallback for 'The Pitt S02E03 720p 10bit WEBRip 2CH x265 HEVC-PSA.mkv'
[07:25:09.611] ShellThumbnail: script attempt failed (exit=0); stderr: 
[07:25:09.612] ShellThumbnail: trying --vo=image fallback for 'The.Pitt.S01E03.720p.10bit.WEBRip.2CH.x265.HEVC-PSA.mkv'
[07:25:09.613] ShellThumbnail: invoking mpv.exe --no-config --no-audio --no-sub --quiet --no-resume-playback --frames=1 --start=120 --vf-add=scale=256:-2 --of=image2 --ovc=mjpeg --o=C:\Users\Abd Allah\AppData\Local\PitflixPlayer\thumbs\65197920E41298C214D02D560E99C3A19882256A.jpg F:\Series\Engilsh\The Pitt\The.Pitt.S02E02.720p.10bit.WEBRip.2CH.x265.HEVC-PSA.mkv
[07:25:09.649] ShellThumbnail: encoding-mode attempt failed for 'The.Pitt.S01E06.720p.10bit.WEBRip.2CH.x265.HEVC-PSA.mkv' (exit=2); stderr: 
[07:25:09.649] ShellThumbnail: trying --vo=image fallback for 'The.Pitt.S01E06.720p.10bit.WEBRip.2CH.x265.HEVC-PSA.mkv'
[07:25:09.706] ShellThumbnail: script attempt failed (exit=0); stderr: 
[07:25:09.707] ShellThumbnail: invoking mpv.exe --no-config --no-audio --no-sub --quiet --no-resume-playback --frames=1 --start=120 --vf-add=scale=256:-2 --of=image2 --ovc=mjpeg --o=C:\Users\Abd Allah\AppData\Local\PitflixPlayer\thumbs\07A9C809BA1193962E79905BEFDF6B38542F6554.jpg F:\Series\Engilsh\The Pitt\The.Pitt.S01E04.720p.10bit.WEBRip.2CH.x265.HEVC-PSA.mkv
[07:25:09.707] ShellThumbnail: invoking mpv.exe --no-config --no-audio --no-sub --quiet --no-resume-playback --frames=1 --start=120 --vf-add=scale=256:-2 --of=image2 --ovc=mjpeg --o=C:\Users\Abd Allah\AppData\Local\PitflixPlayer\thumbs\09F3CF07CEA464AB45DB212A3B45C4B8D0719036.jpg F:\Series\Engilsh\The Pitt\The Pitt S02E12 720p 10bit WEBRip 2CH x265 HEVC-PSA.mkv
[07:25:09.790] ShellThumbnail: encoding-mode attempt failed for 'The.Pitt.S01E01.720p.10bit.WEBRip.2CH.x265.HEVC-PSA.mkv' (exit=2); stderr: 
[07:25:09.790] ShellThumbnail: trying --vo=image fallback for 'The.Pitt.S01E08.720p.10bit.WEBRip.2CH.x265.HEVC-PSA.mkv'
[07:25:09.790] ShellThumbnail: trying --vo=image fallback for 'The.Pitt.S01E01.720p.10bit.WEBRip.2CH.x265.HEVC-PSA.mkv'
[07:25:09.794] ShellThumbnail: encoding-mode attempt failed for 'The Pitt S02E07 720p 10bit WEBRip 2CH x265 HEVC-PSA.mkv' (exit=2); stderr: 
[07:25:09.794] ShellThumbnail: encoding-mode attempt failed for 'The.Pitt.S01E05.720p.10bit.WEBRip.2CH.x265.HEVC-PSA.mkv' (exit=2); stderr: 
[07:25:09.794] ShellThumbnail: trying --vo=image fallback for 'The.Pitt.S01E05.720p.10bit.WEBRip.2CH.x265.HEVC-PSA.mkv'
[07:25:09.830] ShellThumbnail: script attempt failed (exit=0); stderr: 
[07:25:09.832] ShellThumbnail: invoking mpv.exe --no-config --no-audio --no-sub --quiet --no-resume-playback --frames=1 --start=120 --vf-add=scale=256:-2 --of=image2 --ovc=mjpeg --o=C:\Users\Abd Allah\AppData\Local\PitflixPlayer\thumbs\9C270355E6B0D745657872930D8B4ED263A6D017.jpg F:\Series\Engilsh\The Pitt\The Pitt S02E10 720p 10bit WEBRip 2CH x265 HEVC-PSA.mkv
[07:25:09.930] ShellThumbnail: --vo=image attempt also failed (exit=1); stderr: 
[07:25:09.932] ShellThumbnail: invoking mpv.exe --no-config --no-audio --no-sub --quiet --no-resume-playback --frames=1 --start=120 --vf-add=scale=256:-2 --of=image2 --ovc=mjpeg --o=C:\Users\Abd Allah\AppData\Local\PitflixPlayer\thumbs\6AF3F08DD7194BF748F68F2519C9A2E3B218BE46.jpg F:\Series\Engilsh\The Pitt\The.Pitt.S01E11.720p.10bit.WEBRip.2CH.x265.HEVC-PSA.mkv
[07:25:09.938] ShellThumbnail: script attempt failed (exit=0); stderr: 
[07:25:09.939] ShellThumbnail: invoking mpv.exe --no-config --no-audio --no-sub --quiet --no-resume-playback --frames=1 --start=120 --vf-add=scale=256:-2 --of=image2 --ovc=mjpeg --o=C:\Users\Abd Allah\AppData\Local\PitflixPlayer\thumbs\2CA0BCE559A9BB0CDF7FA0001FB0B877F8DB89EC.jpg F:\Series\Engilsh\The Pitt\The Pitt S02E06 720p 10bit WEBRip 2CH x265 HEVC-PSA.mkv
[07:25:09.957] ShellThumbnail: encoding-mode attempt failed for 'The.Pitt.S01E07.720p.10bit.WEBRip.2CH.x265.HEVC-PSA.mkv' (exit=2); stderr: 
[07:25:09.957] ShellThumbnail: trying --vo=image fallback for 'The.Pitt.S01E07.720p.10bit.WEBRip.2CH.x265.HEVC-PSA.mkv'
[07:25:09.982] ShellThumbnail: script attempt failed (exit=0); stderr: 
[07:25:09.983] ShellThumbnail: invoking mpv.exe --no-config --no-audio --no-sub --quiet --no-resume-playback --frames=1 --start=120 --vf-add=scale=256:-2 --of=image2 --ovc=mjpeg --o=C:\Users\Abd Allah\AppData\Local\PitflixPlayer\thumbs\D9155E9A25D0F15B7E815AF2BA649DA36B21A86A.jpg F:\Series\Engilsh\The Pitt\The.Pitt.S01E10.720p.10bit.WEBRip.2CH.x265.HEVC-PSA.mkv
[07:25:10.399] ShellThumbnail: encoding-mode attempt failed for 'The.Pitt.S01E04.720p.10bit.WEBRip.2CH.x265.HEVC-PSA.mkv' (exit=2); stderr: 
[07:25:10.399] ShellThumbnail: encoding-mode attempt failed for 'The.Pitt.S02E02.720p.10bit.WEBRip.2CH.x265.HEVC-PSA.mkv' (exit=2); stderr: 
[07:25:10.399] ShellThumbnail: trying --vo=image fallback for 'The.Pitt.S02E02.720p.10bit.WEBRip.2CH.x265.HEVC-PSA.mkv'
[07:25:10.811] ShellThumbnail: encoding-mode attempt failed for 'The Pitt S02E12 720p 10bit WEBRip 2CH x265 HEVC-PSA.mkv' (exit=2); stderr: 
[07:25:10.811] ShellThumbnail: trying --vo=image fallback for 'The Pitt S02E12 720p 10bit WEBRip 2CH x265 HEVC-PSA.mkv'
[07:25:11.010] ShellThumbnail: encoding-mode attempt failed for 'The Pitt S02E06 720p 10bit WEBRip 2CH x265 HEVC-PSA.mkv' (exit=2); stderr: 
[07:25:11.011] ShellThumbnail: trying --vo=image fallback for 'The Pitt S02E06 720p 10bit WEBRip 2CH x265 HEVC-PSA.mkv'
[07:25:11.043] ShellThumbnail: invoking screenshot-script for 'The Pitt S02E13 720p 10bit WEBRip 2CH x265 HEVC-PSA.mkv'
[07:25:11.057] ShellThumbnail: invoking screenshot-script for 'The Pitt S02E12 720p 10bit WEBRip 2CH x265 HEVC-PSA.mkv'
[07:25:11.092] ShellThumbnail: invoking screenshot-script for 'The Pitt S02E14 720p 10bit WEBRip 2CH x265 HEVC-PSA.mkv'
[07:25:11.162] ShellThumbnail: invoking screenshot-script for 'The Pitt S02E10 720p 10bit WEBRip 2CH x265 HEVC-PSA.mkv'
[07:25:11.223] ShellThumbnail: invoking screenshot-script for 'The Pitt S02E15 720p 10bit WEBRip 2CH x265 HEVC-PSA.mkv'
[07:25:11.291] ShellThumbnail: invoking screenshot-script for 'The.Pitt.S01E01.720p.10bit.WEBRip.2CH.x265.HEVC-PSA.mkv'
[07:25:11.482] ShellThumbnail: invoking screenshot-script for 'The.Pitt.S01E02.720p.10bit.WEBRip.2CH.x265.HEVC-PSA.mkv'
[07:25:11.559] ShellThumbnail: invoking screenshot-script for 'The.Pitt.S01E03.720p.10bit.WEBRip.2CH.x265.HEVC-PSA.mkv'
[07:25:11.619] ShellThumbnail: invoking screenshot-script for 'The.Pitt.S01E04.720p.10bit.WEBRip.2CH.x265.HEVC-PSA.mkv'
[07:25:11.677] ShellThumbnail: invoking screenshot-script for 'The Pitt S02E09 720p 10bit WEBRip 2CH x265 HEVC-PSA.mkv'
[07:25:11.726] ShellThumbnail: invoking screenshot-script for 'The.Pitt.S01E05.720p.10bit.WEBRip.2CH.x265.HEVC-PSA.mkv'
[07:25:11.775] ShellThumbnail: invoking screenshot-script for 'The.Pitt.S01E06.720p.10bit.WEBRip.2CH.x265.HEVC-PSA.mkv'
[07:25:11.848] ShellThumbnail: invoking screenshot-script for 'The Pitt S02E08 720p 10bit WEBRip 2CH x265 HEVC-PSA.mkv'
[07:25:11.892] ShellThumbnail: invoking screenshot-script for 'The.Pitt.S01E07.720p.10bit.WEBRip.2CH.x265.HEVC-PSA.mkv'
[07:25:11.942] ShellThumbnail: invoking screenshot-script for 'The.Pitt.S01E08.720p.10bit.WEBRip.2CH.x265.HEVC-PSA.mkv'
[07:25:12.062] ShellThumbnail: invoking screenshot-script for 'The.Pitt.S01E09.720p.10bit.WEBRip.2CH.x265.HEVC-PSA.mkv'
[07:25:12.089] ShellThumbnail: invoking screenshot-script for 'The.Pitt.S01E10.720p.10bit.WEBRip.2CH.x265.HEVC-PSA.mkv'
[07:25:12.159] ShellThumbnail: invoking screenshot-script for 'The.Pitt.S01E11.720p.10bit.WEBRip.2CH.x265.HEVC-PSA.mkv'
[07:25:12.177] ShellThumbnail: invoking screenshot-script for 'The Pitt S02E07 720p 10bit WEBRip 2CH x265 HEVC-PSA.mkv'
[07:25:12.271] ShellThumbnail: invoking screenshot-script for 'The.Pitt.S01E12.720p.10bit.WEBRip.2CH.x265.HEVC-PSA.mkv'
[07:25:12.302] ShellThumbnail: invoking screenshot-script for 'The Pitt S02E06 720p 10bit WEBRip 2CH x265 HEVC-PSA.mkv'
[07:25:12.399] ShellThumbnail: invoking screenshot-script for 'The.Pitt.S01E13.720p.10bit.WEBRip.2CH.x265.HEVC-PSA.mkv'
[07:25:12.425] ShellThumbnail: invoking screenshot-script for 'The.Pitt.S01E14.720p.10bit.WEBRip.2CH.x265.HEVC-PSA.mkv'
[07:25:12.582] ShellThumbnail: invoking screenshot-script for 'The.Pitt.S01E15.720p.10bit.WEBRip.2CH.x265.HEVC-PSA.mkv'
[07:25:12.631] ShellThumbnail: invoking screenshot-script for 'The.Pitt.S02E01.720p.10bit.WEBRip.2CH.x265.HEVC-PSA.mkv'
[07:25:12.689] ShellThumbnail: invoking screenshot-script for 'The Pitt S02E05 720p 10bit WEBRip 2CH x265 HEVC-PSA.mkv'
[07:25:12.700] ShellThumbnail: invoking screenshot-script for 'The.Pitt.S02E02.720p.10bit.WEBRip.2CH.x265.HEVC-PSA.mkv'
[07:25:12.730] ShellThumbnail: invoking screenshot-script for 'The.Pitt.S02E04.720p.10bit.WEBRip.2CH.x265.HEVC-PSA.mkv'
[07:25:12.757] ShellThumbnail: script attempt failed (exit=0); stderr: 
[07:25:12.758] ShellThumbnail: invoking mpv.exe --no-config --no-audio --no-sub --quiet --no-resume-playback --frames=1 --start=120 --vf-add=scale=256:-2 --of=image2 --ovc=mjpeg --o=C:\Users\Abd Allah\AppData\Local\PitflixPlayer\thumbs\8CF0238E8DD12C66C1FC3222F2A79555E1047C9E.jpg F:\Series\Engilsh\The Pitt\The.Pitt.S01E13.720p.10bit.WEBRip.2CH.x265.HEVC-PSA.mkv
[07:25:12.758] ShellThumbnail: invoking mpv.exe --no-config --no-audio --no-sub --quiet --no-resume-playback --frames=1 --start=120 --vf-add=scale=256:-2 --of=image2 --ovc=mjpeg --o=C:\Users\Abd Allah\AppData\Local\PitflixPlayer\thumbs\195413554CFF7230439D03E469048F02F823D41F.jpg F:\Series\Engilsh\The Pitt\The Pitt S02E14 720p 10bit WEBRip 2CH x265 HEVC-PSA.mkv
[07:25:12.758] ShellThumbnail: invoking mpv.exe --no-config --no-audio --no-sub --quiet --no-resume-playback --frames=1 --start=120 --vf-add=scale=256:-2 --of=image2 --ovc=mjpeg --o=C:\Users\Abd Allah\AppData\Local\PitflixPlayer\thumbs\455E3BD1803432E08ACB0D778043D430796598EA.jpg F:\Series\Engilsh\The Pitt\The.Pitt.S01E14.720p.10bit.WEBRip.2CH.x265.HEVC-PSA.mkv
[07:25:12.836] ShellThumbnail: encoding-mode attempt failed for 'The Pitt S02E10 720p 10bit WEBRip 2CH x265 HEVC-PSA.mkv' (exit=2); stderr: 
[07:25:12.836] ShellThumbnail: trying --vo=image fallback for 'The Pitt S02E10 720p 10bit WEBRip 2CH x265 HEVC-PSA.mkv'
[07:25:12.837] ShellThumbnail: invoking mpv.exe --no-config --no-audio --no-sub --quiet --no-resume-playback --frames=1 --start=120 --vf-add=scale=256:-2 --of=image2 --ovc=mjpeg --o=C:\Users\Abd Allah\AppData\Local\PitflixPlayer\thumbs\58FCB6F1921F599AAF898DA489AE68F22E5DC22A.jpg F:\Series\Engilsh\The Pitt\The.Pitt.S01E12.720p.10bit.WEBRip.2CH.x265.HEVC-PSA.mkv
[07:25:12.985] ShellThumbnail: invoking screenshot-script for 'The Pitt S02E03 720p 10bit WEBRip 2CH x265 HEVC-PSA.mkv'
[07:25:13.075] ShellThumbnail: encoding-mode attempt failed for 'The.Pitt.S01E11.720p.10bit.WEBRip.2CH.x265.HEVC-PSA.mkv' (exit=2); stderr: 
[07:25:13.076] ShellThumbnail: trying --vo=image fallback for 'The.Pitt.S01E11.720p.10bit.WEBRip.2CH.x265.HEVC-PSA.mkv'
[07:25:13.077] ShellThumbnail: invoking mpv.exe --no-config --no-audio --no-sub --quiet --no-resume-playback --frames=1 --start=120 --vf-add=scale=256:-2 --of=image2 --ovc=mjpeg --o=C:\Users\Abd Allah\AppData\Local\PitflixPlayer\thumbs\DA5329B8C7D45ED538DB26E0A9B6E49991080DE7.jpg F:\Series\Engilsh\The Pitt\The Pitt S02E08 720p 10bit WEBRip 2CH x265 HEVC-PSA.mkv
[07:25:13.077] ShellThumbnail: invoking mpv.exe --no-config --no-audio --no-sub --quiet --no-resume-playback --frames=1 --start=120 --vf-add=scale=256:-2 --of=image2 --ovc=mjpeg --o=C:\Users\Abd Allah\AppData\Local\PitflixPlayer\thumbs\299CFEC111B919A491DB99A3B8125215E4666EAD.jpg F:\Series\Engilsh\The Pitt\The.Pitt.S01E08.720p.10bit.WEBRip.2CH.x265.HEVC-PSA.mkv
[07:25:13.079] ShellThumbnail: script attempt failed (exit=0); stderr: 
[07:25:13.080] ShellThumbnail: invoking mpv.exe --no-config --no-audio --no-sub --quiet --no-resume-playback --frames=1 --start=120 --vf-add=scale=256:-2 --of=image2 --ovc=mjpeg --o=C:\Users\Abd Allah\AppData\Local\PitflixPlayer\thumbs\9207373CD7364DE8C3B1FC7F19D29662EEB07741.jpg F:\Series\Engilsh\The Pitt\The.Pitt.S01E15.720p.10bit.WEBRip.2CH.x265.HEVC-PSA.mkv
[07:25:13.292] ShellThumbnail: script attempt failed (exit=0); stderr: 
[07:25:13.293] ShellThumbnail: invoking mpv.exe --no-config --no-audio --no-sub --quiet --no-resume-playback --frames=1 --start=120 --vf-add=scale=256:-2 --of=image2 --ovc=mjpeg --o=C:\Users\Abd Allah\AppData\Local\PitflixPlayer\thumbs\AB49124AFE43B51BFB1EA76B9519D0541D44B410.jpg F:\Series\Engilsh\The Pitt\The Pitt S02E05 720p 10bit WEBRip 2CH x265 HEVC-PSA.mkv
[07:25:13.345] ShellThumbnail: script attempt failed (exit=0); stderr: 
[07:25:13.347] ShellThumbnail: invoking mpv.exe --no-config --no-audio --no-sub --quiet --no-resume-playback --frames=1 --start=120 --vf-add=scale=256:-2 --of=image2 --ovc=mjpeg --o=C:\Users\Abd Allah\AppData\Local\PitflixPlayer\thumbs\5DE2830EC136DFDC6ED2B788E845DA18F0489AC2.jpg F:\Series\Engilsh\The Pitt\The.Pitt.S01E01.720p.10bit.WEBRip.2CH.x265.HEVC-PSA.mkv
[07:25:13.347] ShellThumbnail: invoking mpv.exe --no-config --no-audio --no-sub --quiet --no-resume-playback --frames=1 --start=120 --vf-add=scale=256:-2 --of=image2 --ovc=mjpeg --o=C:\Users\Abd Allah\AppData\Local\PitflixPlayer\thumbs\195413554CFF7230439D03E469048F02F823D41F.jpg F:\Series\Engilsh\The Pitt\The Pitt S02E14 720p 10bit WEBRip 2CH x265 HEVC-PSA.mkv
[07:25:13.768] ShellThumbnail: script attempt failed (exit=0); stderr: 
[07:25:13.770] ShellThumbnail: invoking mpv.exe --no-config --no-audio --no-sub --quiet --no-resume-playback --frames=1 --start=120 --vf-add=scale=256:-2 --of=image2 --ovc=mjpeg --o=C:\Users\Abd Allah\AppData\Local\PitflixPlayer\thumbs\4BE9843FE03C0AFD4D12067257285C9F4816DFBF.jpg F:\Series\Engilsh\The Pitt\The.Pitt.S02E04.720p.10bit.WEBRip.2CH.x265.HEVC-PSA.mkv
[07:25:14.418] ShellThumbnail: script attempt failed (exit=0); stderr: 
[07:25:14.420] ShellThumbnail: invoking mpv.exe --no-config --no-audio --no-sub --quiet --no-resume-playback --frames=1 --start=120 --vf-add=scale=256:-2 --of=image2 --ovc=mjpeg --o=C:\Users\Abd Allah\AppData\Local\PitflixPlayer\thumbs\E613FFC7C5D412994AE2D2985AD505FC1266922A.jpg F:\Series\Engilsh\The Pitt\The Pitt S02E15 720p 10bit WEBRip 2CH x265 HEVC-PSA.mkv
[07:25:14.420] ShellThumbnail: invoking mpv.exe --no-config --no-audio --no-sub --quiet --no-resume-playback --frames=1 --start=120 --vf-add=scale=256:-2 --of=image2 --ovc=mjpeg --o=C:\Users\Abd Allah\AppData\Local\PitflixPlayer\thumbs\8CF0238E8DD12C66C1FC3222F2A79555E1047C9E.jpg F:\Series\Engilsh\The Pitt\The.Pitt.S01E13.720p.10bit.WEBRip.2CH.x265.HEVC-PSA.mkv
[07:25:14.424] ShellThumbnail: encoding-mode attempt failed for 'The.Pitt.S01E13.720p.10bit.WEBRip.2CH.x265.HEVC-PSA.mkv' (exit=2); stderr: 
[07:25:14.424] ShellThumbnail: trying --vo=image fallback for 'The.Pitt.S01E13.720p.10bit.WEBRip.2CH.x265.HEVC-PSA.mkv'
[07:25:14.592] ShellThumbnail: script attempt failed (exit=0); stderr: 
[07:25:14.594] ShellThumbnail: invoking mpv.exe --no-config --no-audio --no-sub --quiet --no-resume-playback --frames=1 --start=120 --vf-add=scale=256:-2 --of=image2 --ovc=mjpeg --o=C:\Users\Abd Allah\AppData\Local\PitflixPlayer\thumbs\D9155E9A25D0F15B7E815AF2BA649DA36B21A86A.jpg F:\Series\Engilsh\The Pitt\The.Pitt.S01E10.720p.10bit.WEBRip.2CH.x265.HEVC-PSA.mkv
[07:25:14.594] ShellThumbnail: invoking mpv.exe --no-config --no-audio --no-sub --quiet --no-resume-playback --frames=1 --start=120 --vf-add=scale=256:-2 --of=image2 --ovc=mjpeg --o=C:\Users\Abd Allah\AppData\Local\PitflixPlayer\thumbs\E613FFC7C5D412994AE2D2985AD505FC1266922A.jpg F:\Series\Engilsh\The Pitt\The Pitt S02E15 720p 10bit WEBRip 2CH x265 HEVC-PSA.mkv
[07:25:15.588] ShellThumbnail: invoking screenshot-script for 'The Pitt S02E03 720p 10bit WEBRip 2CH x265 HEVC-PSA.mkv'
[07:25:15.700] ShellThumbnail: invoking screenshot-script for 'The Pitt S02E06 720p 10bit WEBRip 2CH x265 HEVC-PSA.mkv'
[07:25:15.748] ShellThumbnail: invoking screenshot-script for 'The Pitt S02E07 720p 10bit WEBRip 2CH x265 HEVC-PSA.mkv'
[07:25:15.908] ShellThumbnail: invoking screenshot-script for 'The Pitt S02E08 720p 10bit WEBRip 2CH x265 HEVC-PSA.mkv'
[07:25:15.926] ShellThumbnail: invoking screenshot-script for 'The Pitt S02E09 720p 10bit WEBRip 2CH x265 HEVC-PSA.mkv'
[07:25:16.001] ShellThumbnail: invoking screenshot-script for 'The Pitt S02E10 720p 10bit WEBRip 2CH x265 HEVC-PSA.mkv'
[07:25:16.119] ShellThumbnail: invoking screenshot-script for 'The Pitt S02E12 720p 10bit WEBRip 2CH x265 HEVC-PSA.mkv'
[07:25:16.215] ShellThumbnail: invoking screenshot-script for 'The Pitt S02E13 720p 10bit WEBRip 2CH x265 HEVC-PSA.mkv'
[07:25:16.426] ShellThumbnail: invoking screenshot-script for 'The Pitt S02E15 720p 10bit WEBRip 2CH x265 HEVC-PSA.mkv'
[07:25:16.538] ShellThumbnail: invoking screenshot-script for 'The Pitt S02E14 720p 10bit WEBRip 2CH x265 HEVC-PSA.mkv'
[07:25:16.753] ShellThumbnail: invoking screenshot-script for 'The.Pitt.S01E03.720p.10bit.WEBRip.2CH.x265.HEVC-PSA.mkv'
[07:25:16.867] ShellThumbnail: invoking screenshot-script for 'The.Pitt.S01E04.720p.10bit.WEBRip.2CH.x265.HEVC-PSA.mkv'
[07:25:16.878] ShellThumbnail: invoking screenshot-script for 'The.Pitt.S01E02.720p.10bit.WEBRip.2CH.x265.HEVC-PSA.mkv'
[07:25:17.107] ShellThumbnail: invoking screenshot-script for 'The.Pitt.S01E06.720p.10bit.WEBRip.2CH.x265.HEVC-PSA.mkv'
[07:25:17.186] ShellThumbnail: invoking screenshot-script for 'The.Pitt.S01E05.720p.10bit.WEBRip.2CH.x265.HEVC-PSA.mkv'
[07:25:17.371] ShellThumbnail: invoking screenshot-script for 'The.Pitt.S01E08.720p.10bit.WEBRip.2CH.x265.HEVC-PSA.mkv'
[07:25:17.464] ShellThumbnail: invoking screenshot-script for 'The.Pitt.S01E07.720p.10bit.WEBRip.2CH.x265.HEVC-PSA.mkv'
[07:25:17.658] ShellThumbnail: invoking screenshot-script for 'The.Pitt.S01E10.720p.10bit.WEBRip.2CH.x265.HEVC-PSA.mkv'
[07:25:17.729] ShellThumbnail: invoking screenshot-script for 'The.Pitt.S01E09.720p.10bit.WEBRip.2CH.x265.HEVC-PSA.mkv'
[07:25:17.905] ShellThumbnail: invoking screenshot-script for 'The.Pitt.S01E12.720p.10bit.WEBRip.2CH.x265.HEVC-PSA.mkv'
[07:25:18.020] ShellThumbnail: invoking screenshot-script for 'The.Pitt.S01E11.720p.10bit.WEBRip.2CH.x265.HEVC-PSA.mkv'
[07:25:18.197] ShellThumbnail: invoking screenshot-script for 'The.Pitt.S01E14.720p.10bit.WEBRip.2CH.x265.HEVC-PSA.mkv'
[07:25:18.257] ShellThumbnail: invoking screenshot-script for 'The.Pitt.S01E13.720p.10bit.WEBRip.2CH.x265.HEVC-PSA.mkv'
[07:25:18.460] ShellThumbnail: invoking screenshot-script for 'The.Pitt.S02E01.720p.10bit.WEBRip.2CH.x265.HEVC-PSA.mkv'
[07:25:18.537] ShellThumbnail: invoking screenshot-script for 'The.Pitt.S01E15.720p.10bit.WEBRip.2CH.x265.HEVC-PSA.mkv'
[07:25:18.754] ShellThumbnail: invoking screenshot-script for 'The.Pitt.S02E04.720p.10bit.WEBRip.2CH.x265.HEVC-PSA.mkv'
[07:25:18.817] ShellThumbnail: invoking screenshot-script for 'The.Pitt.S02E02.720p.10bit.WEBRip.2CH.x265.HEVC-PSA.mkv'
[07:25:18.879] ShellThumbnail: encoding-mode attempt failed for 'The Pitt S02E13 720p 10bit WEBRip 2CH x265 HEVC-PSA.mkv' (exit=2); stderr: 
[07:25:18.879] ShellThumbnail: script attempt failed (exit=0); stderr: 
[07:25:18.880] ShellThumbnail: trying --vo=image fallback for 'The Pitt S02E15 720p 10bit WEBRip 2CH x265 HEVC-PSA.mkv'
[07:25:18.881] ShellThumbnail: invoking mpv.exe --no-config --no-audio --no-sub --quiet --no-resume-playback --frames=1 --start=120 --vf-add=scale=256:-2 --of=image2 --ovc=mjpeg --o=C:\Users\Abd Allah\AppData\Local\PitflixPlayer\thumbs\455E3BD1803432E08ACB0D778043D430796598EA.jpg F:\Series\Engilsh\The Pitt\The.Pitt.S01E14.720p.10bit.WEBRip.2CH.x265.HEVC-PSA.mkv
[07:25:18.881] ShellThumbnail: invoking mpv.exe --no-config --no-audio --no-sub --quiet --no-resume-playback --frames=1 --start=120 --vf-add=scale=256:-2 --of=image2 --ovc=mjpeg --o=C:\Users\Abd Allah\AppData\Local\PitflixPlayer\thumbs\BD28802F0DF11FDB5F3D20A98F28BF3243B4D024.jpg F:\Series\Engilsh\The Pitt\The.Pitt.S02E01.720p.10bit.WEBRip.2CH.x265.HEVC-PSA.mkv
[07:25:18.882] ShellThumbnail: invoking mpv.exe --no-config --no-audio --no-sub --quiet --no-resume-playback --frames=1 --start=120 --vf-add=scale=256:-2 --of=image2 --ovc=mjpeg --o=C:\Users\Abd Allah\AppData\Local\PitflixPlayer\thumbs\936C964C9755D7FA72A56865439DF1FE61EDA452.jpg F:\Series\Engilsh\The Pitt\The.Pitt.S01E06.720p.10bit.WEBRip.2CH.x265.HEVC-PSA.mkv
[07:25:18.882] ShellThumbnail: invoking mpv.exe --no-config --no-audio --no-sub --quiet --no-resume-playback --frames=1 --start=120 --vf-add=scale=256:-2 --of=image2 --ovc=mjpeg --o=C:\Users\Abd Allah\AppData\Local\PitflixPlayer\thumbs\58FCB6F1921F599AAF898DA489AE68F22E5DC22A.jpg F:\Series\Engilsh\The Pitt\The.Pitt.S01E12.720p.10bit.WEBRip.2CH.x265.HEVC-PSA.mkv
[07:25:18.882] ShellThumbnail: invoking mpv.exe --no-config --no-audio --no-sub --quiet --no-resume-playback --frames=1 --start=120 --vf-add=scale=256:-2 --of=image2 --ovc=mjpeg --o=C:\Users\Abd Allah\AppData\Local\PitflixPlayer\thumbs\1667C7117E625F994D4575065FEA1EB10285C489.jpg F:\Series\Engilsh\The Pitt\The.Pitt.S01E05.720p.10bit.WEBRip.2CH.x265.HEVC-PSA.mkv
[07:25:18.994] ShellThumbnail: --vo=image attempt also failed (exit=1); stderr: 
[07:25:18.995] ShellThumbnail: invoking mpv.exe --no-config --no-audio --no-sub --quiet --no-resume-playback --frames=1 --start=120 --vf-add=scale=256:-2 --of=image2 --ovc=mjpeg --o=C:\Users\Abd Allah\AppData\Local\PitflixPlayer\thumbs\4031D4A097518407DF2B07B467FEB23FCDD7751F.jpg F:\Series\Engilsh\The Pitt\The.Pitt.S01E09.720p.10bit.WEBRip.2CH.x265.HEVC-PSA.mkv
[07:25:18.995] ShellThumbnail: invoking mpv.exe --no-config --no-audio --no-sub --quiet --no-resume-playback --frames=1 --start=120 --vf-add=scale=256:-2 --of=image2 --ovc=mjpeg --o=C:\Users\Abd Allah\AppData\Local\PitflixPlayer\thumbs\1667C7117E625F994D4575065FEA1EB10285C489.jpg F:\Series\Engilsh\The Pitt\The.Pitt.S01E05.720p.10bit.WEBRip.2CH.x265.HEVC-PSA.mkv
[07:25:18.996] ShellThumbnail: invoking mpv.exe --no-config --no-audio --no-sub --quiet --no-resume-playback --frames=1 --start=120 --vf-add=scale=256:-2 --of=image2 --ovc=mjpeg --o=C:\Users\Abd Allah\AppData\Local\PitflixPlayer\thumbs\09F3CF07CEA464AB45DB212A3B45C4B8D0719036.jpg F:\Series\Engilsh\The Pitt\The Pitt S02E12 720p 10bit WEBRip 2CH x265 HEVC-PSA.mkv
[07:25:19.151] ShellThumbnail: script attempt failed (exit=0); stderr: 
[07:25:19.153] ShellThumbnail: invoking mpv.exe --no-config --no-audio --no-sub --quiet --no-resume-playback --frames=1 --start=120 --vf-add=scale=256:-2 --of=image2 --ovc=mjpeg --o=C:\Users\Abd Allah\AppData\Local\PitflixPlayer\thumbs\6AF3F08DD7194BF748F68F2519C9A2E3B218BE46.jpg F:\Series\Engilsh\The Pitt\The.Pitt.S01E11.720p.10bit.WEBRip.2CH.x265.HEVC-PSA.mkv
[07:25:19.153] ShellThumbnail: invoking mpv.exe --no-config --no-audio --no-sub --quiet --no-resume-playback --frames=1 --start=120 --vf-add=scale=256:-2 --of=image2 --ovc=mjpeg --o=C:\Users\Abd Allah\AppData\Local\PitflixPlayer\thumbs\07A9C809BA1193962E79905BEFDF6B38542F6554.jpg F:\Series\Engilsh\The Pitt\The.Pitt.S01E04.720p.10bit.WEBRip.2CH.x265.HEVC-PSA.mkv
[07:25:19.156] ShellThumbnail: script attempt failed (exit=0); stderr: 
[07:25:19.157] ShellThumbnail: invoking mpv.exe --no-config --no-audio --no-sub --quiet --no-resume-playback --frames=1 --start=120 --vf-add=scale=256:-2 --of=image2 --ovc=mjpeg --o=C:\Users\Abd Allah\AppData\Local\PitflixPlayer\thumbs\65197920E41298C214D02D560E99C3A19882256A.jpg F:\Series\Engilsh\The Pitt\The.Pitt.S02E02.720p.10bit.WEBRip.2CH.x265.HEVC-PSA.mkv
[07:25:19.703] ShellThumbnail: script attempt failed (exit=0); stderr: 
[07:25:19.705] ShellThumbnail: invoking mpv.exe --no-config --no-audio --no-sub --quiet --no-resume-playback --frames=1 --start=120 --vf-add=scale=256:-2 --of=image2 --ovc=mjpeg --o=C:\Users\Abd Allah\AppData\Local\PitflixPlayer\thumbs\9207373CD7364DE8C3B1FC7F19D29662EEB07741.jpg F:\Series\Engilsh\The Pitt\The.Pitt.S01E15.720p.10bit.WEBRip.2CH.x265.HEVC-PSA.mkv
[07:25:19.705] ShellThumbnail: invoking mpv.exe --no-config --no-audio --no-sub --quiet --no-resume-playback --frames=1 --start=120 --vf-add=scale=256:-2 --of=image2 --ovc=mjpeg --o=C:\Users\Abd Allah\AppData\Local\PitflixPlayer\thumbs\E146A6AA5EB4A574052D06E753EA9A6932892D89.jpg F:\Series\Engilsh\The Pitt\The Pitt S02E07 720p 10bit WEBRip 2CH x265 HEVC-PSA.mkv
[07:25:19.778] ShellThumbnail: script attempt failed (exit=0); stderr: 
[07:25:19.779] ShellThumbnail: trying --vo=image fallback for 'The.Pitt.S01E15.720p.10bit.WEBRip.2CH.x265.HEVC-PSA.mkv'
[07:25:19.779] ShellThumbnail: invoking mpv.exe --no-config --no-audio --no-sub --quiet --no-resume-playback --frames=1 --start=120 --vf-add=scale=256:-2 --of=image2 --ovc=mjpeg --o=C:\Users\Abd Allah\AppData\Local\PitflixPlayer\thumbs\E146A6AA5EB4A574052D06E753EA9A6932892D89.jpg F:\Series\Engilsh\The Pitt\The Pitt S02E07 720p 10bit WEBRip 2CH x265 HEVC-PSA.mkv
[07:25:20.165] ShellThumbnail: script attempt failed (exit=0); stderr: 
[07:25:20.165] ShellThumbnail: trying --vo=image fallback for 'The.Pitt.S01E05.720p.10bit.WEBRip.2CH.x265.HEVC-PSA.mkv'
[07:25:20.167] ShellThumbnail: invoking mpv.exe --no-config --no-audio --no-sub --quiet --no-resume-playback --frames=1 --start=120 --vf-add=scale=256:-2 --of=image2 --ovc=mjpeg --o=C:\Users\Abd Allah\AppData\Local\PitflixPlayer\thumbs\40809C58E2CABB0AF3D1720ECFA0A5BAEC7A3A2E.jpg F:\Series\Engilsh\The Pitt\The.Pitt.S01E07.720p.10bit.WEBRip.2CH.x265.HEVC-PSA.mkv
[07:25:20.447] ShellThumbnail: script attempt failed (exit=0); stderr: 
[07:25:20.449] ShellThumbnail: invoking mpv.exe --no-config --no-audio --no-sub --quiet --no-resume-playback --frames=1 --start=120 --vf-add=scale=256:-2 --of=image2 --ovc=mjpeg --o=C:\Users\Abd Allah\AppData\Local\PitflixPlayer\thumbs\DA5329B8C7D45ED538DB26E0A9B6E49991080DE7.jpg F:\Series\Engilsh\The Pitt\The Pitt S02E08 720p 10bit WEBRip 2CH x265 HEVC-PSA.mkv
[07:25:20.454] ShellThumbnail: script attempt failed (exit=0); stderr: 
[07:25:20.454] ShellThumbnail: trying --vo=image fallback for 'The.Pitt.S01E06.720p.10bit.WEBRip.2CH.x265.HEVC-PSA.mkv'
[07:25:20.455] ShellThumbnail: invoking mpv.exe --no-config --no-audio --no-sub --quiet --no-resume-playback --frames=1 --start=120 --vf-add=scale=256:-2 --of=image2 --ovc=mjpeg --o=C:\Users\Abd Allah\AppData\Local\PitflixPlayer\thumbs\09F3CF07CEA464AB45DB212A3B45C4B8D0719036.jpg F:\Series\Engilsh\The Pitt\The Pitt S02E12 720p 10bit WEBRip 2CH x265 HEVC-PSA.mkv
[07:25:20.455] ShellThumbnail: invoking mpv.exe --no-config --no-audio --no-sub --quiet --no-resume-playback --frames=1 --start=120 --vf-add=scale=256:-2 --of=image2 --ovc=mjpeg --o=C:\Users\Abd Allah\AppData\Local\PitflixPlayer\thumbs\4BE9843FE03C0AFD4D12067257285C9F4816DFBF.jpg F:\Series\Engilsh\The Pitt\The.Pitt.S02E04.720p.10bit.WEBRip.2CH.x265.HEVC-PSA.mkv
[07:25:20.458] ShellThumbnail: encoding-mode attempt failed for 'The.Pitt.S01E05.720p.10bit.WEBRip.2CH.x265.HEVC-PSA.mkv' (exit=2); stderr: 
[07:25:20.458] ShellThumbnail: trying --vo=image fallback for 'The.Pitt.S01E05.720p.10bit.WEBRip.2CH.x265.HEVC-PSA.mkv'
[07:25:20.582] ShellThumbnail: encoding-mode attempt failed for 'The.Pitt.S01E09.720p.10bit.WEBRip.2CH.x265.HEVC-PSA.mkv' (exit=2); stderr: 
[07:25:20.582] ShellThumbnail: trying --vo=image fallback for 'The.Pitt.S01E09.720p.10bit.WEBRip.2CH.x265.HEVC-PSA.mkv'
[07:25:20.748] ShellThumbnail: script attempt failed (exit=0); stderr: 
[07:25:20.748] ShellThumbnail: trying --vo=image fallback for 'The Pitt S02E14 720p 10bit WEBRip 2CH x265 HEVC-PSA.mkv'
[07:25:20.750] ShellThumbnail: invoking mpv.exe --no-config --no-audio --no-sub --quiet --no-resume-playback --frames=1 --start=120 --vf-add=scale=256:-2 --of=image2 --ovc=mjpeg --o=C:\Users\Abd Allah\AppData\Local\PitflixPlayer\thumbs\299CFEC111B919A491DB99A3B8125215E4666EAD.jpg F:\Series\Engilsh\The Pitt\The.Pitt.S01E08.720p.10bit.WEBRip.2CH.x265.HEVC-PSA.mkv
[07:25:20.750] ShellThumbnail: invoking mpv.exe --no-config --no-audio --no-sub --quiet --no-resume-playback --frames=1 --start=120 --vf-add=scale=256:-2 --of=image2 --ovc=mjpeg --o=C:\Users\Abd Allah\AppData\Local\PitflixPlayer\thumbs\AB49124AFE43B51BFB1EA76B9519D0541D44B410.jpg F:\Series\Engilsh\The Pitt\The Pitt S02E05 720p 10bit WEBRip 2CH x265 HEVC-PSA.mkv
[07:25:21.103] ShellThumbnail: encoding-mode attempt failed for 'The.Pitt.S02E02.720p.10bit.WEBRip.2CH.x265.HEVC-PSA.mkv' (exit=2); stderr: 
[07:25:21.103] ShellThumbnail: script attempt failed (exit=0); stderr: 
[07:25:21.104] ShellThumbnail: invoking mpv.exe --no-config --no-audio --no-sub --quiet --no-resume-playback --frames=1 --start=120 --vf-add=scale=256:-2 --of=image2 --ovc=mjpeg --o=C:\Users\Abd Allah\AppData\Local\PitflixPlayer\thumbs\07A9C809BA1193962E79905BEFDF6B38542F6554.jpg F:\Series\Engilsh\The Pitt\The.Pitt.S01E04.720p.10bit.WEBRip.2CH.x265.HEVC-PSA.mkv
[07:25:21.105] ShellThumbnail: invoking mpv.exe --no-config --no-audio --no-sub --quiet --no-resume-playback --frames=1 --start=120 --vf-add=scale=256:-2 --of=image2 --ovc=mjpeg --o=C:\Users\Abd Allah\AppData\Local\PitflixPlayer\thumbs\455E3BD1803432E08ACB0D778043D430796598EA.jpg F:\Series\Engilsh\The Pitt\The.Pitt.S01E14.720p.10bit.WEBRip.2CH.x265.HEVC-PSA.mkv
[07:25:21.749] ShellThumbnail: --vo=image attempt also failed (exit=1); stderr: 
[07:25:21.749] ShellThumbnail: script attempt failed (exit=0); stderr: 
[07:25:21.750] ShellThumbnail: invoking mpv.exe --no-config --no-audio --no-sub --quiet --no-resume-playback --frames=1 --start=120 --vf-add=scale=256:-2 --of=image2 --ovc=mjpeg --o=C:\Users\Abd Allah\AppData\Local\PitflixPlayer\thumbs\5DE2830EC136DFDC6ED2B788E845DA18F0489AC2.jpg F:\Series\Engilsh\The Pitt\The.Pitt.S01E01.720p.10bit.WEBRip.2CH.x265.HEVC-PSA.mkv
[07:25:21.756] ShellThumbnail: encoding-mode attempt failed for 'The.Pitt.S02E04.720p.10bit.WEBRip.2CH.x265.HEVC-PSA.mkv' (exit=2); stderr: 
[07:25:21.757] ShellThumbnail: trying --vo=image fallback for 'The.Pitt.S02E04.720p.10bit.WEBRip.2CH.x265.HEVC-PSA.mkv'
[07:25:21.917] ShellThumbnail: script attempt failed (exit=0); stderr: 
[07:25:21.918] ShellThumbnail: invoking mpv.exe --no-config --no-audio --no-sub --quiet --no-resume-playback --frames=1 --start=120 --vf-add=scale=256:-2 --of=image2 --ovc=mjpeg --o=C:\Users\Abd Allah\AppData\Local\PitflixPlayer\thumbs\2CA0BCE559A9BB0CDF7FA0001FB0B877F8DB89EC.jpg F:\Series\Engilsh\The Pitt\The Pitt S02E06 720p 10bit WEBRip 2CH x265 HEVC-PSA.mkv
[07:25:21.996] ShellThumbnail: script attempt failed (exit=0); stderr: 
[07:25:21.997] ShellThumbnail: invoking mpv.exe --no-config --no-audio --no-sub --quiet --no-resume-playback --frames=1 --start=120 --vf-add=scale=256:-2 --of=image2 --ovc=mjpeg --o=C:\Users\Abd Allah\AppData\Local\PitflixPlayer\thumbs\936C964C9755D7FA72A56865439DF1FE61EDA452.jpg F:\Series\Engilsh\The Pitt\The.Pitt.S01E06.720p.10bit.WEBRip.2CH.x265.HEVC-PSA.mkv
[07:25:22.030] ShellThumbnail: --vo=image attempt also failed (exit=1); stderr: 
[07:25:22.094] ShellThumbnail: script attempt failed (exit=0); stderr: 
[07:25:22.095] ShellThumbnail: invoking mpv.exe --no-config --no-audio --no-sub --quiet --no-resume-playback --frames=1 --start=120 --vf-add=scale=256:-2 --of=image2 --ovc=mjpeg --o=C:\Users\Abd Allah\AppData\Local\PitflixPlayer\thumbs\9C270355E6B0D745657872930D8B4ED263A6D017.jpg F:\Series\Engilsh\The Pitt\The Pitt S02E10 720p 10bit WEBRip 2CH x265 HEVC-PSA.mkv
[07:25:22.096] ShellThumbnail: invoking mpv.exe --no-config --no-audio --no-sub --quiet --no-resume-playback --frames=1 --start=120 --vf-add=scale=256:-2 --of=image2 --ovc=mjpeg --o=C:\Users\Abd Allah\AppData\Local\PitflixPlayer\thumbs\B941AF28C13C52F18A1BCC6555D332A5787F5356.jpg F:\Series\Engilsh\The Pitt\The Pitt S02E13 720p 10bit WEBRip 2CH x265 HEVC-PSA.mkv
[07:25:22.266] ShellThumbnail: encoding-mode attempt failed for 'The Pitt S02E07 720p 10bit WEBRip 2CH x265 HEVC-PSA.mkv' (exit=2); stderr: 
[07:25:22.266] ShellThumbnail: trying --vo=image fallback for 'The Pitt S02E07 720p 10bit WEBRip 2CH x265 HEVC-PSA.mkv'
[07:25:22.451] ShellThumbnail: encoding-mode attempt failed for 'The.Pitt.S01E04.720p.10bit.WEBRip.2CH.x265.HEVC-PSA.mkv' (exit=2); stderr: 
[07:25:22.451] ShellThumbnail: trying --vo=image fallback for 'The.Pitt.S01E04.720p.10bit.WEBRip.2CH.x265.HEVC-PSA.mkv'
[07:25:22.496] ShellThumbnail: --vo=image attempt also failed (exit=1); stderr: 
[07:25:22.638] ShellThumbnail: --vo=image attempt also failed (exit=1); stderr: 
[07:25:22.639] ShellThumbnail: trying --vo=image fallback for 'The Pitt S02E15 720p 10bit WEBRip 2CH x265 HEVC-PSA.mkv'
[07:25:22.660] ShellThumbnail: encoding-mode attempt failed for 'The Pitt S02E05 720p 10bit WEBRip 2CH x265 HEVC-PSA.mkv' (exit=2); stderr: 
[07:25:22.660] ShellThumbnail: trying --vo=image fallback for 'The Pitt S02E05 720p 10bit WEBRip 2CH x265 HEVC-PSA.mkv'
[07:25:22.662] ShellThumbnail: invoking mpv.exe --no-config --no-audio --no-sub --quiet --no-resume-playback --frames=1 --start=120 --vf-add=scale=256:-2 --of=image2 --ovc=mjpeg --o=C:\Users\Abd Allah\AppData\Local\PitflixPlayer\thumbs\6AF3F08DD7194BF748F68F2519C9A2E3B218BE46.jpg F:\Series\Engilsh\The Pitt\The.Pitt.S01E11.720p.10bit.WEBRip.2CH.x265.HEVC-PSA.mkv
[07:25:22.662] ShellThumbnail: invoking mpv.exe --no-config --no-audio --no-sub --quiet --no-resume-playback --frames=1 --start=120 --vf-add=scale=256:-2 --of=image2 --ovc=mjpeg --o=C:\Users\Abd Allah\AppData\Local\PitflixPlayer\thumbs\65197920E41298C214D02D560E99C3A19882256A.jpg F:\Series\Engilsh\The Pitt\The.Pitt.S02E02.720p.10bit.WEBRip.2CH.x265.HEVC-PSA.mkv
[07:25:23.369] ShellThumbnail: script attempt failed (exit=0); stderr: 
[07:25:23.369] ShellThumbnail: trying --vo=image fallback for 'The.Pitt.S01E02.720p.10bit.WEBRip.2CH.x265.HEVC-PSA.mkv'
[07:25:23.371] ShellThumbnail: invoking mpv.exe --no-config --no-audio --no-sub --quiet --no-resume-playback --frames=1 --start=120 --vf-add=scale=256:-2 --of=image2 --ovc=mjpeg --o=C:\Users\Abd Allah\AppData\Local\PitflixPlayer\thumbs\8CF0238E8DD12C66C1FC3222F2A79555E1047C9E.jpg F:\Series\Engilsh\The Pitt\The.Pitt.S01E13.720p.10bit.WEBRip.2CH.x265.HEVC-PSA.mkv
[07:25:23.371] ShellThumbnail: invoking mpv.exe --no-config --no-audio --no-sub --quiet --no-resume-playback --frames=1 --start=120 --vf-add=scale=256:-2 --of=image2 --ovc=mjpeg --o=C:\Users\Abd Allah\AppData\Local\PitflixPlayer\thumbs\9207373CD7364DE8C3B1FC7F19D29662EEB07741.jpg F:\Series\Engilsh\The Pitt\The.Pitt.S01E15.720p.10bit.WEBRip.2CH.x265.HEVC-PSA.mkv
[07:25:23.426] ShellThumbnail: script attempt failed (exit=0); stderr: 
[07:25:23.428] ShellThumbnail: invoking mpv.exe --no-config --no-audio --no-sub --quiet --no-resume-playback --frames=1 --start=120 --vf-add=scale=256:-2 --of=image2 --ovc=mjpeg --o=C:\Users\Abd Allah\AppData\Local\PitflixPlayer\thumbs\BD28802F0DF11FDB5F3D20A98F28BF3243B4D024.jpg F:\Series\Engilsh\The Pitt\The.Pitt.S02E01.720p.10bit.WEBRip.2CH.x265.HEVC-PSA.mkv
[07:25:23.428] ShellThumbnail: invoking mpv.exe --no-config --no-audio --no-sub --quiet --no-resume-playback --frames=1 --start=120 --vf-add=scale=256:-2 --of=image2 --ovc=mjpeg --o=C:\Users\Abd Allah\AppData\Local\PitflixPlayer\thumbs\58FCB6F1921F599AAF898DA489AE68F22E5DC22A.jpg F:\Series\Engilsh\The Pitt\The.Pitt.S01E12.720p.10bit.WEBRip.2CH.x265.HEVC-PSA.mkv
[07:25:23.429] ShellThumbnail: invoking mpv.exe --no-config --no-audio --no-sub --quiet --no-resume-playback --frames=1 --start=120 --vf-add=scale=256:-2 --of=image2 --ovc=mjpeg --o=C:\Users\Abd Allah\AppData\Local\PitflixPlayer\thumbs\2CA0BCE559A9BB0CDF7FA0001FB0B877F8DB89EC.jpg F:\Series\Engilsh\The Pitt\The Pitt S02E06 720p 10bit WEBRip 2CH x265 HEVC-PSA.mkv
[07:25:23.431] ShellThumbnail: encoding-mode attempt failed for 'The.Pitt.S01E01.720p.10bit.WEBRip.2CH.x265.HEVC-PSA.mkv' (exit=2); stderr: 
[07:25:23.431] ShellThumbnail: trying --vo=image fallback for 'The.Pitt.S01E01.720p.10bit.WEBRip.2CH.x265.HEVC-PSA.mkv'
[07:25:23.500] ShellThumbnail: encoding-mode attempt failed for 'The Pitt S02E13 720p 10bit WEBRip 2CH x265 HEVC-PSA.mkv' (exit=2); stderr: 
[07:25:23.500] ShellThumbnail: script attempt failed (exit=0); stderr: 
[07:25:23.501] ShellThumbnail: invoking mpv.exe --no-config --no-audio --no-sub --quiet --no-resume-playback --frames=1 --start=120 --vf-add=scale=256:-2 --of=image2 --ovc=mjpeg --o=C:\Users\Abd Allah\AppData\Local\PitflixPlayer\thumbs\310D5AFF6B52802A4FDA6B708C5674D9A0A504F0.jpg F:\Series\Engilsh\The Pitt\The.Pitt.S01E02.720p.10bit.WEBRip.2CH.x265.HEVC-PSA.mkv
[07:25:23.512] ShellThumbnail: encoding-mode attempt failed for 'The.Pitt.S01E14.720p.10bit.WEBRip.2CH.x265.HEVC-PSA.mkv' (exit=2); stderr: 
[07:25:23.513] ShellThumbnail: trying --vo=image fallback for 'The.Pitt.S01E14.720p.10bit.WEBRip.2CH.x265.HEVC-PSA.mkv'
[07:25:23.669] ShellThumbnail: script attempt failed (exit=0); stderr: 
[07:25:23.669] ShellThumbnail: trying --vo=image fallback for 'The Pitt S02E06 720p 10bit WEBRip 2CH x265 HEVC-PSA.mkv'
[07:25:23.670] ShellThumbnail: invoking mpv.exe --no-config --no-audio --no-sub --quiet --no-resume-playback --frames=1 --start=120 --vf-add=scale=256:-2 --of=image2 --ovc=mjpeg --o=C:\Users\Abd Allah\AppData\Local\PitflixPlayer\thumbs\B941AF28C13C52F18A1BCC6555D332A5787F5356.jpg F:\Series\Engilsh\The Pitt\The Pitt S02E13 720p 10bit WEBRip 2CH x265 HEVC-PSA.mkv
[07:25:23.746] ShellThumbnail: encoding-mode attempt failed for 'The.Pitt.S01E15.720p.10bit.WEBRip.2CH.x265.HEVC-PSA.mkv' (exit=2); stderr: 
[07:25:23.746] ShellThumbnail: trying --vo=image fallback for 'The.Pitt.S01E15.720p.10bit.WEBRip.2CH.x265.HEVC-PSA.mkv'
[07:25:23.942] ShellThumbnail: --vo=image attempt also failed (exit=1); stderr: 
[07:25:23.943] ShellThumbnail: trying --vo=image fallback for 'The Pitt S02E10 720p 10bit WEBRip 2CH x265 HEVC-PSA.mkv'
[07:25:24.123] ShellThumbnail: encoding-mode attempt failed for 'The.Pitt.S01E09.720p.10bit.WEBRip.2CH.x265.HEVC-PSA.mkv' (exit=2); stderr: 
[07:25:24.123] ShellThumbnail: trying --vo=image fallback for 'The.Pitt.S01E09.720p.10bit.WEBRip.2CH.x265.HEVC-PSA.mkv'
[07:25:24.152] ShellThumbnail: --vo=image attempt also failed (exit=1); stderr: 
[07:25:24.153] ShellThumbnail: trying --vo=image fallback for 'The.Pitt.S01E06.720p.10bit.WEBRip.2CH.x265.HEVC-PSA.mkv'
[07:25:24.575] ShellThumbnail: --vo=image attempt also failed (exit=1); stderr: 
[07:25:24.577] ShellThumbnail: encoding-mode attempt failed for 'The.Pitt.S01E14.720p.10bit.WEBRip.2CH.x265.HEVC-PSA.mkv' (exit=2); stderr: 
[07:25:24.577] ShellThumbnail: trying --vo=image fallback for 'The.Pitt.S01E14.720p.10bit.WEBRip.2CH.x265.HEVC-PSA.mkv'
[07:25:24.605] ShellThumbnail: --vo=image attempt also failed (exit=1); stderr: 
[07:25:24.605] ShellThumbnail: encoding-mode attempt failed for 'The.Pitt.S01E04.720p.10bit.WEBRip.2CH.x265.HEVC-PSA.mkv' (exit=2); stderr: 
[07:25:24.605] ShellThumbnail: trying --vo=image fallback for 'The.Pitt.S01E04.720p.10bit.WEBRip.2CH.x265.HEVC-PSA.mkv'
[07:25:24.787] ShellThumbnail: encoding-mode attempt failed for 'The.Pitt.S01E15.720p.10bit.WEBRip.2CH.x265.HEVC-PSA.mkv' (exit=2); stderr: 
[07:25:24.787] ShellThumbnail: trying --vo=image fallback for 'The.Pitt.S01E15.720p.10bit.WEBRip.2CH.x265.HEVC-PSA.mkv'
[07:25:24.800] ShellThumbnail: --vo=image attempt also failed (exit=1); stderr: 
[07:25:24.801] ShellThumbnail: trying --vo=image fallback for 'The Pitt S02E12 720p 10bit WEBRip 2CH x265 HEVC-PSA.mkv'
[07:25:24.821] ShellThumbnail: encoding-mode attempt failed for 'The.Pitt.S02E01.720p.10bit.WEBRip.2CH.x265.HEVC-PSA.mkv' (exit=2); stderr: 
[07:25:24.822] ShellThumbnail: trying --vo=image fallback for 'The.Pitt.S02E01.720p.10bit.WEBRip.2CH.x265.HEVC-PSA.mkv'
[07:25:24.827] ShellThumbnail: --vo=image attempt also failed (exit=1); stderr: 
[07:25:24.827] ShellThumbnail: trying --vo=image fallback for 'The Pitt S02E12 720p 10bit WEBRip 2CH x265 HEVC-PSA.mkv'
[07:25:24.831] ShellThumbnail: encoding-mode attempt failed for 'The.Pitt.S01E13.720p.10bit.WEBRip.2CH.x265.HEVC-PSA.mkv' (exit=2); stderr: 
[07:25:24.832] ShellThumbnail: trying --vo=image fallback for 'The.Pitt.S01E13.720p.10bit.WEBRip.2CH.x265.HEVC-PSA.mkv'
[07:25:24.878] ShellThumbnail: --vo=image attempt also failed (exit=1); stderr: 
[07:25:24.878] ShellThumbnail: trying --vo=image fallback for 'The.Pitt.S01E01.720p.10bit.WEBRip.2CH.x265.HEVC-PSA.mkv'
[07:25:24.893] ShellThumbnail: encoding-mode attempt failed for 'The Pitt S02E05 720p 10bit WEBRip 2CH x265 HEVC-PSA.mkv' (exit=2); stderr: 
[07:25:24.893] ShellThumbnail: trying --vo=image fallback for 'The Pitt S02E05 720p 10bit WEBRip 2CH x265 HEVC-PSA.mkv'
[07:25:24.906] ShellThumbnail: script attempt failed (exit=0); stderr: 
[07:25:24.908] ShellThumbnail: invoking mpv.exe --no-config --no-audio --no-sub --quiet --no-resume-playback --frames=1 --start=120 --vf-add=scale=256:-2 --of=image2 --ovc=mjpeg --o=C:\Users\Abd Allah\AppData\Local\PitflixPlayer\thumbs\91D6AC2120B769137935F983889E858208600F3A.jpg F:\Series\Engilsh\The Pitt\The Pitt S02E09 720p 10bit WEBRip 2CH x265 HEVC-PSA.mkv
[07:25:24.922] ShellThumbnail: encoding-mode attempt failed for 'The.Pitt.S02E02.720p.10bit.WEBRip.2CH.x265.HEVC-PSA.mkv' (exit=2); stderr: 
[07:25:24.922] ShellThumbnail: trying --vo=image fallback for 'The.Pitt.S02E02.720p.10bit.WEBRip.2CH.x265.HEVC-PSA.mkv'
[07:25:24.938] ShellThumbnail: encoding-mode attempt failed for 'The.Pitt.S01E11.720p.10bit.WEBRip.2CH.x265.HEVC-PSA.mkv' (exit=2); stderr: 
[07:25:24.938] ShellThumbnail: trying --vo=image fallback for 'The.Pitt.S01E11.720p.10bit.WEBRip.2CH.x265.HEVC-PSA.mkv'
[07:25:24.942] ShellThumbnail: encoding-mode attempt failed for 'The Pitt S02E13 720p 10bit WEBRip 2CH x265 HEVC-PSA.mkv' (exit=2); stderr: 
[07:25:24.942] ShellThumbnail: trying --vo=image fallback for 'The Pitt S02E13 720p 10bit WEBRip 2CH x265 HEVC-PSA.mkv'
[07:25:24.955] ShellThumbnail: encoding-mode attempt failed for 'The.Pitt.S01E11.720p.10bit.WEBRip.2CH.x265.HEVC-PSA.mkv' (exit=2); stderr: 
[07:25:24.955] ShellThumbnail: trying --vo=image fallback for 'The.Pitt.S01E11.720p.10bit.WEBRip.2CH.x265.HEVC-PSA.mkv'
[07:25:24.983] ShellThumbnail: encoding-mode attempt failed for 'The.Pitt.S02E04.720p.10bit.WEBRip.2CH.x265.HEVC-PSA.mkv' (exit=2); stderr: 
[07:25:24.983] ShellThumbnail: trying --vo=image fallback for 'The.Pitt.S01E12.720p.10bit.WEBRip.2CH.x265.HEVC-PSA.mkv'
[07:25:24.983] ShellThumbnail: trying --vo=image fallback for 'The.Pitt.S02E04.720p.10bit.WEBRip.2CH.x265.HEVC-PSA.mkv'
[07:25:24.984] ShellThumbnail: invoking mpv.exe --no-config --no-audio --no-sub --quiet --no-resume-playback --frames=1 --start=120 --vf-add=scale=256:-2 --of=image2 --ovc=mjpeg --o=C:\Users\Abd Allah\AppData\Local\PitflixPlayer\thumbs\DA5329B8C7D45ED538DB26E0A9B6E49991080DE7.jpg F:\Series\Engilsh\The Pitt\The Pitt S02E08 720p 10bit WEBRip 2CH x265 HEVC-PSA.mkv
[07:25:24.988] ShellThumbnail: encoding-mode attempt failed for 'The Pitt S02E06 720p 10bit WEBRip 2CH x265 HEVC-PSA.mkv' (exit=2); stderr: 
[07:25:24.988] ShellThumbnail: trying --vo=image fallback for 'The Pitt S02E06 720p 10bit WEBRip 2CH x265 HEVC-PSA.mkv'
[07:25:25.024] ShellThumbnail: encoding-mode attempt failed for 'The Pitt S02E14 720p 10bit WEBRip 2CH x265 HEVC-PSA.mkv' (exit=2); stderr: 
[07:25:25.024] ShellThumbnail: trying --vo=image fallback for 'The Pitt S02E08 720p 10bit WEBRip 2CH x265 HEVC-PSA.mkv'
[07:25:25.027] ShellThumbnail: --vo=image attempt also failed (exit=1); stderr: 
[07:25:25.049] ShellThumbnail: encoding-mode attempt failed for 'The.Pitt.S02E01.720p.10bit.WEBRip.2CH.x265.HEVC-PSA.mkv' (exit=2); stderr: 
[07:25:25.049] ShellThumbnail: trying --vo=image fallback for 'The.Pitt.S02E01.720p.10bit.WEBRip.2CH.x265.HEVC-PSA.mkv'
[07:25:25.054] ShellThumbnail: script attempt failed (exit=0); stderr: 
[07:25:25.055] ShellThumbnail: trying --vo=image fallback for 'The.Pitt.S01E12.720p.10bit.WEBRip.2CH.x265.HEVC-PSA.mkv'
[07:25:25.056] ShellThumbnail: invoking mpv.exe --no-config --no-audio --no-sub --quiet --no-resume-playback --frames=1 --start=120 --vf-add=scale=256:-2 --of=image2 --ovc=mjpeg --o=C:\Users\Abd Allah\AppData\Local\PitflixPlayer\thumbs\D9155E9A25D0F15B7E815AF2BA649DA36B21A86A.jpg F:\Series\Engilsh\The Pitt\The.Pitt.S01E10.720p.10bit.WEBRip.2CH.x265.HEVC-PSA.mkv
[07:25:25.057] ShellThumbnail: invoking mpv.exe --no-config --no-audio --no-sub --quiet --no-resume-playback --frames=1 --start=120 --vf-add=scale=256:-2 --of=image2 --ovc=mjpeg --o=C:\Users\Abd Allah\AppData\Local\PitflixPlayer\thumbs\A9AD6F62B2B434F483213DC4A66C4D5244BD83A7.jpg F:\Series\Engilsh\The Pitt\The.Pitt.S01E03.720p.10bit.WEBRip.2CH.x265.HEVC-PSA.mkv
[07:25:25.057] ShellThumbnail: invoking mpv.exe --no-config --no-audio --no-sub --quiet --no-resume-playback --frames=1 --start=120 --vf-add=scale=256:-2 --of=image2 --ovc=mjpeg --o=C:\Users\Abd Allah\AppData\Local\PitflixPlayer\thumbs\A9AD6F62B2B434F483213DC4A66C4D5244BD83A7.jpg F:\Series\Engilsh\The Pitt\The.Pitt.S01E03.720p.10bit.WEBRip.2CH.x265.HEVC-PSA.mkv
[07:25:25.059] ShellThumbnail: --vo=image attempt also failed (exit=1); stderr: 
[07:25:25.150] ShellThumbnail: --vo=image attempt also failed (exit=1); stderr: 
[07:25:25.151] ShellThumbnail: encoding-mode attempt failed for 'The.Pitt.S01E02.720p.10bit.WEBRip.2CH.x265.HEVC-PSA.mkv' (exit=2); stderr: 
[07:25:25.151] ShellThumbnail: trying --vo=image fallback for 'The.Pitt.S01E02.720p.10bit.WEBRip.2CH.x265.HEVC-PSA.mkv'
[07:25:25.152] ShellThumbnail: invoking mpv.exe --no-config --no-audio --no-sub --quiet --no-resume-playback --frames=1 --start=120 --vf-add=scale=256:-2 --of=image2 --ovc=mjpeg --o=C:\Users\Abd Allah\AppData\Local\PitflixPlayer\thumbs\9C270355E6B0D745657872930D8B4ED263A6D017.jpg F:\Series\Engilsh\The Pitt\The Pitt S02E10 720p 10bit WEBRip 2CH x265 HEVC-PSA.mkv
[07:25:25.204] ShellThumbnail: --vo=image attempt also failed (exit=1); stderr: 
[07:25:25.210] ShellThumbnail: --vo=image attempt also failed (exit=1); stderr: 
[07:25:25.254] ShellThumbnail: --vo=image attempt also failed (exit=1); stderr: 
[07:25:25.255] ShellThumbnail: --vo=image attempt also failed (exit=1); stderr: 
[07:25:25.256] ShellThumbnail: encoding-mode attempt failed for 'The.Pitt.S01E10.720p.10bit.WEBRip.2CH.x265.HEVC-PSA.mkv' (exit=2); stderr: 
[07:25:25.256] ShellThumbnail: trying --vo=image fallback for 'The.Pitt.S01E10.720p.10bit.WEBRip.2CH.x265.HEVC-PSA.mkv'
[07:25:25.275] ShellThumbnail: --vo=image attempt also failed (exit=1); stderr: 
[07:25:25.276] ShellThumbnail: --vo=image attempt also failed (exit=1); stderr: 
[07:25:25.276] ShellThumbnail: invoking mpv.exe --no-config --no-audio --no-sub --quiet --no-resume-playback --frames=1 --start=120 --vf-add=scale=256:-2 --of=image2 --ovc=mjpeg --o=C:\Users\Abd Allah\AppData\Local\PitflixPlayer\thumbs\91D6AC2120B769137935F983889E858208600F3A.jpg F:\Series\Engilsh\The Pitt\The Pitt S02E09 720p 10bit WEBRip 2CH x265 HEVC-PSA.mkv
[07:25:25.276] ShellThumbnail: encoding-mode attempt failed for 'The.Pitt.S01E08.720p.10bit.WEBRip.2CH.x265.HEVC-PSA.mkv' (exit=2); stderr: 
[07:25:25.276] ShellThumbnail: trying --vo=image fallback for 'The.Pitt.S01E08.720p.10bit.WEBRip.2CH.x265.HEVC-PSA.mkv'
[07:25:25.442] ShellThumbnail: encoding-mode attempt failed for 'The Pitt S02E09 720p 10bit WEBRip 2CH x265 HEVC-PSA.mkv' (exit=2); stderr: 
[07:25:25.442] ShellThumbnail: trying --vo=image fallback for 'The Pitt S02E09 720p 10bit WEBRip 2CH x265 HEVC-PSA.mkv'
[07:25:25.476] ShellThumbnail: --vo=image attempt also failed (exit=1); stderr: 
[07:25:25.477] ShellThumbnail: script attempt failed (exit=0); stderr: 
[07:25:25.478] ShellThumbnail: invoking mpv.exe --no-config --no-audio --no-sub --quiet --no-resume-playback --frames=1 --start=120 --vf-add=scale=256:-2 --of=image2 --ovc=mjpeg --o=C:\Users\Abd Allah\AppData\Local\PitflixPlayer\thumbs\195413554CFF7230439D03E469048F02F823D41F.jpg F:\Series\Engilsh\The Pitt\The Pitt S02E14 720p 10bit WEBRip 2CH x265 HEVC-PSA.mkv
[07:25:25.478] ShellThumbnail: invoking mpv.exe --no-config --no-audio --no-sub --quiet --no-resume-playback --frames=1 --start=120 --vf-add=scale=256:-2 --of=image2 --ovc=mjpeg --o=C:\Users\Abd Allah\AppData\Local\PitflixPlayer\thumbs\55C88C90D62A87ECC4FC3353F638DF2AEA4DF62F.jpg F:\Series\Engilsh\The Pitt\The Pitt S02E03 720p 10bit WEBRip 2CH x265 HEVC-PSA.mkv
[07:25:25.823] ShellThumbnail: --vo=image attempt also failed (exit=1); stderr: 
[07:25:25.824] ShellThumbnail: invoking mpv.exe --no-config --no-audio --no-sub --quiet --no-resume-playback --frames=1 --start=120 --vf-add=scale=256:-2 --of=image2 --ovc=mjpeg --o=C:\Users\Abd Allah\AppData\Local\PitflixPlayer\thumbs\55C88C90D62A87ECC4FC3353F638DF2AEA4DF62F.jpg F:\Series\Engilsh\The Pitt\The Pitt S02E03 720p 10bit WEBRip 2CH x265 HEVC-PSA.mkv
[07:25:25.854] ShellThumbnail: --vo=image attempt also failed (exit=1); stderr: 
[07:25:25.880] ShellThumbnail: --vo=image attempt also failed (exit=1); stderr: 
[07:25:25.880] ShellThumbnail: trying --vo=image fallback for 'The.Pitt.S01E12.720p.10bit.WEBRip.2CH.x265.HEVC-PSA.mkv'
[07:25:25.881] ShellThumbnail: --vo=image attempt also failed (exit=1); stderr: 
[07:25:25.886] ShellThumbnail: encoding-mode attempt failed for 'The.Pitt.S01E10.720p.10bit.WEBRip.2CH.x265.HEVC-PSA.mkv' (exit=2); stderr: 
[07:25:25.886] ShellThumbnail: trying --vo=image fallback for 'The.Pitt.S01E10.720p.10bit.WEBRip.2CH.x265.HEVC-PSA.mkv'
[07:25:25.975] ShellThumbnail: encoding-mode attempt failed for 'The.Pitt.S01E03.720p.10bit.WEBRip.2CH.x265.HEVC-PSA.mkv' (exit=2); stderr: 
[07:25:25.975] ShellThumbnail: trying --vo=image fallback for 'The.Pitt.S01E03.720p.10bit.WEBRip.2CH.x265.HEVC-PSA.mkv'
[07:25:26.042] ShellThumbnail: --vo=image attempt also failed (exit=1); stderr: 
[07:25:26.050] ShellThumbnail: --vo=image attempt also failed (exit=1); stderr: 
[07:25:26.051] ShellThumbnail: --vo=image attempt also failed (exit=1); stderr: 
[07:25:26.052] ShellThumbnail: --vo=image attempt also failed (exit=1); stderr: 
[07:25:26.052] ShellThumbnail: trying --vo=image fallback for 'The Pitt S02E08 720p 10bit WEBRip 2CH x265 HEVC-PSA.mkv'
[07:25:26.106] ShellThumbnail: encoding-mode attempt failed for 'The Pitt S02E10 720p 10bit WEBRip 2CH x265 HEVC-PSA.mkv' (exit=2); stderr: 
[07:25:26.106] ShellThumbnail: trying --vo=image fallback for 'The Pitt S02E10 720p 10bit WEBRip 2CH x265 HEVC-PSA.mkv'
[07:25:26.112] ShellThumbnail: encoding-mode attempt failed for 'The Pitt S02E09 720p 10bit WEBRip 2CH x265 HEVC-PSA.mkv' (exit=2); stderr: 
[07:25:26.113] ShellThumbnail: trying --vo=image fallback for 'The Pitt S02E09 720p 10bit WEBRip 2CH x265 HEVC-PSA.mkv'
[07:25:26.146] ShellThumbnail: --vo=image attempt also failed (exit=1); stderr: 
[07:25:26.168] ShellThumbnail: encoding-mode attempt failed for 'The.Pitt.S01E07.720p.10bit.WEBRip.2CH.x265.HEVC-PSA.mkv' (exit=2); stderr: 
[07:25:26.168] ShellThumbnail: trying --vo=image fallback for 'The.Pitt.S01E07.720p.10bit.WEBRip.2CH.x265.HEVC-PSA.mkv'
[07:25:26.171] ShellThumbnail: --vo=image attempt also failed (exit=1); stderr: 
[07:25:26.172] ShellThumbnail: --vo=image attempt also failed (exit=1); stderr: 
[07:25:26.172] ShellThumbnail: encoding-mode attempt failed for 'The Pitt S02E03 720p 10bit WEBRip 2CH x265 HEVC-PSA.mkv' (exit=2); stderr: 
[07:25:26.173] ShellThumbnail: trying --vo=image fallback for 'The Pitt S02E03 720p 10bit WEBRip 2CH x265 HEVC-PSA.mkv'
[07:25:26.173] ShellThumbnail: invoking mpv.exe --no-config --no-audio --no-sub --quiet --no-resume-playback --frames=1 --start=120 --vf-add=scale=256:-2 --of=image2 --ovc=mjpeg --o=C:\Users\Abd Allah\AppData\Local\PitflixPlayer\thumbs\4BE9843FE03C0AFD4D12067257285C9F4816DFBF.jpg F:\Series\Engilsh\The Pitt\The.Pitt.S02E04.720p.10bit.WEBRip.2CH.x265.HEVC-PSA.mkv
[07:25:26.219] ShellThumbnail: --vo=image attempt also failed (exit=1); stderr: 
[07:25:26.232] ShellThumbnail: --vo=image attempt also failed (exit=1); stderr: 
[07:25:26.232] ShellThumbnail: encoding-mode attempt failed for 'The.Pitt.S01E03.720p.10bit.WEBRip.2CH.x265.HEVC-PSA.mkv' (exit=2); stderr: 
[07:25:26.233] ShellThumbnail: trying --vo=image fallback for 'The.Pitt.S01E03.720p.10bit.WEBRip.2CH.x265.HEVC-PSA.mkv'
[07:25:26.245] ShellThumbnail: --vo=image attempt also failed (exit=1); stderr: 
[07:25:26.245] ShellThumbnail: --vo=image attempt also failed (exit=1); stderr: 
[07:25:26.269] ShellThumbnail: --vo=image attempt also failed (exit=1); stderr: 
[07:25:26.270] ShellThumbnail: --vo=image attempt also failed (exit=1); stderr: 
[07:25:26.270] ShellThumbnail: trying --vo=image fallback for 'The Pitt S02E07 720p 10bit WEBRip 2CH x265 HEVC-PSA.mkv'
[07:25:26.272] ShellThumbnail: --vo=image attempt also failed (exit=1); stderr: 
[07:25:26.293] ShellThumbnail: script attempt failed (exit=0); stderr: 
[07:25:26.294] ShellThumbnail: --vo=image attempt also failed (exit=1); stderr: 
[07:25:26.294] ShellThumbnail: invoking mpv.exe --no-config --no-audio --no-sub --quiet --no-resume-playback --frames=1 --start=120 --vf-add=scale=256:-2 --of=image2 --ovc=mjpeg --o=C:\Users\Abd Allah\AppData\Local\PitflixPlayer\thumbs\91D6AC2120B769137935F983889E858208600F3A.jpg F:\Series\Engilsh\The Pitt\The Pitt S02E09 720p 10bit WEBRip 2CH x265 HEVC-PSA.mkv
[07:25:26.294] ShellThumbnail: encoding-mode attempt failed for 'The Pitt S02E15 720p 10bit WEBRip 2CH x265 HEVC-PSA.mkv' (exit=2); stderr: 
[07:25:26.294] ShellThumbnail: trying --vo=image fallback for 'The Pitt S02E15 720p 10bit WEBRip 2CH x265 HEVC-PSA.mkv'
[07:25:26.298] ShellThumbnail: --vo=image attempt also failed (exit=1); stderr: 
[07:25:26.332] ShellThumbnail: --vo=image attempt also failed (exit=1); stderr: 
[07:25:26.335] ShellThumbnail: --vo=image attempt also failed (exit=1); stderr: 
[07:25:26.378] ShellThumbnail: --vo=image attempt also failed (exit=1); stderr: 
[07:25:26.380] ShellThumbnail: --vo=image attempt also failed (exit=1); stderr: 
[07:25:26.383] ShellThumbnail: encoding-mode attempt failed for 'The Pitt S02E03 720p 10bit WEBRip 2CH x265 HEVC-PSA.mkv' (exit=2); stderr: 
[07:25:26.383] ShellThumbnail: trying --vo=image fallback for 'The Pitt S02E03 720p 10bit WEBRip 2CH x265 HEVC-PSA.mkv'
[07:25:26.408] ShellThumbnail: --vo=image attempt also failed (exit=1); stderr: 
[07:25:26.409] ShellThumbnail: --vo=image attempt also failed (exit=1); stderr: 
[07:25:26.473] ShellThumbnail: --vo=image attempt also failed (exit=1); stderr: 
[07:25:26.478] ShellThumbnail: encoding-mode attempt failed for 'The Pitt S02E14 720p 10bit WEBRip 2CH x265 HEVC-PSA.mkv' (exit=2); stderr: 
[07:25:26.478] ShellThumbnail: trying --vo=image fallback for 'The Pitt S02E14 720p 10bit WEBRip 2CH x265 HEVC-PSA.mkv'
[07:25:26.506] ShellThumbnail: encoding-mode attempt failed for 'The.Pitt.S02E04.720p.10bit.WEBRip.2CH.x265.HEVC-PSA.mkv' (exit=2); stderr: 
[07:25:26.506] ShellThumbnail: trying --vo=image fallback for 'The.Pitt.S02E04.720p.10bit.WEBRip.2CH.x265.HEVC-PSA.mkv'
[07:25:26.565] ShellThumbnail: --vo=image attempt also failed (exit=1); stderr: 
[07:25:26.594] ShellThumbnail: --vo=image attempt also failed (exit=1); stderr: 
[07:25:26.628] ShellThumbnail: encoding-mode attempt failed for 'The Pitt S02E09 720p 10bit WEBRip 2CH x265 HEVC-PSA.mkv' (exit=2); stderr: 
[07:25:26.628] ShellThumbnail: trying --vo=image fallback for 'The Pitt S02E09 720p 10bit WEBRip 2CH x265 HEVC-PSA.mkv'
[07:25:26.715] ShellThumbnail: --vo=image attempt also failed (exit=1); stderr: 
[07:47:49.558] Session stopped — entering pre-warm hide
[07:47:50.495] MpvIpcClient disposed
[07:47:50.495] Window closed
[07:47:57.938] App starting
[07:47:57.946] Subtitle preference loaded: mode=default, lang=(none)
[07:47:58.547] Keyboard hook handle: 0xD6610BB
[07:47:58.547] Mouse hook handle: 0xF6C0EED
[07:47:58.549] OnLoadedCore start
[07:48:00.654] ChildHwnd = 0xA0FD0
[07:48:00.654] Calling AttachAsync
[07:48:00.665] AttachAsync succeeded
[07:48:00.666] Connecting IPC to pipe: pitflix-wid-33a92a22dbb1466c974b73540d2bcf8b
[07:48:00.710] MpvIpcClient connected to \\.\pipe\pitflix-wid-33a92a22dbb1466c974b73540d2bcf8b
[07:48:00.902] OnLoadedCore complete
[07:48:01.055] BuildFolderPlaylist: scanned 29 video file(s) in 'F:\Series\Engilsh\The Pitt'
[07:48:01.056] BuildFolderPlaylist: queued 29 files; current at idx 27 — prev/next now visible
[07:48:03.974] Session stopped — entering pre-warm hide
[07:48:04.701] MpvIpcClient disposed
[07:48:04.701] Window closed
[07:59:04.823] App starting
[07:59:04.830] Subtitle preference loaded: mode=default, lang=(none)
[07:59:05.279] Keyboard hook handle: 0x37809A5
[07:59:05.280] Mouse hook handle: 0x352D1397
[07:59:05.281] OnLoadedCore start
[07:59:07.385] ChildHwnd = 0xA0FF8
[07:59:07.385] Calling AttachAsync
[07:59:07.396] AttachAsync succeeded
[07:59:07.396] Connecting IPC to pipe: pitflix-wid-f64f8ce769f74543ae715315dd88960e
[07:59:07.437] MpvIpcClient connected to \\.\pipe\pitflix-wid-f64f8ce769f74543ae715315dd88960e
[07:59:07.630] OnLoadedCore complete
[07:59:07.797] BuildFolderPlaylist: scanned 29 video file(s) in 'F:\Series\Engilsh\The Pitt'
[07:59:07.798] BuildFolderPlaylist: queued 29 files; current at idx 2 — prev/next now visible
[08:24:30.983] App starting
[08:24:30.991] Subtitle preference loaded: mode=default, lang=(none)
[08:24:31.469] Keyboard hook handle: 0x36C1275
[08:24:31.470] Mouse hook handle: 0xC091C
[08:24:31.473] OnLoadedCore start
[08:24:33.583] ChildHwnd = 0x9102A
[08:24:33.583] Calling AttachAsync
[08:24:33.609] AttachAsync succeeded
[08:24:33.609] Connecting IPC to pipe: pitflix-wid-e0655f898cbe427a81787b8267136000
[08:24:33.649] MpvIpcClient connected to \\.\pipe\pitflix-wid-e0655f898cbe427a81787b8267136000
[08:24:33.881] OnLoadedCore complete
[08:24:34.046] BuildFolderPlaylist: scanned 29 video file(s) in 'F:\Series\Engilsh\The Pitt'
[08:24:34.047] BuildFolderPlaylist: queued 29 files; current at idx 2 — prev/next now visible
[08:25:01.178] Session stopped — entering pre-warm hide
[08:25:02.076] MpvIpcClient disposed
[08:25:02.077] Window closed
[09:13:03.779] App starting
[09:13:03.786] Subtitle preference loaded: mode=default, lang=(none)
[09:13:04.186] Keyboard hook handle: 0x1D90D82
[09:13:04.187] Mouse hook handle: 0x812E8
[09:13:04.190] OnLoadedCore start
[09:13:06.306] ChildHwnd = 0x5070E60
[09:13:06.306] Calling AttachAsync
[09:13:06.322] AttachAsync succeeded
[09:13:06.323] Connecting IPC to pipe: pitflix-wid-b29e2d890f8043cfbad2adcdf9e4ca32
[09:13:06.359] MpvIpcClient connected to \\.\pipe\pitflix-wid-b29e2d890f8043cfbad2adcdf9e4ca32
[09:13:06.564] OnLoadedCore complete
[09:13:06.728] BuildFolderPlaylist: scanned 29 video file(s) in 'F:\Series\Engilsh\The Pitt'
[09:13:06.730] BuildFolderPlaylist: queued 29 files; current at idx 27 — prev/next now visible
[09:14:36.266] ShellThumbnail: invoking screenshot-script for 'The Pitt S02E03 720p 10bit WEBRip 2CH x265 HEVC-PSA.mkv'
[09:14:36.281] ShellThumbnail: invoking screenshot-script for 'The Pitt S02E13 720p 10bit WEBRip 2CH x265 HEVC-PSA.mkv'
[09:14:36.289] ShellThumbnail: invoking screenshot-script for 'The Pitt S02E08 720p 10bit WEBRip 2CH x265 HEVC-PSA.mkv'
[09:14:36.311] ShellThumbnail: invoking screenshot-script for 'The Pitt S02E09 720p 10bit WEBRip 2CH x265 HEVC-PSA.mkv'
[09:14:36.314] ShellThumbnail: invoking screenshot-script for 'The Pitt S02E12 720p 10bit WEBRip 2CH x265 HEVC-PSA.mkv'
[09:14:36.431] ShellThumbnail: invoking screenshot-script for 'The Pitt S02E05 720p 10bit WEBRip 2CH x265 HEVC-PSA.mkv'
[09:14:36.431] ShellThumbnail: invoking screenshot-script for 'The Pitt S02E15 720p 10bit WEBRip 2CH x265 HEVC-PSA.mkv'
[09:14:36.508] ShellThumbnail: invoking screenshot-script for 'The Pitt S02E07 720p 10bit WEBRip 2CH x265 HEVC-PSA.mkv'
[09:14:36.883] ShellThumbnail: invoking screenshot-script for 'The.Pitt.S01E11.720p.10bit.WEBRip.2CH.x265.HEVC-PSA.mkv'
[09:14:36.900] ShellThumbnail: invoking screenshot-script for 'The.Pitt.S01E12.720p.10bit.WEBRip.2CH.x265.HEVC-PSA.mkv'
[09:14:36.906] ShellThumbnail: invoking screenshot-script for 'The.Pitt.S01E09.720p.10bit.WEBRip.2CH.x265.HEVC-PSA.mkv'
[09:14:36.928] ShellThumbnail: invoking screenshot-script for 'The.Pitt.S01E13.720p.10bit.WEBRip.2CH.x265.HEVC-PSA.mkv'
[09:14:36.977] ShellThumbnail: invoking screenshot-script for 'The.Pitt.S01E10.720p.10bit.WEBRip.2CH.x265.HEVC-PSA.mkv'
[09:14:37.032] ShellThumbnail: invoking screenshot-script for 'The.Pitt.S01E08.720p.10bit.WEBRip.2CH.x265.HEVC-PSA.mkv'
[09:14:37.066] ShellThumbnail: invoking screenshot-script for 'The.Pitt.S01E07.720p.10bit.WEBRip.2CH.x265.HEVC-PSA.mkv'
[09:14:37.128] ShellThumbnail: invoking screenshot-script for 'The.Pitt.S01E06.720p.10bit.WEBRip.2CH.x265.HEVC-PSA.mkv'
[09:14:37.152] ShellThumbnail: invoking screenshot-script for 'The.Pitt.S01E04.720p.10bit.WEBRip.2CH.x265.HEVC-PSA.mkv'
[09:14:37.218] ShellThumbnail: invoking screenshot-script for 'The.Pitt.S01E14.720p.10bit.WEBRip.2CH.x265.HEVC-PSA.mkv'
[09:14:37.228] ShellThumbnail: invoking screenshot-script for 'The.Pitt.S01E03.720p.10bit.WEBRip.2CH.x265.HEVC-PSA.mkv'
[09:14:37.247] ShellThumbnail: invoking screenshot-script for 'The.Pitt.S01E15.720p.10bit.WEBRip.2CH.x265.HEVC-PSA.mkv'
[09:14:37.291] ShellThumbnail: invoking screenshot-script for 'The.Pitt.S02E01.720p.10bit.WEBRip.2CH.x265.HEVC-PSA.mkv'
[09:14:37.339] ShellThumbnail: invoking screenshot-script for 'The.Pitt.S02E02.720p.10bit.WEBRip.2CH.x265.HEVC-PSA.mkv'
[09:14:37.343] ShellThumbnail: script attempt failed (exit=0); stderr: 
[09:14:37.345] ShellThumbnail: invoking mpv.exe --no-config --no-audio --no-sub --quiet --no-resume-playback --frames=1 --start=120 --vf-add=scale=256:-2 --of=image2 --ovc=mjpeg --o=C:\Users\Abd Allah\AppData\Local\PitflixPlayer\thumbs\E146A6AA5EB4A574052D06E753EA9A6932892D89.jpg F:\Series\Engilsh\The Pitt\The Pitt S02E07 720p 10bit WEBRip 2CH x265 HEVC-PSA.mkv
[09:14:37.405] ShellThumbnail: invoking screenshot-script for 'The.Pitt.S02E04.720p.10bit.WEBRip.2CH.x265.HEVC-PSA.mkv'
[09:14:37.433] ShellThumbnail: script attempt failed (exit=0); stderr: 
[09:14:37.434] ShellThumbnail: invoking mpv.exe --no-config --no-audio --no-sub --quiet --no-resume-playback --frames=1 --start=120 --vf-add=scale=256:-2 --of=image2 --ovc=mjpeg --o=C:\Users\Abd Allah\AppData\Local\PitflixPlayer\thumbs\299CFEC111B919A491DB99A3B8125215E4666EAD.jpg F:\Series\Engilsh\The Pitt\The.Pitt.S01E08.720p.10bit.WEBRip.2CH.x265.HEVC-PSA.mkv
[09:14:37.434] ShellThumbnail: invoking mpv.exe --no-config --no-audio --no-sub --quiet --no-resume-playback --frames=1 --start=120 --vf-add=scale=256:-2 --of=image2 --ovc=mjpeg --o=C:\Users\Abd Allah\AppData\Local\PitflixPlayer\thumbs\55C88C90D62A87ECC4FC3353F638DF2AEA4DF62F.jpg F:\Series\Engilsh\The Pitt\The Pitt S02E03 720p 10bit WEBRip 2CH x265 HEVC-PSA.mkv
[09:14:37.502] ShellThumbnail: invoking screenshot-script for 'The.Pitt.S01E05.720p.10bit.WEBRip.2CH.x265.HEVC-PSA.mkv'
[09:14:37.507] ShellThumbnail: invoking screenshot-script for 'The.Pitt.S01E02.720p.10bit.WEBRip.2CH.x265.HEVC-PSA.mkv'
[09:14:37.554] ShellThumbnail: script attempt failed (exit=0); stderr: 
[09:14:37.557] ShellThumbnail: invoking mpv.exe --no-config --no-audio --no-sub --quiet --no-resume-playback --frames=1 --start=120 --vf-add=scale=256:-2 --of=image2 --ovc=mjpeg --o=C:\Users\Abd Allah\AppData\Local\PitflixPlayer\thumbs\07A9C809BA1193962E79905BEFDF6B38542F6554.jpg F:\Series\Engilsh\The Pitt\The.Pitt.S01E04.720p.10bit.WEBRip.2CH.x265.HEVC-PSA.mkv
[09:14:37.559] ShellThumbnail: script attempt failed (exit=0); stderr: 
[09:14:37.560] ShellThumbnail: invoking mpv.exe --no-config --no-audio --no-sub --quiet --no-resume-playback --frames=1 --start=120 --vf-add=scale=256:-2 --of=image2 --ovc=mjpeg --o=C:\Users\Abd Allah\AppData\Local\PitflixPlayer\thumbs\455E3BD1803432E08ACB0D778043D430796598EA.jpg F:\Series\Engilsh\The Pitt\The.Pitt.S01E14.720p.10bit.WEBRip.2CH.x265.HEVC-PSA.mkv
[09:14:37.724] ShellThumbnail: script attempt failed (exit=0); stderr: 
[09:14:37.727] ShellThumbnail: invoking mpv.exe --no-config --no-audio --no-sub --quiet --no-resume-playback --frames=1 --start=120 --vf-add=scale=256:-2 --of=image2 --ovc=mjpeg --o=C:\Users\Abd Allah\AppData\Local\PitflixPlayer\thumbs\9207373CD7364DE8C3B1FC7F19D29662EEB07741.jpg F:\Series\Engilsh\The Pitt\The.Pitt.S01E15.720p.10bit.WEBRip.2CH.x265.HEVC-PSA.mkv
[09:14:37.797] ShellThumbnail: script attempt failed (exit=0); stderr: 
[09:14:37.799] ShellThumbnail: invoking mpv.exe --no-config --no-audio --no-sub --quiet --no-resume-playback --frames=1 --start=120 --vf-add=scale=256:-2 --of=image2 --ovc=mjpeg --o=C:\Users\Abd Allah\AppData\Local\PitflixPlayer\thumbs\B941AF28C13C52F18A1BCC6555D332A5787F5356.jpg F:\Series\Engilsh\The Pitt\The Pitt S02E13 720p 10bit WEBRip 2CH x265 HEVC-PSA.mkv
[09:14:37.827] ShellThumbnail: script attempt failed (exit=0); stderr: 
[09:14:37.829] ShellThumbnail: invoking mpv.exe --no-config --no-audio --no-sub --quiet --no-resume-playback --frames=1 --start=120 --vf-add=scale=256:-2 --of=image2 --ovc=mjpeg --o=C:\Users\Abd Allah\AppData\Local\PitflixPlayer\thumbs\310D5AFF6B52802A4FDA6B708C5674D9A0A504F0.jpg F:\Series\Engilsh\The Pitt\The.Pitt.S01E02.720p.10bit.WEBRip.2CH.x265.HEVC-PSA.mkv
[09:14:37.888] ShellThumbnail: script attempt failed (exit=0); stderr: 
[09:14:37.890] ShellThumbnail: invoking mpv.exe --no-config --no-audio --no-sub --quiet --no-resume-playback --frames=1 --start=120 --vf-add=scale=256:-2 --of=image2 --ovc=mjpeg --o=C:\Users\Abd Allah\AppData\Local\PitflixPlayer\thumbs\195413554CFF7230439D03E469048F02F823D41F.jpg F:\Series\Engilsh\The Pitt\The Pitt S02E14 720p 10bit WEBRip 2CH x265 HEVC-PSA.mkv
[09:14:37.890] ShellThumbnail: invoking mpv.exe --no-config --no-audio --no-sub --quiet --no-resume-playback --frames=1 --start=120 --vf-add=scale=256:-2 --of=image2 --ovc=mjpeg --o=C:\Users\Abd Allah\AppData\Local\PitflixPlayer\thumbs\65197920E41298C214D02D560E99C3A19882256A.jpg F:\Series\Engilsh\The Pitt\The.Pitt.S02E02.720p.10bit.WEBRip.2CH.x265.HEVC-PSA.mkv
[09:14:38.421] ShellThumbnail: script attempt failed (exit=0); stderr: 
[09:14:38.423] ShellThumbnail: invoking mpv.exe --no-config --no-audio --no-sub --quiet --no-resume-playback --frames=1 --start=120 --vf-add=scale=256:-2 --of=image2 --ovc=mjpeg --o=C:\Users\Abd Allah\AppData\Local\PitflixPlayer\thumbs\4031D4A097518407DF2B07B467FEB23FCDD7751F.jpg F:\Series\Engilsh\The Pitt\The.Pitt.S01E09.720p.10bit.WEBRip.2CH.x265.HEVC-PSA.mkv
[09:14:38.423] ShellThumbnail: invoking mpv.exe --no-config --no-audio --no-sub --quiet --no-resume-playback --frames=1 --start=120 --vf-add=scale=256:-2 --of=image2 --ovc=mjpeg --o=C:\Users\Abd Allah\AppData\Local\PitflixPlayer\thumbs\936C964C9755D7FA72A56865439DF1FE61EDA452.jpg F:\Series\Engilsh\The Pitt\The.Pitt.S01E06.720p.10bit.WEBRip.2CH.x265.HEVC-PSA.mkv
[09:14:38.425] ShellThumbnail: encoding-mode attempt failed for 'The Pitt S02E03 720p 10bit WEBRip 2CH x265 HEVC-PSA.mkv' (exit=2); stderr: 
[09:14:38.425] ShellThumbnail: trying --vo=image fallback for 'The Pitt S02E03 720p 10bit WEBRip 2CH x265 HEVC-PSA.mkv'
[09:14:39.640] ShellThumbnail: encoding-mode attempt failed for 'The Pitt S02E07 720p 10bit WEBRip 2CH x265 HEVC-PSA.mkv' (exit=2); stderr: 
[09:14:39.640] ShellThumbnail: trying --vo=image fallback for 'The Pitt S02E07 720p 10bit WEBRip 2CH x265 HEVC-PSA.mkv'
[09:14:39.641] ShellThumbnail: invoking mpv.exe --no-config --no-audio --no-sub --quiet --no-resume-playback --frames=1 --start=120 --vf-add=scale=256:-2 --of=image2 --ovc=mjpeg --o=C:\Users\Abd Allah\AppData\Local\PitflixPlayer\thumbs\BD28802F0DF11FDB5F3D20A98F28BF3243B4D024.jpg F:\Series\Engilsh\The Pitt\The.Pitt.S02E01.720p.10bit.WEBRip.2CH.x265.HEVC-PSA.mkv
[09:14:39.785] ShellThumbnail: encoding-mode attempt failed for 'The Pitt S02E14 720p 10bit WEBRip 2CH x265 HEVC-PSA.mkv' (exit=2); stderr: 
[09:14:39.785] ShellThumbnail: trying --vo=image fallback for 'The Pitt S02E14 720p 10bit WEBRip 2CH x265 HEVC-PSA.mkv'
[09:14:39.974] ShellThumbnail: encoding-mode attempt failed for 'The.Pitt.S01E14.720p.10bit.WEBRip.2CH.x265.HEVC-PSA.mkv' (exit=2); stderr: 
[09:14:39.974] ShellThumbnail: trying --vo=image fallback for 'The.Pitt.S01E14.720p.10bit.WEBRip.2CH.x265.HEVC-PSA.mkv'
[09:14:40.087] ShellThumbnail: encoding-mode attempt failed for 'The.Pitt.S01E08.720p.10bit.WEBRip.2CH.x265.HEVC-PSA.mkv' (exit=2); stderr: 
[09:14:40.087] ShellThumbnail: trying --vo=image fallback for 'The.Pitt.S01E08.720p.10bit.WEBRip.2CH.x265.HEVC-PSA.mkv'
[09:14:40.089] ShellThumbnail: invoking mpv.exe --no-config --no-audio --no-sub --quiet --no-resume-playback --frames=1 --start=120 --vf-add=scale=256:-2 --of=image2 --ovc=mjpeg --o=C:\Users\Abd Allah\AppData\Local\PitflixPlayer\thumbs\4BE9843FE03C0AFD4D12067257285C9F4816DFBF.jpg F:\Series\Engilsh\The Pitt\The.Pitt.S02E04.720p.10bit.WEBRip.2CH.x265.HEVC-PSA.mkv
[09:14:40.123] ShellThumbnail: script attempt failed (exit=0); stderr: 
[09:14:40.125] ShellThumbnail: invoking mpv.exe --no-config --no-audio --no-sub --quiet --no-resume-playback --frames=1 --start=120 --vf-add=scale=256:-2 --of=image2 --ovc=mjpeg --o=C:\Users\Abd Allah\AppData\Local\PitflixPlayer\thumbs\6AF3F08DD7194BF748F68F2519C9A2E3B218BE46.jpg F:\Series\Engilsh\The Pitt\The.Pitt.S01E11.720p.10bit.WEBRip.2CH.x265.HEVC-PSA.mkv
[09:14:40.128] ShellThumbnail: encoding-mode attempt failed for 'The.Pitt.S01E03.720p.10bit.WEBRip.2CH.x265.HEVC-PSA.mkv' (exit=2); stderr: 
[09:14:40.129] ShellThumbnail: trying --vo=image fallback for 'The.Pitt.S01E03.720p.10bit.WEBRip.2CH.x265.HEVC-PSA.mkv'
[09:14:40.133] ShellThumbnail: encoding-mode attempt failed for 'The.Pitt.S01E06.720p.10bit.WEBRip.2CH.x265.HEVC-PSA.mkv' (exit=2); stderr: 
[09:14:40.134] ShellThumbnail: trying --vo=image fallback for 'The.Pitt.S01E06.720p.10bit.WEBRip.2CH.x265.HEVC-PSA.mkv'
[09:14:40.180] ShellThumbnail: --vo=image attempt also failed (exit=1); stderr: 
[09:14:40.182] ShellThumbnail: invoking mpv.exe --no-config --no-audio --no-sub --quiet --no-resume-playback --frames=1 --start=120 --vf-add=scale=256:-2 --of=image2 --ovc=mjpeg --o=C:\Users\Abd Allah\AppData\Local\PitflixPlayer\thumbs\D9155E9A25D0F15B7E815AF2BA649DA36B21A86A.jpg F:\Series\Engilsh\The Pitt\The.Pitt.S01E10.720p.10bit.WEBRip.2CH.x265.HEVC-PSA.mkv
[09:14:40.209] ShellThumbnail: encoding-mode attempt failed for 'The Pitt S02E12 720p 10bit WEBRip 2CH x265 HEVC-PSA.mkv' (exit=2); stderr: 
[09:14:40.210] ShellThumbnail: trying --vo=image fallback for 'The Pitt S02E12 720p 10bit WEBRip 2CH x265 HEVC-PSA.mkv'
[09:14:40.259] ShellThumbnail: encoding-mode attempt failed for 'The Pitt S02E13 720p 10bit WEBRip 2CH x265 HEVC-PSA.mkv' (exit=2); stderr: 
[09:14:40.259] ShellThumbnail: trying --vo=image fallback for 'The Pitt S02E13 720p 10bit WEBRip 2CH x265 HEVC-PSA.mkv'
[09:14:40.260] ShellThumbnail: script attempt failed (exit=0); stderr: 
[09:14:40.261] ShellThumbnail: invoking mpv.exe --no-config --no-audio --no-sub --quiet --no-resume-playback --frames=1 --start=120 --vf-add=scale=256:-2 --of=image2 --ovc=mjpeg --o=C:\Users\Abd Allah\AppData\Local\PitflixPlayer\thumbs\58FCB6F1921F599AAF898DA489AE68F22E5DC22A.jpg F:\Series\Engilsh\The Pitt\The.Pitt.S01E12.720p.10bit.WEBRip.2CH.x265.HEVC-PSA.mkv
[09:14:40.432] ShellThumbnail: --vo=image attempt also failed (exit=1); stderr: 
[09:14:40.432] ShellThumbnail: trying --vo=image fallback for 'The.Pitt.S01E02.720p.10bit.WEBRip.2CH.x265.HEVC-PSA.mkv'
[09:14:40.434] ShellThumbnail: invoking mpv.exe --no-config --no-audio --no-sub --quiet --no-resume-playback --frames=1 --start=120 --vf-add=scale=256:-2 --of=image2 --ovc=mjpeg --o=C:\Users\Abd Allah\AppData\Local\PitflixPlayer\thumbs\9C270355E6B0D745657872930D8B4ED263A6D017.jpg F:\Series\Engilsh\The Pitt\The Pitt S02E10 720p 10bit WEBRip 2CH x265 HEVC-PSA.mkv
[09:14:40.513] ShellThumbnail: encoding-mode attempt failed for 'The.Pitt.S01E15.720p.10bit.WEBRip.2CH.x265.HEVC-PSA.mkv' (exit=2); stderr: 
[09:14:40.513] ShellThumbnail: trying --vo=image fallback for 'The.Pitt.S02E02.720p.10bit.WEBRip.2CH.x265.HEVC-PSA.mkv'
[09:14:40.518] ShellThumbnail: encoding-mode attempt failed for 'The.Pitt.S02E01.720p.10bit.WEBRip.2CH.x265.HEVC-PSA.mkv' (exit=2); stderr: 
[09:14:40.519] ShellThumbnail: trying --vo=image fallback for 'The.Pitt.S02E01.720p.10bit.WEBRip.2CH.x265.HEVC-PSA.mkv'
[09:14:40.702] ShellThumbnail: script attempt failed (exit=0); stderr: 
[09:14:40.703] ShellThumbnail: invoking mpv.exe --no-config --no-audio --no-sub --quiet --no-resume-playback --frames=1 --start=120 --vf-add=scale=256:-2 --of=image2 --ovc=mjpeg --o=C:\Users\Abd Allah\AppData\Local\PitflixPlayer\thumbs\5DE2830EC136DFDC6ED2B788E845DA18F0489AC2.jpg F:\Series\Engilsh\The Pitt\The.Pitt.S01E01.720p.10bit.WEBRip.2CH.x265.HEVC-PSA.mkv
[09:14:40.746] ShellThumbnail: --vo=image attempt also failed (exit=1); stderr: 
[09:14:41.042] ShellThumbnail: --vo=image attempt also failed (exit=1); stderr: 
[09:14:41.042] ShellThumbnail: script attempt failed (exit=0); stderr: 
[09:14:41.043] ShellThumbnail: invoking mpv.exe --no-config --no-audio --no-sub --quiet --no-resume-playback --frames=1 --start=120 --vf-add=scale=256:-2 --of=image2 --ovc=mjpeg --o=C:\Users\Abd Allah\AppData\Local\PitflixPlayer\thumbs\2CA0BCE559A9BB0CDF7FA0001FB0B877F8DB89EC.jpg F:\Series\Engilsh\The Pitt\The Pitt S02E06 720p 10bit WEBRip 2CH x265 HEVC-PSA.mkv
[09:14:41.046] ShellThumbnail: encoding-mode attempt failed for 'The Pitt S02E09 720p 10bit WEBRip 2CH x265 HEVC-PSA.mkv' (exit=2); stderr: 
[09:14:41.046] ShellThumbnail: trying --vo=image fallback for 'The Pitt S02E09 720p 10bit WEBRip 2CH x265 HEVC-PSA.mkv'
[09:14:41.047] ShellThumbnail: script attempt failed (exit=0); stderr: 
[09:14:41.048] ShellThumbnail: invoking mpv.exe --no-config --no-audio --no-sub --quiet --no-resume-playback --frames=1 --start=120 --vf-add=scale=256:-2 --of=image2 --ovc=mjpeg --o=C:\Users\Abd Allah\AppData\Local\PitflixPlayer\thumbs\AB49124AFE43B51BFB1EA76B9519D0541D44B410.jpg F:\Series\Engilsh\The Pitt\The Pitt S02E05 720p 10bit WEBRip 2CH x265 HEVC-PSA.mkv
[09:14:41.090] ShellThumbnail: encoding-mode attempt failed for 'The.Pitt.S01E09.720p.10bit.WEBRip.2CH.x265.HEVC-PSA.mkv' (exit=2); stderr: 
[09:14:41.090] ShellThumbnail: trying --vo=image fallback for 'The.Pitt.S01E09.720p.10bit.WEBRip.2CH.x265.HEVC-PSA.mkv'
[09:14:41.091] ShellThumbnail: invoking mpv.exe --no-config --no-audio --no-sub --quiet --no-resume-playback --frames=1 --start=120 --vf-add=scale=256:-2 --of=image2 --ovc=mjpeg --o=C:\Users\Abd Allah\AppData\Local\PitflixPlayer\thumbs\8CF0238E8DD12C66C1FC3222F2A79555E1047C9E.jpg F:\Series\Engilsh\The Pitt\The.Pitt.S01E13.720p.10bit.WEBRip.2CH.x265.HEVC-PSA.mkv
[09:14:41.096] ShellThumbnail: encoding-mode attempt failed for 'The.Pitt.S01E11.720p.10bit.WEBRip.2CH.x265.HEVC-PSA.mkv' (exit=2); stderr: 
[09:14:41.096] ShellThumbnail: trying --vo=image fallback for 'The.Pitt.S01E11.720p.10bit.WEBRip.2CH.x265.HEVC-PSA.mkv'
[09:14:41.197] ShellThumbnail: --vo=image attempt also failed (exit=1); stderr: 
[09:14:41.202] ShellThumbnail: encoding-mode attempt failed for 'The.Pitt.S01E12.720p.10bit.WEBRip.2CH.x265.HEVC-PSA.mkv' (exit=2); stderr: 
[09:14:41.202] ShellThumbnail: trying --vo=image fallback for 'The.Pitt.S01E12.720p.10bit.WEBRip.2CH.x265.HEVC-PSA.mkv'
[09:14:41.451] ShellThumbnail: --vo=image attempt also failed (exit=1); stderr: 
[09:14:41.459] ShellThumbnail: script attempt failed (exit=0); stderr: 
[09:14:41.459] ShellThumbnail: trying --vo=image fallback for 'The Pitt S02E15 720p 10bit WEBRip 2CH x265 HEVC-PSA.mkv'
[09:14:41.460] ShellThumbnail: invoking mpv.exe --no-config --no-audio --no-sub --quiet --no-resume-playback --frames=1 --start=120 --vf-add=scale=256:-2 --of=image2 --ovc=mjpeg --o=C:\Users\Abd Allah\AppData\Local\PitflixPlayer\thumbs\DA5329B8C7D45ED538DB26E0A9B6E49991080DE7.jpg F:\Series\Engilsh\The Pitt\The Pitt S02E08 720p 10bit WEBRip 2CH x265 HEVC-PSA.mkv
[09:14:41.702] ShellThumbnail: script attempt failed (exit=0); stderr: 
[09:14:41.703] ShellThumbnail: invoking mpv.exe --no-config --no-audio --no-sub --quiet --no-resume-playback --frames=1 --start=120 --vf-add=scale=256:-2 --of=image2 --ovc=mjpeg --o=C:\Users\Abd Allah\AppData\Local\PitflixPlayer\thumbs\1667C7117E625F994D4575065FEA1EB10285C489.jpg F:\Series\Engilsh\The Pitt\The.Pitt.S01E05.720p.10bit.WEBRip.2CH.x265.HEVC-PSA.mkv
[09:14:41.705] ShellThumbnail: --vo=image attempt also failed (exit=1); stderr: 
[09:14:41.711] ShellThumbnail: encoding-mode attempt failed for 'The.Pitt.S01E01.720p.10bit.WEBRip.2CH.x265.HEVC-PSA.mkv' (exit=2); stderr: 
[09:14:41.711] ShellThumbnail: trying --vo=image fallback for 'The.Pitt.S01E01.720p.10bit.WEBRip.2CH.x265.HEVC-PSA.mkv'
[09:14:41.901] ShellThumbnail: encoding-mode attempt failed for 'The Pitt S02E10 720p 10bit WEBRip 2CH x265 HEVC-PSA.mkv' (exit=2); stderr: 
[09:14:41.901] ShellThumbnail: trying --vo=image fallback for 'The Pitt S02E10 720p 10bit WEBRip 2CH x265 HEVC-PSA.mkv'
[09:14:42.025] ShellThumbnail: --vo=image attempt also failed (exit=1); stderr: 
[09:14:42.025] ShellThumbnail: trying --vo=image fallback for 'The.Pitt.S01E04.720p.10bit.WEBRip.2CH.x265.HEVC-PSA.mkv'
[09:14:42.061] ShellThumbnail: --vo=image attempt also failed (exit=1); stderr: 
[09:14:42.062] ShellThumbnail: encoding-mode attempt failed for 'The.Pitt.S01E10.720p.10bit.WEBRip.2CH.x265.HEVC-PSA.mkv' (exit=2); stderr: 
[09:14:42.063] ShellThumbnail: trying --vo=image fallback for 'The.Pitt.S02E04.720p.10bit.WEBRip.2CH.x265.HEVC-PSA.mkv'
[09:14:42.066] ShellThumbnail: encoding-mode attempt failed for 'The Pitt S02E06 720p 10bit WEBRip 2CH x265 HEVC-PSA.mkv' (exit=2); stderr: 
[09:14:42.067] ShellThumbnail: trying --vo=image fallback for 'The Pitt S02E06 720p 10bit WEBRip 2CH x265 HEVC-PSA.mkv'
[09:14:42.088] ShellThumbnail: script attempt failed (exit=0); stderr: 
[09:14:42.089] ShellThumbnail: invoking mpv.exe --no-config --no-audio --no-sub --quiet --no-resume-playback --frames=1 --start=120 --vf-add=scale=256:-2 --of=image2 --ovc=mjpeg --o=C:\Users\Abd Allah\AppData\Local\PitflixPlayer\thumbs\40809C58E2CABB0AF3D1720ECFA0A5BAEC7A3A2E.jpg F:\Series\Engilsh\The Pitt\The.Pitt.S01E07.720p.10bit.WEBRip.2CH.x265.HEVC-PSA.mkv
[09:14:42.093] ShellThumbnail: encoding-mode attempt failed for 'The Pitt S02E05 720p 10bit WEBRip 2CH x265 HEVC-PSA.mkv' (exit=2); stderr: 
[09:14:42.093] ShellThumbnail: trying --vo=image fallback for 'The Pitt S02E05 720p 10bit WEBRip 2CH x265 HEVC-PSA.mkv'
[09:14:42.134] ShellThumbnail: --vo=image attempt also failed (exit=1); stderr: 
[09:14:42.139] ShellThumbnail: encoding-mode attempt failed for 'The.Pitt.S01E13.720p.10bit.WEBRip.2CH.x265.HEVC-PSA.mkv' (exit=2); stderr: 
[09:14:42.139] ShellThumbnail: trying --vo=image fallback for 'The.Pitt.S01E13.720p.10bit.WEBRip.2CH.x265.HEVC-PSA.mkv'
[09:14:42.195] ShellThumbnail: --vo=image attempt also failed (exit=1); stderr: 
[09:14:42.210] ShellThumbnail: --vo=image attempt also failed (exit=1); stderr: 
[09:14:42.213] ShellThumbnail: --vo=image attempt also failed (exit=1); stderr: 
[09:14:42.227] ShellThumbnail: --vo=image attempt also failed (exit=1); stderr: 
[09:14:42.227] ShellThumbnail: --vo=image attempt also failed (exit=1); stderr: 
[09:14:42.232] ShellThumbnail: encoding-mode attempt failed for 'The Pitt S02E08 720p 10bit WEBRip 2CH x265 HEVC-PSA.mkv' (exit=2); stderr: 
[09:14:42.232] ShellThumbnail: trying --vo=image fallback for 'The Pitt S02E08 720p 10bit WEBRip 2CH x265 HEVC-PSA.mkv'
[09:14:42.274] ShellThumbnail: --vo=image attempt also failed (exit=1); stderr: 
[09:14:42.350] ShellThumbnail: --vo=image attempt also failed (exit=1); stderr: 
[09:14:42.400] ShellThumbnail: encoding-mode attempt failed for 'The.Pitt.S01E05.720p.10bit.WEBRip.2CH.x265.HEVC-PSA.mkv' (exit=2); stderr: 
[09:14:42.401] ShellThumbnail: trying --vo=image fallback for 'The.Pitt.S01E05.720p.10bit.WEBRip.2CH.x265.HEVC-PSA.mkv'
[09:14:42.442] ShellThumbnail: encoding-mode attempt failed for 'The.Pitt.S01E07.720p.10bit.WEBRip.2CH.x265.HEVC-PSA.mkv' (exit=2); stderr: 
[09:14:42.442] ShellThumbnail: trying --vo=image fallback for 'The.Pitt.S01E07.720p.10bit.WEBRip.2CH.x265.HEVC-PSA.mkv'
[09:14:42.485] ShellThumbnail: --vo=image attempt also failed (exit=1); stderr: 
[09:14:42.530] ShellThumbnail: --vo=image attempt also failed (exit=1); stderr: 
[09:30:49.690] App starting
[09:30:49.697] Subtitle preference loaded: mode=default, lang=(none)
[09:30:50.097] Keyboard hook handle: 0xF11E0
[09:30:50.097] Mouse hook handle: 0x1F1202
[09:30:50.099] OnLoadedCore start
[09:30:52.197] ChildHwnd = 0x171274
[09:30:52.197] Calling AttachAsync
[09:30:52.214] AttachAsync succeeded
[09:30:52.214] Connecting IPC to pipe: pitflix-wid-5a6dd09d4a774d31881f14976aa5bcad
[09:30:52.248] MpvIpcClient connected to \\.\pipe\pitflix-wid-5a6dd09d4a774d31881f14976aa5bcad
[09:30:52.446] OnLoadedCore complete
[09:30:52.609] BuildFolderPlaylist: scanned 29 video file(s) in 'F:\Series\Engilsh\The Pitt'
[09:30:52.615] BuildFolderPlaylist: queued 29 files; current at idx 27 — prev/next now visible
[09:31:11.653] Session stopped — entering pre-warm hide
[09:31:12.221] MpvIpcClient disposed
[09:31:12.221] Window closed
[02:20:51.765] App starting
[02:20:51.788] Subtitle preference loaded: mode=default, lang=(none)
[02:20:52.156] Keyboard hook handle: 0x2A90F34
[02:20:52.157] Mouse hook handle: 0xA0B40
[02:20:52.158] OnLoadedCore start
[02:20:54.251] ChildHwnd = 0x25F0CDC
[02:20:54.251] Calling AttachAsync
[02:20:54.634] AttachAsync succeeded
[02:20:54.635] Connecting IPC to pipe: pitflix-wid-8630a03a907442dab663ed7139eb4125
[02:20:55.026] MpvIpcClient connected to \\.\pipe\pitflix-wid-8630a03a907442dab663ed7139eb4125
[02:20:55.203] OnLoadedCore complete
[02:20:55.362] BuildFolderPlaylist: scanned 29 video file(s) in 'F:\Series\Engilsh\The Pitt'
[02:20:55.363] BuildFolderPlaylist: queued 29 files; current at idx 27 — prev/next now visible
[02:21:09.247] ShellThumbnail: invoking screenshot-script for 'The Pitt S02E13 720p 10bit WEBRip 2CH x265 HEVC-PSA.mkv'
[02:21:09.258] ShellThumbnail: invoking screenshot-script for 'The Pitt S02E14 720p 10bit WEBRip 2CH x265 HEVC-PSA.mkv'
[02:21:09.268] ShellThumbnail: invoking screenshot-script for 'The Pitt S02E06 720p 10bit WEBRip 2CH x265 HEVC-PSA.mkv'
[02:21:09.342] ShellThumbnail: invoking screenshot-script for 'The Pitt S02E05 720p 10bit WEBRip 2CH x265 HEVC-PSA.mkv'
[02:21:09.392] ShellThumbnail: invoking screenshot-script for 'The Pitt S02E12 720p 10bit WEBRip 2CH x265 HEVC-PSA.mkv'
[02:21:09.408] ShellThumbnail: invoking screenshot-script for 'The Pitt S02E08 720p 10bit WEBRip 2CH x265 HEVC-PSA.mkv'
[02:21:09.431] ShellThumbnail: invoking screenshot-script for 'The Pitt S02E07 720p 10bit WEBRip 2CH x265 HEVC-PSA.mkv'
[02:21:09.551] ShellThumbnail: invoking screenshot-script for 'The.Pitt.S01E03.720p.10bit.WEBRip.2CH.x265.HEVC-PSA.mkv'
[02:21:09.565] ShellThumbnail: invoking screenshot-script for 'The.Pitt.S01E01.720p.10bit.WEBRip.2CH.x265.HEVC-PSA.mkv'
[02:21:09.698] ShellThumbnail: invoking screenshot-script for 'The Pitt S02E09 720p 10bit WEBRip 2CH x265 HEVC-PSA.mkv'
[02:21:09.698] ShellThumbnail: invoking screenshot-script for 'The.Pitt.S01E04.720p.10bit.WEBRip.2CH.x265.HEVC-PSA.mkv'
[02:21:09.824] ShellThumbnail: invoking screenshot-script for 'The.Pitt.S01E05.720p.10bit.WEBRip.2CH.x265.HEVC-PSA.mkv'
[02:21:09.845] ShellThumbnail: invoking screenshot-script for 'The Pitt S02E03 720p 10bit WEBRip 2CH x265 HEVC-PSA.mkv'
[02:21:09.880] ShellThumbnail: invoking screenshot-script for 'The Pitt S02E15 720p 10bit WEBRip 2CH x265 HEVC-PSA.mkv'
[02:21:09.987] ShellThumbnail: invoking screenshot-script for 'The.Pitt.S01E07.720p.10bit.WEBRip.2CH.x265.HEVC-PSA.mkv'
[02:21:10.220] ShellThumbnail: invoking screenshot-script for 'The.Pitt.S01E10.720p.10bit.WEBRip.2CH.x265.HEVC-PSA.mkv'
[02:21:10.220] ShellThumbnail: invoking screenshot-script for 'The.Pitt.S01E09.720p.10bit.WEBRip.2CH.x265.HEVC-PSA.mkv'
[02:21:10.230] ShellThumbnail: invoking screenshot-script for 'The Pitt S02E10 720p 10bit WEBRip 2CH x265 HEVC-PSA.mkv'
[02:21:10.263] ShellThumbnail: invoking screenshot-script for 'The.Pitt.S01E02.720p.10bit.WEBRip.2CH.x265.HEVC-PSA.mkv'
[02:21:10.563] ShellThumbnail: script attempt failed (exit=0); stderr: 
[02:21:10.568] ShellThumbnail: invoking mpv.exe --no-config --no-audio --no-sub --quiet --no-resume-playback --frames=1 --start=120 --vf-add=scale=256:-2 --of=image2 --ovc=mjpeg --o=C:\Users\Abd Allah\AppData\Local\PitflixPlayer\thumbs\E146A6AA5EB4A574052D06E753EA9A6932892D89.jpg F:\Series\Engilsh\The Pitt\The Pitt S02E07 720p 10bit WEBRip 2CH x265 HEVC-PSA.mkv
[02:21:10.655] ShellThumbnail: script attempt failed (exit=0); stderr: 
[02:21:10.657] ShellThumbnail: invoking mpv.exe --no-config --no-audio --no-sub --quiet --no-resume-playback --frames=1 --start=120 --vf-add=scale=256:-2 --of=image2 --ovc=mjpeg --o=C:\Users\Abd Allah\AppData\Local\PitflixPlayer\thumbs\91D6AC2120B769137935F983889E858208600F3A.jpg F:\Series\Engilsh\The Pitt\The Pitt S02E09 720p 10bit WEBRip 2CH x265 HEVC-PSA.mkv
[02:21:10.657] ShellThumbnail: invoking mpv.exe --no-config --no-audio --no-sub --quiet --no-resume-playback --frames=1 --start=120 --vf-add=scale=256:-2 --of=image2 --ovc=mjpeg --o=C:\Users\Abd Allah\AppData\Local\PitflixPlayer\thumbs\4031D4A097518407DF2B07B467FEB23FCDD7751F.jpg F:\Series\Engilsh\The Pitt\The.Pitt.S01E09.720p.10bit.WEBRip.2CH.x265.HEVC-PSA.mkv
[02:21:10.660] ShellThumbnail: script attempt failed (exit=0); stderr: 
[02:21:10.661] ShellThumbnail: invoking mpv.exe --no-config --no-audio --no-sub --quiet --no-resume-playback --frames=1 --start=120 --vf-add=scale=256:-2 --of=image2 --ovc=mjpeg --o=C:\Users\Abd Allah\AppData\Local\PitflixPlayer\thumbs\299CFEC111B919A491DB99A3B8125215E4666EAD.jpg F:\Series\Engilsh\The Pitt\The.Pitt.S01E08.720p.10bit.WEBRip.2CH.x265.HEVC-PSA.mkv
[02:21:11.255] ShellThumbnail: invoking screenshot-script for 'The.Pitt.S02E04.720p.10bit.WEBRip.2CH.x265.HEVC-PSA.mkv'
[02:21:11.279] ShellThumbnail: invoking screenshot-script for 'The.Pitt.S02E02.720p.10bit.WEBRip.2CH.x265.HEVC-PSA.mkv'
[02:21:11.301] ShellThumbnail: invoking screenshot-script for 'The.Pitt.S01E15.720p.10bit.WEBRip.2CH.x265.HEVC-PSA.mkv'
[02:21:11.320] ShellThumbnail: invoking screenshot-script for 'The.Pitt.S02E01.720p.10bit.WEBRip.2CH.x265.HEVC-PSA.mkv'
[02:21:11.347] ShellThumbnail: invoking screenshot-script for 'The.Pitt.S01E12.720p.10bit.WEBRip.2CH.x265.HEVC-PSA.mkv'
[02:21:11.380] ShellThumbnail: invoking screenshot-script for 'The.Pitt.S01E13.720p.10bit.WEBRip.2CH.x265.HEVC-PSA.mkv'
[02:21:11.383] ShellThumbnail: script attempt failed (exit=0); stderr: 
[02:21:11.384] ShellThumbnail: invoking mpv.exe --no-config --no-audio --no-sub --quiet --no-resume-playback --frames=1 --start=120 --vf-add=scale=256:-2 --of=image2 --ovc=mjpeg --o=C:\Users\Abd Allah\AppData\Local\PitflixPlayer\thumbs\E613FFC7C5D412994AE2D2985AD505FC1266922A.jpg F:\Series\Engilsh\The Pitt\The Pitt S02E15 720p 10bit WEBRip 2CH x265 HEVC-PSA.mkv
[02:21:11.460] ShellThumbnail: invoking screenshot-script for 'The.Pitt.S01E14.720p.10bit.WEBRip.2CH.x265.HEVC-PSA.mkv'
[02:21:11.751] ShellThumbnail: invoking screenshot-script for 'The.Pitt.S01E11.720p.10bit.WEBRip.2CH.x265.HEVC-PSA.mkv'
[02:21:12.111] ShellThumbnail: script attempt failed (exit=0); stderr: 
[02:21:12.113] ShellThumbnail: invoking mpv.exe --no-config --no-audio --no-sub --quiet --no-resume-playback --frames=1 --start=120 --vf-add=scale=256:-2 --of=image2 --ovc=mjpeg --o=C:\Users\Abd Allah\AppData\Local\PitflixPlayer\thumbs\5DE2830EC136DFDC6ED2B788E845DA18F0489AC2.jpg F:\Series\Engilsh\The Pitt\The.Pitt.S01E01.720p.10bit.WEBRip.2CH.x265.HEVC-PSA.mkv
[02:21:12.209] ShellThumbnail: script attempt failed (exit=0); stderr: 
[02:21:12.211] ShellThumbnail: invoking mpv.exe --no-config --no-audio --no-sub --quiet --no-resume-playback --frames=1 --start=120 --vf-add=scale=256:-2 --of=image2 --ovc=mjpeg --o=C:\Users\Abd Allah\AppData\Local\PitflixPlayer\thumbs\4BE9843FE03C0AFD4D12067257285C9F4816DFBF.jpg F:\Series\Engilsh\The Pitt\The.Pitt.S02E04.720p.10bit.WEBRip.2CH.x265.HEVC-PSA.mkv
[02:21:12.212] ShellThumbnail: script attempt failed (exit=0); stderr: 
[02:21:12.213] ShellThumbnail: invoking mpv.exe --no-config --no-audio --no-sub --quiet --no-resume-playback --frames=1 --start=120 --vf-add=scale=256:-2 --of=image2 --ovc=mjpeg --o=C:\Users\Abd Allah\AppData\Local\PitflixPlayer\thumbs\936C964C9755D7FA72A56865439DF1FE61EDA452.jpg F:\Series\Engilsh\The Pitt\The.Pitt.S01E06.720p.10bit.WEBRip.2CH.x265.HEVC-PSA.mkv
[02:21:12.213] ShellThumbnail: invoking mpv.exe --no-config --no-audio --no-sub --quiet --no-resume-playback --frames=1 --start=120 --vf-add=scale=256:-2 --of=image2 --ovc=mjpeg --o=C:\Users\Abd Allah\AppData\Local\PitflixPlayer\thumbs\BD28802F0DF11FDB5F3D20A98F28BF3243B4D024.jpg F:\Series\Engilsh\The Pitt\The.Pitt.S02E01.720p.10bit.WEBRip.2CH.x265.HEVC-PSA.mkv
[02:21:12.286] ShellThumbnail: script attempt failed (exit=0); stderr: 
[02:21:12.287] ShellThumbnail: invoking mpv.exe --no-config --no-audio --no-sub --quiet --no-resume-playback --frames=1 --start=120 --vf-add=scale=256:-2 --of=image2 --ovc=mjpeg --o=C:\Users\Abd Allah\AppData\Local\PitflixPlayer\thumbs\65197920E41298C214D02D560E99C3A19882256A.jpg F:\Series\Engilsh\The Pitt\The.Pitt.S02E02.720p.10bit.WEBRip.2CH.x265.HEVC-PSA.mkv
[02:21:12.337] ShellThumbnail: encoding-mode attempt failed for 'The Pitt S02E05 720p 10bit WEBRip 2CH x265 HEVC-PSA.mkv' (exit=2); stderr: 
[02:21:12.337] ShellThumbnail: trying --vo=image fallback for 'The Pitt S02E05 720p 10bit WEBRip 2CH x265 HEVC-PSA.mkv'
[02:21:12.338] ShellThumbnail: invoking mpv.exe --no-config --no-audio --no-sub --quiet --no-resume-playback --frames=1 --start=120 --vf-add=scale=256:-2 --of=image2 --ovc=mjpeg --o=C:\Users\Abd Allah\AppData\Local\PitflixPlayer\thumbs\DA5329B8C7D45ED538DB26E0A9B6E49991080DE7.jpg F:\Series\Engilsh\The Pitt\The Pitt S02E08 720p 10bit WEBRip 2CH x265 HEVC-PSA.mkv
[02:21:12.543] ShellThumbnail: script attempt failed (exit=0); stderr: 
[02:21:12.545] ShellThumbnail: invoking mpv.exe --no-config --no-audio --no-sub --quiet --no-resume-playback --frames=1 --start=120 --vf-add=scale=256:-2 --of=image2 --ovc=mjpeg --o=C:\Users\Abd Allah\AppData\Local\PitflixPlayer\thumbs\A9AD6F62B2B434F483213DC4A66C4D5244BD83A7.jpg F:\Series\Engilsh\The Pitt\The.Pitt.S01E03.720p.10bit.WEBRip.2CH.x265.HEVC-PSA.mkv
[02:21:13.057] ShellThumbnail: encoding-mode attempt failed for 'The.Pitt.S02E01.720p.10bit.WEBRip.2CH.x265.HEVC-PSA.mkv' (exit=2); stderr: 
[02:21:13.057] ShellThumbnail: trying --vo=image fallback for 'The.Pitt.S02E01.720p.10bit.WEBRip.2CH.x265.HEVC-PSA.mkv'
[02:21:13.125] ShellThumbnail: encoding-mode attempt failed for 'The.Pitt.S01E09.720p.10bit.WEBRip.2CH.x265.HEVC-PSA.mkv' (exit=2); stderr: 
[02:21:13.125] ShellThumbnail: trying --vo=image fallback for 'The.Pitt.S01E09.720p.10bit.WEBRip.2CH.x265.HEVC-PSA.mkv'
[02:21:13.318] ShellThumbnail: script attempt failed (exit=0); stderr: 
[02:21:13.320] ShellThumbnail: invoking mpv.exe --no-config --no-audio --no-sub --quiet --no-resume-playback --frames=1 --start=120 --vf-add=scale=256:-2 --of=image2 --ovc=mjpeg --o=C:\Users\Abd Allah\AppData\Local\PitflixPlayer\thumbs\1667C7117E625F994D4575065FEA1EB10285C489.jpg F:\Series\Engilsh\The Pitt\The.Pitt.S01E05.720p.10bit.WEBRip.2CH.x265.HEVC-PSA.mkv
[02:21:13.324] ShellThumbnail: encoding-mode attempt failed for 'The.Pitt.S01E06.720p.10bit.WEBRip.2CH.x265.HEVC-PSA.mkv' (exit=2); stderr: 
[02:21:13.325] ShellThumbnail: trying --vo=image fallback for 'The.Pitt.S01E06.720p.10bit.WEBRip.2CH.x265.HEVC-PSA.mkv'
[02:21:13.395] ShellThumbnail: --vo=image attempt also failed (exit=1); stderr: 
[02:21:13.395] ShellThumbnail: trying --vo=image fallback for 'The.Pitt.S01E01.720p.10bit.WEBRip.2CH.x265.HEVC-PSA.mkv'
[02:21:13.400] ShellThumbnail: encoding-mode attempt failed for 'The Pitt S02E08 720p 10bit WEBRip 2CH x265 HEVC-PSA.mkv' (exit=2); stderr: 
[02:21:13.400] ShellThumbnail: trying --vo=image fallback for 'The Pitt S02E08 720p 10bit WEBRip 2CH x265 HEVC-PSA.mkv'
[02:21:13.401] ShellThumbnail: script attempt failed (exit=0); stderr: 
[02:21:13.402] ShellThumbnail: invoking mpv.exe --no-config --no-audio --no-sub --quiet --no-resume-playback --frames=1 --start=120 --vf-add=scale=256:-2 --of=image2 --ovc=mjpeg --o=C:\Users\Abd Allah\AppData\Local\PitflixPlayer\thumbs\40809C58E2CABB0AF3D1720ECFA0A5BAEC7A3A2E.jpg F:\Series\Engilsh\The Pitt\The.Pitt.S01E07.720p.10bit.WEBRip.2CH.x265.HEVC-PSA.mkv
[02:21:13.429] ShellThumbnail: encoding-mode attempt failed for 'The Pitt S02E06 720p 10bit WEBRip 2CH x265 HEVC-PSA.mkv' (exit=2); stderr: 
[02:21:13.429] ShellThumbnail: trying --vo=image fallback for 'The.Pitt.S01E08.720p.10bit.WEBRip.2CH.x265.HEVC-PSA.mkv'
[02:21:13.430] ShellThumbnail: invoking mpv.exe --no-config --no-audio --no-sub --quiet --no-resume-playback --frames=1 --start=120 --vf-add=scale=256:-2 --of=image2 --ovc=mjpeg --o=C:\Users\Abd Allah\AppData\Local\PitflixPlayer\thumbs\8CF0238E8DD12C66C1FC3222F2A79555E1047C9E.jpg F:\Series\Engilsh\The Pitt\The.Pitt.S01E13.720p.10bit.WEBRip.2CH.x265.HEVC-PSA.mkv
[02:21:13.434] ShellThumbnail: encoding-mode attempt failed for 'The.Pitt.S01E04.720p.10bit.WEBRip.2CH.x265.HEVC-PSA.mkv' (exit=2); stderr: 
[02:21:13.434] ShellThumbnail: trying --vo=image fallback for 'The.Pitt.S01E04.720p.10bit.WEBRip.2CH.x265.HEVC-PSA.mkv'
[02:21:13.501] ShellThumbnail: encoding-mode attempt failed for 'The.Pitt.S01E03.720p.10bit.WEBRip.2CH.x265.HEVC-PSA.mkv' (exit=2); stderr: 
[02:21:13.501] ShellThumbnail: trying --vo=image fallback for 'The.Pitt.S01E03.720p.10bit.WEBRip.2CH.x265.HEVC-PSA.mkv'
[02:21:13.511] ShellThumbnail: encoding-mode attempt failed for 'The.Pitt.S02E04.720p.10bit.WEBRip.2CH.x265.HEVC-PSA.mkv' (exit=2); stderr: 
[02:21:13.511] ShellThumbnail: trying --vo=image fallback for 'The.Pitt.S02E04.720p.10bit.WEBRip.2CH.x265.HEVC-PSA.mkv'
[02:21:13.576] ShellThumbnail: encoding-mode attempt failed for 'The.Pitt.S02E02.720p.10bit.WEBRip.2CH.x265.HEVC-PSA.mkv' (exit=2); stderr: 
[02:21:13.576] ShellThumbnail: trying --vo=image fallback for 'The.Pitt.S02E02.720p.10bit.WEBRip.2CH.x265.HEVC-PSA.mkv'
[02:21:13.586] ShellThumbnail: --vo=image attempt also failed (exit=1); stderr: 
[02:21:13.586] ShellThumbnail: script attempt failed (exit=0); stderr: 
[02:21:13.587] ShellThumbnail: invoking mpv.exe --no-config --no-audio --no-sub --quiet --no-resume-playback --frames=1 --start=120 --vf-add=scale=256:-2 --of=image2 --ovc=mjpeg --o=C:\Users\Abd Allah\AppData\Local\PitflixPlayer\thumbs\9C270355E6B0D745657872930D8B4ED263A6D017.jpg F:\Series\Engilsh\The Pitt\The Pitt S02E10 720p 10bit WEBRip 2CH x265 HEVC-PSA.mkv
[02:21:13.639] ShellThumbnail: script attempt failed (exit=0); stderr: 
[02:21:13.640] ShellThumbnail: invoking mpv.exe --no-config --no-audio --no-sub --quiet --no-resume-playback --frames=1 --start=120 --vf-add=scale=256:-2 --of=image2 --ovc=mjpeg --o=C:\Users\Abd Allah\AppData\Local\PitflixPlayer\thumbs\09F3CF07CEA464AB45DB212A3B45C4B8D0719036.jpg F:\Series\Engilsh\The Pitt\The Pitt S02E12 720p 10bit WEBRip 2CH x265 HEVC-PSA.mkv
[02:21:13.640] ShellThumbnail: invoking mpv.exe --no-config --no-audio --no-sub --quiet --no-resume-playback --frames=1 --start=120 --vf-add=scale=256:-2 --of=image2 --ovc=mjpeg --o=C:\Users\Abd Allah\AppData\Local\PitflixPlayer\thumbs\195413554CFF7230439D03E469048F02F823D41F.jpg F:\Series\Engilsh\The Pitt\The Pitt S02E14 720p 10bit WEBRip 2CH x265 HEVC-PSA.mkv
[02:21:13.740] ShellThumbnail: script attempt failed (exit=0); stderr: 
[02:21:13.741] ShellThumbnail: invoking mpv.exe --no-config --no-audio --no-sub --quiet --no-resume-playback --frames=1 --start=120 --vf-add=scale=256:-2 --of=image2 --ovc=mjpeg --o=C:\Users\Abd Allah\AppData\Local\PitflixPlayer\thumbs\55C88C90D62A87ECC4FC3353F638DF2AEA4DF62F.jpg F:\Series\Engilsh\The Pitt\The Pitt S02E03 720p 10bit WEBRip 2CH x265 HEVC-PSA.mkv
[02:21:13.837] ShellThumbnail: --vo=image attempt also failed (exit=1); stderr: 
[02:21:13.838] ShellThumbnail: script attempt failed (exit=0); stderr: 
[02:21:13.839] ShellThumbnail: invoking mpv.exe --no-config --no-audio --no-sub --quiet --no-resume-playback --frames=1 --start=120 --vf-add=scale=256:-2 --of=image2 --ovc=mjpeg --o=C:\Users\Abd Allah\AppData\Local\PitflixPlayer\thumbs\58FCB6F1921F599AAF898DA489AE68F22E5DC22A.jpg F:\Series\Engilsh\The Pitt\The.Pitt.S01E12.720p.10bit.WEBRip.2CH.x265.HEVC-PSA.mkv
[02:21:13.843] ShellThumbnail: encoding-mode attempt failed for 'The.Pitt.S01E15.720p.10bit.WEBRip.2CH.x265.HEVC-PSA.mkv' (exit=2); stderr: 
[02:21:13.843] ShellThumbnail: trying --vo=image fallback for 'The.Pitt.S01E15.720p.10bit.WEBRip.2CH.x265.HEVC-PSA.mkv'
[02:21:13.953] ShellThumbnail: encoding-mode attempt failed for 'The.Pitt.S01E05.720p.10bit.WEBRip.2CH.x265.HEVC-PSA.mkv' (exit=2); stderr: 
[02:21:13.954] ShellThumbnail: trying --vo=image fallback for 'The.Pitt.S01E05.720p.10bit.WEBRip.2CH.x265.HEVC-PSA.mkv'
[02:21:14.375] ShellThumbnail: encoding-mode attempt failed for 'The Pitt S02E07 720p 10bit WEBRip 2CH x265 HEVC-PSA.mkv' (exit=2); stderr: 
[02:21:14.376] ShellThumbnail: trying --vo=image fallback for 'The Pitt S02E07 720p 10bit WEBRip 2CH x265 HEVC-PSA.mkv'
[02:21:14.383] ShellThumbnail: encoding-mode attempt failed for 'The.Pitt.S01E13.720p.10bit.WEBRip.2CH.x265.HEVC-PSA.mkv' (exit=2); stderr: 
[02:21:14.383] ShellThumbnail: trying --vo=image fallback for 'The.Pitt.S01E13.720p.10bit.WEBRip.2CH.x265.HEVC-PSA.mkv'
[02:21:14.578] ShellThumbnail: encoding-mode attempt failed for 'The.Pitt.S01E07.720p.10bit.WEBRip.2CH.x265.HEVC-PSA.mkv' (exit=2); stderr: 
[02:21:14.578] ShellThumbnail: trying --vo=image fallback for 'The.Pitt.S01E07.720p.10bit.WEBRip.2CH.x265.HEVC-PSA.mkv'
[02:21:14.580] ShellThumbnail: invoking mpv.exe --no-config --no-audio --no-sub --quiet --no-resume-playback --frames=1 --start=120 --vf-add=scale=256:-2 --of=image2 --ovc=mjpeg --o=C:\Users\Abd Allah\AppData\Local\PitflixPlayer\thumbs\D9155E9A25D0F15B7E815AF2BA649DA36B21A86A.jpg F:\Series\Engilsh\The Pitt\The.Pitt.S01E10.720p.10bit.WEBRip.2CH.x265.HEVC-PSA.mkv
[02:21:14.591] ShellThumbnail: --vo=image attempt also failed (exit=1); stderr: 
[02:21:14.591] ShellThumbnail: --vo=image attempt also failed (exit=1); stderr: 
[02:21:14.715] ShellThumbnail: script attempt failed (exit=0); stderr: 
[02:21:14.716] ShellThumbnail: encoding-mode attempt failed for 'The Pitt S02E10 720p 10bit WEBRip 2CH x265 HEVC-PSA.mkv' (exit=2); stderr: 
[02:21:14.716] ShellThumbnail: trying --vo=image fallback for 'The Pitt S02E10 720p 10bit WEBRip 2CH x265 HEVC-PSA.mkv'
[02:21:14.716] ShellThumbnail: invoking mpv.exe --no-config --no-audio --no-sub --quiet --no-resume-playback --frames=1 --start=120 --vf-add=scale=256:-2 --of=image2 --ovc=mjpeg --o=C:\Users\Abd Allah\AppData\Local\PitflixPlayer\thumbs\6AF3F08DD7194BF748F68F2519C9A2E3B218BE46.jpg F:\Series\Engilsh\The Pitt\The.Pitt.S01E11.720p.10bit.WEBRip.2CH.x265.HEVC-PSA.mkv
[02:21:14.718] ShellThumbnail: --vo=image attempt also failed (exit=1); stderr: 
[02:21:14.720] ShellThumbnail: encoding-mode attempt failed for 'The Pitt S02E14 720p 10bit WEBRip 2CH x265 HEVC-PSA.mkv' (exit=2); stderr: 
[02:21:14.720] ShellThumbnail: trying --vo=image fallback for 'The Pitt S02E14 720p 10bit WEBRip 2CH x265 HEVC-PSA.mkv'
[02:21:14.721] ShellThumbnail: encoding-mode attempt failed for 'The Pitt S02E12 720p 10bit WEBRip 2CH x265 HEVC-PSA.mkv' (exit=2); stderr: 
[02:21:14.721] ShellThumbnail: trying --vo=image fallback for 'The Pitt S02E12 720p 10bit WEBRip 2CH x265 HEVC-PSA.mkv'
[02:21:14.747] ShellThumbnail: encoding-mode attempt failed for 'The Pitt S02E13 720p 10bit WEBRip 2CH x265 HEVC-PSA.mkv' (exit=2); stderr: 
[02:21:14.748] ShellThumbnail: trying --vo=image fallback for 'The Pitt S02E13 720p 10bit WEBRip 2CH x265 HEVC-PSA.mkv'
[02:21:14.752] ShellThumbnail: script attempt failed (exit=0); stderr: 
[02:21:14.753] ShellThumbnail: invoking mpv.exe --no-config --no-audio --no-sub --quiet --no-resume-playback --frames=1 --start=120 --vf-add=scale=256:-2 --of=image2 --ovc=mjpeg --o=C:\Users\Abd Allah\AppData\Local\PitflixPlayer\thumbs\310D5AFF6B52802A4FDA6B708C5674D9A0A504F0.jpg F:\Series\Engilsh\The Pitt\The.Pitt.S01E02.720p.10bit.WEBRip.2CH.x265.HEVC-PSA.mkv
[02:21:14.757] ShellThumbnail: encoding-mode attempt failed for 'The Pitt S02E03 720p 10bit WEBRip 2CH x265 HEVC-PSA.mkv' (exit=2); stderr: 
[02:21:14.757] ShellThumbnail: trying --vo=image fallback for 'The Pitt S02E03 720p 10bit WEBRip 2CH x265 HEVC-PSA.mkv'
[02:21:14.789] ShellThumbnail: encoding-mode attempt failed for 'The.Pitt.S01E12.720p.10bit.WEBRip.2CH.x265.HEVC-PSA.mkv' (exit=2); stderr: 
[02:21:14.789] ShellThumbnail: trying --vo=image fallback for 'The.Pitt.S01E12.720p.10bit.WEBRip.2CH.x265.HEVC-PSA.mkv'
[02:21:14.826] ShellThumbnail: --vo=image attempt also failed (exit=1); stderr: 
[02:21:14.827] ShellThumbnail: script attempt failed (exit=0); stderr: 
[02:21:14.828] ShellThumbnail: invoking mpv.exe --no-config --no-audio --no-sub --quiet --no-resume-playback --frames=1 --start=120 --vf-add=scale=256:-2 --of=image2 --ovc=mjpeg --o=C:\Users\Abd Allah\AppData\Local\PitflixPlayer\thumbs\455E3BD1803432E08ACB0D778043D430796598EA.jpg F:\Series\Engilsh\The Pitt\The.Pitt.S01E14.720p.10bit.WEBRip.2CH.x265.HEVC-PSA.mkv
[02:21:14.846] ShellThumbnail: --vo=image attempt also failed (exit=1); stderr: 
[02:21:14.854] ShellThumbnail: --vo=image attempt also failed (exit=1); stderr: 
[02:21:14.855] ShellThumbnail: --vo=image attempt also failed (exit=1); stderr: 
[02:21:14.856] ShellThumbnail: --vo=image attempt also failed (exit=1); stderr: 
[02:21:14.856] ShellThumbnail: --vo=image attempt also failed (exit=1); stderr: 
[02:21:14.856] ShellThumbnail: --vo=image attempt also failed (exit=1); stderr: 
[02:21:14.867] ShellThumbnail: --vo=image attempt also failed (exit=1); stderr: 
[02:21:14.870] ShellThumbnail: --vo=image attempt also failed (exit=1); stderr: 
[02:21:14.908] ShellThumbnail: --vo=image attempt also failed (exit=1); stderr: 
[02:21:14.911] ShellThumbnail: --vo=image attempt also failed (exit=1); stderr: 
[02:21:14.954] ShellThumbnail: encoding-mode attempt failed for 'The.Pitt.S01E10.720p.10bit.WEBRip.2CH.x265.HEVC-PSA.mkv' (exit=2); stderr: 
[02:21:14.954] ShellThumbnail: trying --vo=image fallback for 'The.Pitt.S01E10.720p.10bit.WEBRip.2CH.x265.HEVC-PSA.mkv'
[02:21:15.072] ShellThumbnail: --vo=image attempt also failed (exit=1); stderr: 
[02:21:15.240] ShellThumbnail: encoding-mode attempt failed for 'The.Pitt.S01E11.720p.10bit.WEBRip.2CH.x265.HEVC-PSA.mkv' (exit=2); stderr: 
[02:21:15.240] ShellThumbnail: trying --vo=image fallback for 'The.Pitt.S01E11.720p.10bit.WEBRip.2CH.x265.HEVC-PSA.mkv'
[02:21:15.258] ShellThumbnail: encoding-mode attempt failed for 'The.Pitt.S01E02.720p.10bit.WEBRip.2CH.x265.HEVC-PSA.mkv' (exit=2); stderr: 
[02:21:15.258] ShellThumbnail: trying --vo=image fallback for 'The.Pitt.S01E02.720p.10bit.WEBRip.2CH.x265.HEVC-PSA.mkv'
[02:21:15.328] ShellThumbnail: --vo=image attempt also failed (exit=1); stderr: 
[02:21:15.359] ShellThumbnail: --vo=image attempt also failed (exit=1); stderr: 
[02:21:15.529] ShellThumbnail: encoding-mode attempt failed for 'The.Pitt.S01E14.720p.10bit.WEBRip.2CH.x265.HEVC-PSA.mkv' (exit=2); stderr: 
[02:21:15.529] ShellThumbnail: trying --vo=image fallback for 'The.Pitt.S01E14.720p.10bit.WEBRip.2CH.x265.HEVC-PSA.mkv'
[02:21:15.617] ShellThumbnail: --vo=image attempt also failed (exit=1); stderr: 
[02:24:33.153] MpvIpcClient disposed
[02:24:33.154] Window closed
[02:40:39.864] App starting
[02:40:39.887] Subtitle preference loaded: mode=default, lang=(none)
[02:40:40.709] Keyboard hook handle: 0x850CFD
[02:40:40.710] Mouse hook handle: 0x16F0585
[02:40:40.713] OnLoadedCore start
[02:40:42.913] ChildHwnd = 0x570E1A
[02:40:42.914] Calling AttachAsync
[02:40:42.974] AttachAsync succeeded
[02:40:42.974] Connecting IPC to pipe: pitflix-wid-38c0cb4dc8144c4c8499c4d0c748a63e
[02:40:43.548] MpvIpcClient connected to \\.\pipe\pitflix-wid-38c0cb4dc8144c4c8499c4d0c748a63e
[02:40:43.775] OnLoadedCore complete
[02:40:43.936] BuildFolderPlaylist: scanned 29 video file(s) in 'F:\Series\Engilsh\The Pitt'
[02:40:43.937] BuildFolderPlaylist: queued 29 files; current at idx 27 — prev/next now visible
[02:42:56.977] Session stopped — entering pre-warm hide
[02:42:57.465] MpvIpcClient disposed
[02:42:57.466] Window closed
[02:52:15.250] App starting
[02:52:15.259] Subtitle preference loaded: mode=default, lang=(none)
[02:52:15.780] Keyboard hook handle: 0x180E11A9
[02:52:15.781] Mouse hook handle: 0x8D310F1
[02:52:15.784] OnLoadedCore start
[02:52:17.942] ChildHwnd = 0x50F0A
[02:52:17.942] Calling AttachAsync
[02:52:17.967] AttachAsync succeeded
[02:52:17.968] Connecting IPC to pipe: pitflix-wid-3cb1efba237c4e30a754a0a52979affb
[02:52:18.049] MpvIpcClient connected to \\.\pipe\pitflix-wid-3cb1efba237c4e30a754a0a52979affb
[02:52:18.311] OnLoadedCore complete
[02:52:18.471] BuildFolderPlaylist: scanned 29 video file(s) in 'F:\Series\Engilsh\The Pitt'
[02:52:18.477] BuildFolderPlaylist: queued 29 files; current at idx 27 — prev/next now visible
[02:52:27.523] Session stopped — entering pre-warm hide
[02:52:28.805] MpvIpcClient disposed
[02:52:28.805] Window closed
[02:53:18.756] App starting
[02:53:18.767] Subtitle preference loaded: mode=default, lang=(none)
[02:53:19.411] Keyboard hook handle: 0x31760E79
[02:53:19.412] Mouse hook handle: 0x1F6106F
[02:53:19.416] OnLoadedCore start
[02:53:21.581] ChildHwnd = 0x4B0DDA
[02:53:21.581] Calling AttachAsync
[02:53:21.597] AttachAsync succeeded
[02:53:21.597] Connecting IPC to pipe: pitflix-wid-87bb66356302422a9e79f6adca2fe1a0
[02:53:21.644] MpvIpcClient connected to \\.\pipe\pitflix-wid-87bb66356302422a9e79f6adca2fe1a0
[02:53:21.906] OnLoadedCore complete
[02:53:22.065] BuildFolderPlaylist: scanned 29 video file(s) in 'F:\Series\Engilsh\The Pitt'
[02:53:22.067] BuildFolderPlaylist: queued 29 files; current at idx 27 — prev/next now visible
[02:54:56.389] OnClosed: save-progress-now failed (non-fatal): One or more errors occurred. (A task was canceled.)
[02:54:56.391] MpvIpcClient disposed
[02:54:56.391] Window closed
[03:15:51.996] App starting
[03:15:52.067] Subtitle preference loaded: mode=default, lang=(none)
[03:15:53.597] Keyboard hook handle: 0x1080E2A
[03:15:53.598] Mouse hook handle: 0x590A8A
[03:15:53.601] OnLoadedCore start
[03:15:56.659] ChildHwnd = 0x2320ECC
[03:15:56.660] Calling AttachAsync
[03:15:56.875] AttachAsync succeeded
[03:15:56.875] Connecting IPC to pipe: pitflix-wid-7d99292bbde2481ead816dee4371b4f9
[03:15:57.783] MpvIpcClient connected to \\.\pipe\pitflix-wid-7d99292bbde2481ead816dee4371b4f9
[03:15:58.560] OnLoadedCore complete
[03:15:58.717] BuildFolderPlaylist: scanned 29 video file(s) in 'F:\Series\Engilsh\The Pitt'
[03:15:58.719] BuildFolderPlaylist: queued 29 files; current at idx 27 — prev/next now visible
[03:16:16.724] ShellThumbnail.GetFrameAt: queuing extraction for bucket 1465s -> C:\Users\Abd Allah\AppData\Local\PitflixPlayer\thumbs\65197920E41298C214D02D560E99C3A19882256A_1465.jpg
[03:16:17.193] ShellThumbnail.GetFrameAt: queuing extraction for bucket 1555s -> C:\Users\Abd Allah\AppData\Local\PitflixPlayer\thumbs\65197920E41298C214D02D560E99C3A19882256A_1555.jpg
[03:16:18.989] ShellThumbnail.ExtractFrameToFile: SUCCESS -> C:\Users\Abd Allah\AppData\Local\PitflixPlayer\thumbs\65197920E41298C214D02D560E99C3A19882256A_1465.jpg
[03:16:19.337] ShellThumbnail.ExtractFrameToFile: SUCCESS -> C:\Users\Abd Allah\AppData\Local\PitflixPlayer\thumbs\65197920E41298C214D02D560E99C3A19882256A_1555.jpg
[03:17:38.463] ShellThumbnail.GetFrameAt: queuing extraction for bucket 210s -> C:\Users\Abd Allah\AppData\Local\PitflixPlayer\thumbs\65197920E41298C214D02D560E99C3A19882256A_210.jpg
[03:17:38.749] ShellThumbnail.GetFrameAt: queuing extraction for bucket 1350s -> C:\Users\Abd Allah\AppData\Local\PitflixPlayer\thumbs\65197920E41298C214D02D560E99C3A19882256A_1350.jpg
[03:17:39.869] ShellThumbnail.ExtractFrameToFile: SUCCESS -> C:\Users\Abd Allah\AppData\Local\PitflixPlayer\thumbs\65197920E41298C214D02D560E99C3A19882256A_210.jpg
[03:17:39.947] ShellThumbnail.GetFrameAt: queuing extraction for bucket 1345s -> C:\Users\Abd Allah\AppData\Local\PitflixPlayer\thumbs\65197920E41298C214D02D560E99C3A19882256A_1345.jpg
[03:17:40.080] ShellThumbnail.ExtractFrameToFile: SUCCESS -> C:\Users\Abd Allah\AppData\Local\PitflixPlayer\thumbs\65197920E41298C214D02D560E99C3A19882256A_1350.jpg
[03:17:40.648] ShellThumbnail.GetFrameAt: queuing extraction for bucket 1505s -> C:\Users\Abd Allah\AppData\Local\PitflixPlayer\thumbs\65197920E41298C214D02D560E99C3A19882256A_1505.jpg
[03:17:40.907] ShellThumbnail.GetFrameAt: queuing extraction for bucket 1495s -> C:\Users\Abd Allah\AppData\Local\PitflixPlayer\thumbs\65197920E41298C214D02D560E99C3A19882256A_1495.jpg
[03:17:40.964] ShellThumbnail.ExtractFrameToFile: SUCCESS -> C:\Users\Abd Allah\AppData\Local\PitflixPlayer\thumbs\65197920E41298C214D02D560E99C3A19882256A_1345.jpg
[03:17:41.693] ShellThumbnail.ExtractFrameToFile: SUCCESS -> C:\Users\Abd Allah\AppData\Local\PitflixPlayer\thumbs\65197920E41298C214D02D560E99C3A19882256A_1505.jpg
[03:17:41.858] ShellThumbnail.ExtractFrameToFile: SUCCESS -> C:\Users\Abd Allah\AppData\Local\PitflixPlayer\thumbs\65197920E41298C214D02D560E99C3A19882256A_1495.jpg
[03:17:42.297] ShellThumbnail.GetFrameAt: queuing extraction for bucket 1675s -> C:\Users\Abd Allah\AppData\Local\PitflixPlayer\thumbs\65197920E41298C214D02D560E99C3A19882256A_1675.jpg
[03:17:42.882] ShellThumbnail.ExtractFrameToFile: SUCCESS -> C:\Users\Abd Allah\AppData\Local\PitflixPlayer\thumbs\65197920E41298C214D02D560E99C3A19882256A_1675.jpg
[03:17:42.941] ShellThumbnail.GetFrameAt: queuing extraction for bucket 1100s -> C:\Users\Abd Allah\AppData\Local\PitflixPlayer\thumbs\65197920E41298C214D02D560E99C3A19882256A_1100.jpg
[03:17:43.606] ShellThumbnail.GetFrameAt: queuing extraction for bucket 1095s -> C:\Users\Abd Allah\AppData\Local\PitflixPlayer\thumbs\65197920E41298C214D02D560E99C3A19882256A_1095.jpg
[03:17:43.746] ShellThumbnail.ExtractFrameToFile: SUCCESS -> C:\Users\Abd Allah\AppData\Local\PitflixPlayer\thumbs\65197920E41298C214D02D560E99C3A19882256A_1100.jpg
[03:17:44.141] ShellThumbnail.ExtractFrameToFile: SUCCESS -> C:\Users\Abd Allah\AppData\Local\PitflixPlayer\thumbs\65197920E41298C214D02D560E99C3A19882256A_1095.jpg
[03:17:44.563] ShellThumbnail.GetFrameAt: queuing extraction for bucket 1370s -> C:\Users\Abd Allah\AppData\Local\PitflixPlayer\thumbs\65197920E41298C214D02D560E99C3A19882256A_1370.jpg
[03:17:45.186] ShellThumbnail.GetFrameAt: queuing extraction for bucket 1365s -> C:\Users\Abd Allah\AppData\Local\PitflixPlayer\thumbs\65197920E41298C214D02D560E99C3A19882256A_1365.jpg
[03:17:45.366] ShellThumbnail.ExtractFrameToFile: SUCCESS -> C:\Users\Abd Allah\AppData\Local\PitflixPlayer\thumbs\65197920E41298C214D02D560E99C3A19882256A_1370.jpg
[03:17:45.719] ShellThumbnail.ExtractFrameToFile: SUCCESS -> C:\Users\Abd Allah\AppData\Local\PitflixPlayer\thumbs\65197920E41298C214D02D560E99C3A19882256A_1365.jpg
[03:17:46.862] ShellThumbnail.GetFrameAt: queuing extraction for bucket 1305s -> C:\Users\Abd Allah\AppData\Local\PitflixPlayer\thumbs\65197920E41298C214D02D560E99C3A19882256A_1305.jpg
[03:17:46.985] ShellThumbnail.GetFrameAt: queuing extraction for bucket 1385s -> C:\Users\Abd Allah\AppData\Local\PitflixPlayer\thumbs\65197920E41298C214D02D560E99C3A19882256A_1385.jpg
[03:17:47.106] ShellThumbnail.GetFrameAt: queuing extraction for bucket 1435s -> C:\Users\Abd Allah\AppData\Local\PitflixPlayer\thumbs\65197920E41298C214D02D560E99C3A19882256A_1435.jpg
[03:17:47.302] ShellThumbnail.GetFrameAt: queuing extraction for bucket 1500s -> C:\Users\Abd Allah\AppData\Local\PitflixPlayer\thumbs\65197920E41298C214D02D560E99C3A19882256A_1500.jpg
[03:17:47.457] ShellThumbnail.ExtractFrameToFile: SUCCESS -> C:\Users\Abd Allah\AppData\Local\PitflixPlayer\thumbs\65197920E41298C214D02D560E99C3A19882256A_1305.jpg
[03:17:47.546] ShellThumbnail.GetFrameAt: queuing extraction for bucket 1490s -> C:\Users\Abd Allah\AppData\Local\PitflixPlayer\thumbs\65197920E41298C214D02D560E99C3A19882256A_1490.jpg
[03:17:47.746] ShellThumbnail.GetFrameAt: queuing extraction for bucket 1455s -> C:\Users\Abd Allah\AppData\Local\PitflixPlayer\thumbs\65197920E41298C214D02D560E99C3A19882256A_1455.jpg
[03:17:47.857] ShellThumbnail.ExtractFrameToFile: SUCCESS -> C:\Users\Abd Allah\AppData\Local\PitflixPlayer\thumbs\65197920E41298C214D02D560E99C3A19882256A_1385.jpg
[03:17:48.058] ShellThumbnail.GetFrameAt: queuing extraction for bucket 1480s -> C:\Users\Abd Allah\AppData\Local\PitflixPlayer\thumbs\65197920E41298C214D02D560E99C3A19882256A_1480.jpg
[03:17:48.178] ShellThumbnail.GetFrameAt: queuing extraction for bucket 1520s -> C:\Users\Abd Allah\AppData\Local\PitflixPlayer\thumbs\65197920E41298C214D02D560E99C3A19882256A_1520.jpg
[03:17:48.358] ShellThumbnail.ExtractFrameToFile: SUCCESS -> C:\Users\Abd Allah\AppData\Local\PitflixPlayer\thumbs\65197920E41298C214D02D560E99C3A19882256A_1500.jpg
[03:17:48.366] ShellThumbnail.GetFrameAt: queuing extraction for bucket 1550s -> C:\Users\Abd Allah\AppData\Local\PitflixPlayer\thumbs\65197920E41298C214D02D560E99C3A19882256A_1550.jpg
[03:17:48.546] ShellThumbnail.ExtractFrameToFile: SUCCESS -> C:\Users\Abd Allah\AppData\Local\PitflixPlayer\thumbs\65197920E41298C214D02D560E99C3A19882256A_1435.jpg
[03:17:48.876] ShellThumbnail.ExtractFrameToFile: SUCCESS -> C:\Users\Abd Allah\AppData\Local\PitflixPlayer\thumbs\65197920E41298C214D02D560E99C3A19882256A_1490.jpg
[03:17:48.946] ShellThumbnail.ExtractFrameToFile: SUCCESS -> C:\Users\Abd Allah\AppData\Local\PitflixPlayer\thumbs\65197920E41298C214D02D560E99C3A19882256A_1480.jpg
[03:17:49.066] ShellThumbnail.ExtractFrameToFile: SUCCESS -> C:\Users\Abd Allah\AppData\Local\PitflixPlayer\thumbs\65197920E41298C214D02D560E99C3A19882256A_1455.jpg
[03:17:49.160] ShellThumbnail.ExtractFrameToFile: SUCCESS -> C:\Users\Abd Allah\AppData\Local\PitflixPlayer\thumbs\65197920E41298C214D02D560E99C3A19882256A_1520.jpg
[03:17:49.219] ShellThumbnail.GetFrameAt: queuing extraction for bucket 1560s -> C:\Users\Abd Allah\AppData\Local\PitflixPlayer\thumbs\65197920E41298C214D02D560E99C3A19882256A_1560.jpg
[03:17:49.261] ShellThumbnail.ExtractFrameToFile: SUCCESS -> C:\Users\Abd Allah\AppData\Local\PitflixPlayer\thumbs\65197920E41298C214D02D560E99C3A19882256A_1550.jpg
[03:17:49.377] ShellThumbnail.GetFrameAt: queuing extraction for bucket 1605s -> C:\Users\Abd Allah\AppData\Local\PitflixPlayer\thumbs\65197920E41298C214D02D560E99C3A19882256A_1605.jpg
[03:17:49.498] ShellThumbnail.GetFrameAt: queuing extraction for bucket 1650s -> C:\Users\Abd Allah\AppData\Local\PitflixPlayer\thumbs\65197920E41298C214D02D560E99C3A19882256A_1650.jpg
[03:17:49.676] ShellThumbnail.ExtractFrameToFile: SUCCESS -> C:\Users\Abd Allah\AppData\Local\PitflixPlayer\thumbs\65197920E41298C214D02D560E99C3A19882256A_1560.jpg
[03:17:49.730] ShellThumbnail.GetFrameAt: queuing extraction for bucket 1670s -> C:\Users\Abd Allah\AppData\Local\PitflixPlayer\thumbs\65197920E41298C214D02D560E99C3A19882256A_1670.jpg
[03:17:50.551] ShellThumbnail.ExtractFrameToFile: SUCCESS -> C:\Users\Abd Allah\AppData\Local\PitflixPlayer\thumbs\65197920E41298C214D02D560E99C3A19882256A_1605.jpg
[03:17:50.656] ShellThumbnail.ExtractFrameToFile: SUCCESS -> C:\Users\Abd Allah\AppData\Local\PitflixPlayer\thumbs\65197920E41298C214D02D560E99C3A19882256A_1670.jpg
[03:17:50.833] ShellThumbnail.ExtractFrameToFile: SUCCESS -> C:\Users\Abd Allah\AppData\Local\PitflixPlayer\thumbs\65197920E41298C214D02D560E99C3A19882256A_1650.jpg
[03:18:11.578] MpvIpcClient disposed
[03:18:11.579] Window closed
[03:29:14.735] App starting
[03:29:14.746] Subtitle preference loaded: mode=default, lang=(none)
[03:29:15.365] Keyboard hook handle: 0x1C1C0E4B
[03:29:15.365] Mouse hook handle: 0x1BF01133
[03:29:15.368] OnLoadedCore start
[03:29:17.761] ChildHwnd = 0xDB0E24
[03:29:17.765] Calling AttachAsync
[03:29:17.803] AttachAsync succeeded
[03:29:17.804] Connecting IPC to pipe: pitflix-wid-ede2a860c35f4f30a9a21240af9a78a7
[03:29:17.875] MpvIpcClient connected to \\.\pipe\pitflix-wid-ede2a860c35f4f30a9a21240af9a78a7
[03:29:18.213] OnLoadedCore complete
[03:29:18.402] BuildFolderPlaylist: scanned 29 video file(s) in 'F:\Series\Engilsh\The Pitt'
[03:29:18.407] BuildFolderPlaylist: queued 29 files; current at idx 27 — prev/next now visible
[03:29:26.179] ShellThumbnail.ExtractFrameToFile: SUCCESS -> C:\Users\Abd Allah\AppData\Local\PitflixPlayer\thumbs\65197920E41298C214D02D560E99C3A19882256A_1210.jpg
[03:29:26.236] ShellThumbnail.ExtractFrameToFile: SUCCESS -> C:\Users\Abd Allah\AppData\Local\PitflixPlayer\thumbs\65197920E41298C214D02D560E99C3A19882256A_1200.jpg
[03:29:26.472] ShellThumbnail.ExtractFrameToFile: SUCCESS -> C:\Users\Abd Allah\AppData\Local\PitflixPlayer\thumbs\65197920E41298C214D02D560E99C3A19882256A_1195.jpg
[03:29:26.541] ShellThumbnail.ExtractFrameToFile: SUCCESS -> C:\Users\Abd Allah\AppData\Local\PitflixPlayer\thumbs\65197920E41298C214D02D560E99C3A19882256A_1205.jpg
[03:29:26.886] ShellThumbnail.ExtractFrameToFile: SUCCESS -> C:\Users\Abd Allah\AppData\Local\PitflixPlayer\thumbs\65197920E41298C214D02D560E99C3A19882256A_1215.jpg
[03:29:26.971] ShellThumbnail.ExtractFrameToFile: SUCCESS -> C:\Users\Abd Allah\AppData\Local\PitflixPlayer\thumbs\65197920E41298C214D02D560E99C3A19882256A_1225.jpg
[03:29:27.285] ShellThumbnail.ExtractFrameToFile: SUCCESS -> C:\Users\Abd Allah\AppData\Local\PitflixPlayer\thumbs\65197920E41298C214D02D560E99C3A19882256A_1220.jpg
[03:29:27.580] ShellThumbnail.ExtractFrameToFile: SUCCESS -> C:\Users\Abd Allah\AppData\Local\PitflixPlayer\thumbs\65197920E41298C214D02D560E99C3A19882256A_1230.jpg
[03:29:27.845] ShellThumbnail.ExtractFrameToFile: SUCCESS -> C:\Users\Abd Allah\AppData\Local\PitflixPlayer\thumbs\65197920E41298C214D02D560E99C3A19882256A_1270.jpg
[03:29:28.018] ShellThumbnail.ExtractFrameToFile: SUCCESS -> C:\Users\Abd Allah\AppData\Local\PitflixPlayer\thumbs\65197920E41298C214D02D560E99C3A19882256A_1325.jpg
[03:29:28.224] ShellThumbnail.ExtractFrameToFile: SUCCESS -> C:\Users\Abd Allah\AppData\Local\PitflixPlayer\thumbs\65197920E41298C214D02D560E99C3A19882256A_1240.jpg
[03:29:28.392] ShellThumbnail.ExtractFrameToFile: SUCCESS -> C:\Users\Abd Allah\AppData\Local\PitflixPlayer\thumbs\65197920E41298C214D02D560E99C3A19882256A_1235.jpg
[03:29:28.812] ShellThumbnail.ExtractFrameToFile: SUCCESS -> C:\Users\Abd Allah\AppData\Local\PitflixPlayer\thumbs\65197920E41298C214D02D560E99C3A19882256A_1330.jpg
[03:29:28.848] ShellThumbnail.ExtractFrameToFile: SUCCESS -> C:\Users\Abd Allah\AppData\Local\PitflixPlayer\thumbs\65197920E41298C214D02D560E99C3A19882256A_1290.jpg
[03:29:29.106] ShellThumbnail.ExtractFrameToFile: SUCCESS -> C:\Users\Abd Allah\AppData\Local\PitflixPlayer\thumbs\65197920E41298C214D02D560E99C3A19882256A_1340.jpg
[03:29:29.193] ShellThumbnail.ExtractFrameToFile: SUCCESS -> C:\Users\Abd Allah\AppData\Local\PitflixPlayer\thumbs\65197920E41298C214D02D560E99C3A19882256A_1335.jpg
[03:29:29.418] ShellThumbnail.ExtractFrameToFile: SUCCESS -> C:\Users\Abd Allah\AppData\Local\PitflixPlayer\thumbs\65197920E41298C214D02D560E99C3A19882256A_1390.jpg
[03:29:29.613] ShellThumbnail.ExtractFrameToFile: SUCCESS -> C:\Users\Abd Allah\AppData\Local\PitflixPlayer\thumbs\65197920E41298C214D02D560E99C3A19882256A_1380.jpg
[03:29:29.668] ShellThumbnail.ExtractFrameToFile: SUCCESS -> C:\Users\Abd Allah\AppData\Local\PitflixPlayer\thumbs\65197920E41298C214D02D560E99C3A19882256A_1400.jpg
[03:29:29.777] ShellThumbnail.ExtractFrameToFile: SUCCESS -> C:\Users\Abd Allah\AppData\Local\PitflixPlayer\thumbs\65197920E41298C214D02D560E99C3A19882256A_1405.jpg
[03:29:30.150] ShellThumbnail.ExtractFrameToFile: SUCCESS -> C:\Users\Abd Allah\AppData\Local\PitflixPlayer\thumbs\65197920E41298C214D02D560E99C3A19882256A_1395.jpg
[03:29:30.244] ShellThumbnail.ExtractFrameToFile: SUCCESS -> C:\Users\Abd Allah\AppData\Local\PitflixPlayer\thumbs\65197920E41298C214D02D560E99C3A19882256A_1420.jpg
[03:29:30.438] ShellThumbnail.ExtractFrameToFile: SUCCESS -> C:\Users\Abd Allah\AppData\Local\PitflixPlayer\thumbs\65197920E41298C214D02D560E99C3A19882256A_1285.jpg
[03:29:30.606] ShellThumbnail.ExtractFrameToFile: SUCCESS -> C:\Users\Abd Allah\AppData\Local\PitflixPlayer\thumbs\65197920E41298C214D02D560E99C3A19882256A_1425.jpg
[03:29:30.719] ShellThumbnail.ExtractFrameToFile: SUCCESS -> C:\Users\Abd Allah\AppData\Local\PitflixPlayer\thumbs\65197920E41298C214D02D560E99C3A19882256A_1430.jpg
[03:29:30.840] ShellThumbnail.ExtractFrameToFile: SUCCESS -> C:\Users\Abd Allah\AppData\Local\PitflixPlayer\thumbs\65197920E41298C214D02D560E99C3A19882256A_1475.jpg
[03:29:31.059] ShellThumbnail.ExtractFrameToFile: SUCCESS -> C:\Users\Abd Allah\AppData\Local\PitflixPlayer\thumbs\65197920E41298C214D02D560E99C3A19882256A_1440.jpg
[03:29:31.292] ShellThumbnail.ExtractFrameToFile: SUCCESS -> C:\Users\Abd Allah\AppData\Local\PitflixPlayer\thumbs\65197920E41298C214D02D560E99C3A19882256A_1485.jpg
[03:29:31.569] ShellThumbnail.ExtractFrameToFile: SUCCESS -> C:\Users\Abd Allah\AppData\Local\PitflixPlayer\thumbs\65197920E41298C214D02D560E99C3A19882256A_1110.jpg
[03:29:31.666] ShellThumbnail.ExtractFrameToFile: SUCCESS -> C:\Users\Abd Allah\AppData\Local\PitflixPlayer\thumbs\65197920E41298C214D02D560E99C3A19882256A_1105.jpg
[03:29:32.091] ShellThumbnail.ExtractFrameToFile: SUCCESS -> C:\Users\Abd Allah\AppData\Local\PitflixPlayer\thumbs\65197920E41298C214D02D560E99C3A19882256A_1115.jpg
[03:29:32.265] ShellThumbnail.ExtractFrameToFile: SUCCESS -> C:\Users\Abd Allah\AppData\Local\PitflixPlayer\thumbs\65197920E41298C214D02D560E99C3A19882256A_1120.jpg
[03:29:32.441] ShellThumbnail.ExtractFrameToFile: SUCCESS -> C:\Users\Abd Allah\AppData\Local\PitflixPlayer\thumbs\65197920E41298C214D02D560E99C3A19882256A_1185.jpg
[03:29:32.520] ShellThumbnail.ExtractFrameToFile: SUCCESS -> C:\Users\Abd Allah\AppData\Local\PitflixPlayer\thumbs\65197920E41298C214D02D560E99C3A19882256A_1320.jpg
[03:29:32.617] ShellThumbnail.ExtractFrameToFile: SUCCESS -> C:\Users\Abd Allah\AppData\Local\PitflixPlayer\thumbs\65197920E41298C214D02D560E99C3A19882256A_1180.jpg
[03:29:32.819] ShellThumbnail.ExtractFrameToFile: SUCCESS -> C:\Users\Abd Allah\AppData\Local\PitflixPlayer\thumbs\65197920E41298C214D02D560E99C3A19882256A_1190.jpg
[03:29:33.205] ShellThumbnail.ExtractFrameToFile: SUCCESS -> C:\Users\Abd Allah\AppData\Local\PitflixPlayer\thumbs\65197920E41298C214D02D560E99C3A19882256A_1300.jpg
[03:29:33.666] ShellThumbnail.ExtractFrameToFile: SUCCESS -> C:\Users\Abd Allah\AppData\Local\PitflixPlayer\thumbs\65197920E41298C214D02D560E99C3A19882256A_1360.jpg
[03:29:34.544] ShellThumbnail.ExtractFrameToFile: SUCCESS -> C:\Users\Abd Allah\AppData\Local\PitflixPlayer\thumbs\65197920E41298C214D02D560E99C3A19882256A_1355.jpg
[03:29:34.723] ShellThumbnail.ExtractFrameToFile: SUCCESS -> C:\Users\Abd Allah\AppData\Local\PitflixPlayer\thumbs\65197920E41298C214D02D560E99C3A19882256A_1375.jpg
[03:29:34.903] ShellThumbnail.ExtractFrameToFile: SUCCESS -> C:\Users\Abd Allah\AppData\Local\PitflixPlayer\thumbs\65197920E41298C214D02D560E99C3A19882256A_1445.jpg
[03:29:35.119] ShellThumbnail.ExtractFrameToFile: SUCCESS -> C:\Users\Abd Allah\AppData\Local\PitflixPlayer\thumbs\65197920E41298C214D02D560E99C3A19882256A_1450.jpg
[03:29:35.401] ShellThumbnail.ExtractFrameToFile: SUCCESS -> C:\Users\Abd Allah\AppData\Local\PitflixPlayer\thumbs\65197920E41298C214D02D560E99C3A19882256A_1510.jpg
[03:29:35.837] ShellThumbnail.ExtractFrameToFile: SUCCESS -> C:\Users\Abd Allah\AppData\Local\PitflixPlayer\thumbs\65197920E41298C214D02D560E99C3A19882256A_1515.jpg
[03:29:35.838] ShellThumbnail.ExtractFrameToFile: SUCCESS -> C:\Users\Abd Allah\AppData\Local\PitflixPlayer\thumbs\65197920E41298C214D02D560E99C3A19882256A_1470.jpg
[03:29:36.125] ShellThumbnail.ExtractFrameToFile: SUCCESS -> C:\Users\Abd Allah\AppData\Local\PitflixPlayer\thumbs\65197920E41298C214D02D560E99C3A19882256A_1525.jpg
[03:29:36.932] ShellThumbnail.ExtractFrameToFile: SUCCESS -> C:\Users\Abd Allah\AppData\Local\PitflixPlayer\thumbs\65197920E41298C214D02D560E99C3A19882256A_1540.jpg
[03:29:37.114] ShellThumbnail.ExtractFrameToFile: SUCCESS -> C:\Users\Abd Allah\AppData\Local\PitflixPlayer\thumbs\65197920E41298C214D02D560E99C3A19882256A_1565.jpg
[03:29:37.226] ShellThumbnail.ExtractFrameToFile: SUCCESS -> C:\Users\Abd Allah\AppData\Local\PitflixPlayer\thumbs\65197920E41298C214D02D560E99C3A19882256A_1530.jpg
[03:29:37.576] ShellThumbnail.ExtractFrameToFile: SUCCESS -> C:\Users\Abd Allah\AppData\Local\PitflixPlayer\thumbs\65197920E41298C214D02D560E99C3A19882256A_1545.jpg
[03:29:37.681] ShellThumbnail.ExtractFrameToFile: SUCCESS -> C:\Users\Abd Allah\AppData\Local\PitflixPlayer\thumbs\65197920E41298C214D02D560E99C3A19882256A_1535.jpg
[03:29:37.833] ShellThumbnail.ExtractFrameToFile: SUCCESS -> C:\Users\Abd Allah\AppData\Local\PitflixPlayer\thumbs\65197920E41298C214D02D560E99C3A19882256A_1570.jpg
[03:29:38.162] ShellThumbnail.ExtractFrameToFile: SUCCESS -> C:\Users\Abd Allah\AppData\Local\PitflixPlayer\thumbs\65197920E41298C214D02D560E99C3A19882256A_1575.jpg
[03:29:38.251] ShellThumbnail.ExtractFrameToFile: SUCCESS -> C:\Users\Abd Allah\AppData\Local\PitflixPlayer\thumbs\65197920E41298C214D02D560E99C3A19882256A_1580.jpg
[03:29:38.664] ShellThumbnail.ExtractFrameToFile: SUCCESS -> C:\Users\Abd Allah\AppData\Local\PitflixPlayer\thumbs\65197920E41298C214D02D560E99C3A19882256A_1595.jpg
[03:29:38.664] Session stopped — entering pre-warm hide
[03:29:38.785] ShellThumbnail.ExtractFrameToFile: SUCCESS -> C:\Users\Abd Allah\AppData\Local\PitflixPlayer\thumbs\65197920E41298C214D02D560E99C3A19882256A_1585.jpg
[03:29:38.930] ShellThumbnail.ExtractFrameToFile: SUCCESS -> C:\Users\Abd Allah\AppData\Local\PitflixPlayer\thumbs\65197920E41298C214D02D560E99C3A19882256A_1590.jpg
[03:29:39.093] ShellThumbnail.ExtractFrameToFile: SUCCESS -> C:\Users\Abd Allah\AppData\Local\PitflixPlayer\thumbs\65197920E41298C214D02D560E99C3A19882256A_1615.jpg
[03:29:39.430] ShellThumbnail.ExtractFrameToFile: SUCCESS -> C:\Users\Abd Allah\AppData\Local\PitflixPlayer\thumbs\65197920E41298C214D02D560E99C3A19882256A_1610.jpg
[03:29:39.513] ShellThumbnail.ExtractFrameToFile: SUCCESS -> C:\Users\Abd Allah\AppData\Local\PitflixPlayer\thumbs\65197920E41298C214D02D560E99C3A19882256A_1620.jpg
[03:29:39.781] ShellThumbnail.ExtractFrameToFile: SUCCESS -> C:\Users\Abd Allah\AppData\Local\PitflixPlayer\thumbs\65197920E41298C214D02D560E99C3A19882256A_1625.jpg
[03:29:39.917] MpvIpcClient disposed
[03:29:39.918] Window closed
[05:11:17.461] App starting
[05:11:17.514] Subtitle preference loaded: mode=default, lang=(none)
[05:11:18.072] Keyboard hook handle: 0xD20FE6
[05:11:18.072] Mouse hook handle: 0x13C0E24
[05:11:18.075] OnLoadedCore start
[05:11:20.202] ChildHwnd = 0x320FF8
[05:11:20.203] Calling AttachAsync
[05:11:20.637] AttachAsync succeeded
[05:11:20.637] Connecting IPC to pipe: pitflix-wid-0367561343d3444a89c1262ec273c9f5
[05:11:21.163] MpvIpcClient connected to \\.\pipe\pitflix-wid-0367561343d3444a89c1262ec273c9f5
[05:11:21.383] OnLoadedCore complete
[05:11:21.549] BuildFolderPlaylist: scanned 29 video file(s) in 'F:\Series\Engilsh\The Pitt'
[05:11:21.551] BuildFolderPlaylist: queued 29 files; current at idx 3 — prev/next now visible
[05:11:24.748] ShellThumbnail.ExtractFrameToFile: SUCCESS -> C:\Users\Abd Allah\AppData\Local\PitflixPlayer\thumbs\E146A6AA5EB4A574052D06E753EA9A6932892D89_0.jpg
[05:11:24.783] ShellThumbnail.ExtractFrameToFile: SUCCESS -> C:\Users\Abd Allah\AppData\Local\PitflixPlayer\thumbs\E146A6AA5EB4A574052D06E753EA9A6932892D89_5.jpg
[05:11:24.865] ShellThumbnail.ExtractFrameToFile: SUCCESS -> C:\Users\Abd Allah\AppData\Local\PitflixPlayer\thumbs\E146A6AA5EB4A574052D06E753EA9A6932892D89_10.jpg
[05:11:24.997] ShellThumbnail.ExtractFrameToFile: SUCCESS -> C:\Users\Abd Allah\AppData\Local\PitflixPlayer\thumbs\E146A6AA5EB4A574052D06E753EA9A6932892D89_15.jpg
[05:11:25.010] ShellThumbnail.ExtractFrameToFile: SUCCESS -> C:\Users\Abd Allah\AppData\Local\PitflixPlayer\thumbs\E146A6AA5EB4A574052D06E753EA9A6932892D89_20.jpg
[05:11:25.036] ShellThumbnail.ExtractFrameToFile: SUCCESS -> C:\Users\Abd Allah\AppData\Local\PitflixPlayer\thumbs\E146A6AA5EB4A574052D06E753EA9A6932892D89_30.jpg
[05:11:25.099] ShellThumbnail.ExtractFrameToFile: SUCCESS -> C:\Users\Abd Allah\AppData\Local\PitflixPlayer\thumbs\E146A6AA5EB4A574052D06E753EA9A6932892D89_25.jpg
[05:11:25.663] ShellThumbnail.ExtractFrameToFile: SUCCESS -> C:\Users\Abd Allah\AppData\Local\PitflixPlayer\thumbs\E146A6AA5EB4A574052D06E753EA9A6932892D89_35.jpg
[05:11:30.000] ShellThumbnail.ExtractFrameToFile: SUCCESS -> C:\Users\Abd Allah\AppData\Local\PitflixPlayer\thumbs\E146A6AA5EB4A574052D06E753EA9A6932892D89_975.jpg
[05:11:30.021] ShellThumbnail.ExtractFrameToFile: SUCCESS -> C:\Users\Abd Allah\AppData\Local\PitflixPlayer\thumbs\E146A6AA5EB4A574052D06E753EA9A6932892D89_980.jpg
[05:11:30.038] ShellThumbnail.ExtractFrameToFile: SUCCESS -> C:\Users\Abd Allah\AppData\Local\PitflixPlayer\thumbs\E146A6AA5EB4A574052D06E753EA9A6932892D89_995.jpg
[05:11:30.067] ShellThumbnail.ExtractFrameToFile: SUCCESS -> C:\Users\Abd Allah\AppData\Local\PitflixPlayer\thumbs\E146A6AA5EB4A574052D06E753EA9A6932892D89_985.jpg
[05:11:30.085] ShellThumbnail.ExtractFrameToFile: SUCCESS -> C:\Users\Abd Allah\AppData\Local\PitflixPlayer\thumbs\E146A6AA5EB4A574052D06E753EA9A6932892D89_990.jpg
[05:11:36.009] ShellThumbnail.ExtractFrameToFile: SUCCESS -> C:\Users\Abd Allah\AppData\Local\PitflixPlayer\thumbs\E146A6AA5EB4A574052D06E753EA9A6932892D89_650.jpg
[05:11:36.157] ShellThumbnail.ExtractFrameToFile: SUCCESS -> C:\Users\Abd Allah\AppData\Local\PitflixPlayer\thumbs\E146A6AA5EB4A574052D06E753EA9A6932892D89_665.jpg
[05:11:36.175] ShellThumbnail.ExtractFrameToFile: SUCCESS -> C:\Users\Abd Allah\AppData\Local\PitflixPlayer\thumbs\E146A6AA5EB4A574052D06E753EA9A6932892D89_645.jpg
[05:11:36.205] ShellThumbnail.ExtractFrameToFile: SUCCESS -> C:\Users\Abd Allah\AppData\Local\PitflixPlayer\thumbs\E146A6AA5EB4A574052D06E753EA9A6932892D89_655.jpg
[05:11:36.233] ShellThumbnail.ExtractFrameToFile: SUCCESS -> C:\Users\Abd Allah\AppData\Local\PitflixPlayer\thumbs\E146A6AA5EB4A574052D06E753EA9A6932892D89_660.jpg
[05:11:36.507] ShellThumbnail.ExtractFrameToFile: SUCCESS -> C:\Users\Abd Allah\AppData\Local\PitflixPlayer\thumbs\E146A6AA5EB4A574052D06E753EA9A6932892D89_625.jpg
[05:11:36.569] ShellThumbnail.ExtractFrameToFile: SUCCESS -> C:\Users\Abd Allah\AppData\Local\PitflixPlayer\thumbs\E146A6AA5EB4A574052D06E753EA9A6932892D89_635.jpg
[05:11:36.570] ShellThumbnail.ExtractFrameToFile: SUCCESS -> C:\Users\Abd Allah\AppData\Local\PitflixPlayer\thumbs\E146A6AA5EB4A574052D06E753EA9A6932892D89_640.jpg
[05:11:36.598] ShellThumbnail.ExtractFrameToFile: SUCCESS -> C:\Users\Abd Allah\AppData\Local\PitflixPlayer\thumbs\E146A6AA5EB4A574052D06E753EA9A6932892D89_630.jpg
[05:11:37.662] ShellThumbnail.ExtractFrameToFile: SUCCESS -> C:\Users\Abd Allah\AppData\Local\PitflixPlayer\thumbs\E146A6AA5EB4A574052D06E753EA9A6932892D89_620.jpg
[05:11:38.565] ShellThumbnail.ExtractFrameToFile: SUCCESS -> C:\Users\Abd Allah\AppData\Local\PitflixPlayer\thumbs\E146A6AA5EB4A574052D06E753EA9A6932892D89_520.jpg
[05:11:38.608] ShellThumbnail.ExtractFrameToFile: SUCCESS -> C:\Users\Abd Allah\AppData\Local\PitflixPlayer\thumbs\E146A6AA5EB4A574052D06E753EA9A6932892D89_535.jpg
[05:11:38.631] ShellThumbnail.ExtractFrameToFile: SUCCESS -> C:\Users\Abd Allah\AppData\Local\PitflixPlayer\thumbs\E146A6AA5EB4A574052D06E753EA9A6932892D89_525.jpg
[05:11:38.667] ShellThumbnail.ExtractFrameToFile: SUCCESS -> C:\Users\Abd Allah\AppData\Local\PitflixPlayer\thumbs\E146A6AA5EB4A574052D06E753EA9A6932892D89_530.jpg
[05:11:38.765] ShellThumbnail.ExtractFrameToFile: SUCCESS -> C:\Users\Abd Allah\AppData\Local\PitflixPlayer\thumbs\E146A6AA5EB4A574052D06E753EA9A6932892D89_540.jpg
[05:11:39.396] ShellThumbnail.ExtractFrameToFile: SUCCESS -> C:\Users\Abd Allah\AppData\Local\PitflixPlayer\thumbs\E146A6AA5EB4A574052D06E753EA9A6932892D89_605.jpg
[05:11:39.748] ShellThumbnail.ExtractFrameToFile: SUCCESS -> C:\Users\Abd Allah\AppData\Local\PitflixPlayer\thumbs\E146A6AA5EB4A574052D06E753EA9A6932892D89_610.jpg
[05:11:39.815] ShellThumbnail.ExtractFrameToFile: SUCCESS -> C:\Users\Abd Allah\AppData\Local\PitflixPlayer\thumbs\E146A6AA5EB4A574052D06E753EA9A6932892D89_600.jpg
[05:11:39.941] ShellThumbnail.ExtractFrameToFile: SUCCESS -> C:\Users\Abd Allah\AppData\Local\PitflixPlayer\thumbs\E146A6AA5EB4A574052D06E753EA9A6932892D89_580.jpg
[05:11:39.959] ShellThumbnail.ExtractFrameToFile: SUCCESS -> C:\Users\Abd Allah\AppData\Local\PitflixPlayer\thumbs\E146A6AA5EB4A574052D06E753EA9A6932892D89_590.jpg
[05:11:39.975] ShellThumbnail.ExtractFrameToFile: SUCCESS -> C:\Users\Abd Allah\AppData\Local\PitflixPlayer\thumbs\E146A6AA5EB4A574052D06E753EA9A6932892D89_570.jpg
[05:11:40.018] ShellThumbnail.ExtractFrameToFile: SUCCESS -> C:\Users\Abd Allah\AppData\Local\PitflixPlayer\thumbs\E146A6AA5EB4A574052D06E753EA9A6932892D89_595.jpg
[05:11:40.312] ShellThumbnail.ExtractFrameToFile: SUCCESS -> C:\Users\Abd Allah\AppData\Local\PitflixPlayer\thumbs\E146A6AA5EB4A574052D06E753EA9A6932892D89_575.jpg
[05:11:41.032] ShellThumbnail.ExtractFrameToFile: SUCCESS -> C:\Users\Abd Allah\AppData\Local\PitflixPlayer\thumbs\E146A6AA5EB4A574052D06E753EA9A6932892D89_585.jpg
[05:11:41.068] ShellThumbnail.ExtractFrameToFile: SUCCESS -> C:\Users\Abd Allah\AppData\Local\PitflixPlayer\thumbs\E146A6AA5EB4A574052D06E753EA9A6932892D89_550.jpg
[05:11:41.307] ShellThumbnail.ExtractFrameToFile: SUCCESS -> C:\Users\Abd Allah\AppData\Local\PitflixPlayer\thumbs\E146A6AA5EB4A574052D06E753EA9A6932892D89_555.jpg
[05:11:41.368] ShellThumbnail.ExtractFrameToFile: SUCCESS -> C:\Users\Abd Allah\AppData\Local\PitflixPlayer\thumbs\E146A6AA5EB4A574052D06E753EA9A6932892D89_560.jpg
[05:11:41.442] ShellThumbnail.ExtractFrameToFile: SUCCESS -> C:\Users\Abd Allah\AppData\Local\PitflixPlayer\thumbs\E146A6AA5EB4A574052D06E753EA9A6932892D89_565.jpg
[05:11:41.520] ShellThumbnail.ExtractFrameToFile: SUCCESS -> C:\Users\Abd Allah\AppData\Local\PitflixPlayer\thumbs\E146A6AA5EB4A574052D06E753EA9A6932892D89_545.jpg
[05:11:41.578] ShellThumbnail.ExtractFrameToFile: SUCCESS -> C:\Users\Abd Allah\AppData\Local\PitflixPlayer\thumbs\E146A6AA5EB4A574052D06E753EA9A6932892D89_675.jpg
[05:11:41.637] ShellThumbnail.ExtractFrameToFile: SUCCESS -> C:\Users\Abd Allah\AppData\Local\PitflixPlayer\thumbs\E146A6AA5EB4A574052D06E753EA9A6932892D89_680.jpg
[05:11:41.693] ShellThumbnail.ExtractFrameToFile: SUCCESS -> C:\Users\Abd Allah\AppData\Local\PitflixPlayer\thumbs\E146A6AA5EB4A574052D06E753EA9A6932892D89_670.jpg
[05:11:41.715] ShellThumbnail.ExtractFrameToFile: SUCCESS -> C:\Users\Abd Allah\AppData\Local\PitflixPlayer\thumbs\E146A6AA5EB4A574052D06E753EA9A6932892D89_685.jpg
[05:11:42.591] ShellThumbnail.ExtractFrameToFile: SUCCESS -> C:\Users\Abd Allah\AppData\Local\PitflixPlayer\thumbs\E146A6AA5EB4A574052D06E753EA9A6932892D89_695.jpg
[05:11:43.220] ShellThumbnail.ExtractFrameToFile: SUCCESS -> C:\Users\Abd Allah\AppData\Local\PitflixPlayer\thumbs\E146A6AA5EB4A574052D06E753EA9A6932892D89_700.jpg
[05:11:43.266] ShellThumbnail.ExtractFrameToFile: SUCCESS -> C:\Users\Abd Allah\AppData\Local\PitflixPlayer\thumbs\E146A6AA5EB4A574052D06E753EA9A6932892D89_705.jpg
[05:11:43.284] ShellThumbnail.ExtractFrameToFile: SUCCESS -> C:\Users\Abd Allah\AppData\Local\PitflixPlayer\thumbs\E146A6AA5EB4A574052D06E753EA9A6932892D89_760.jpg
[05:11:43.354] ShellThumbnail.ExtractFrameToFile: SUCCESS -> C:\Users\Abd Allah\AppData\Local\PitflixPlayer\thumbs\E146A6AA5EB4A574052D06E753EA9A6932892D89_690.jpg
[05:11:43.406] ShellThumbnail.ExtractFrameToFile: SUCCESS -> C:\Users\Abd Allah\AppData\Local\PitflixPlayer\thumbs\E146A6AA5EB4A574052D06E753EA9A6932892D89_765.jpg
[05:11:43.431] ShellThumbnail.ExtractFrameToFile: SUCCESS -> C:\Users\Abd Allah\AppData\Local\PitflixPlayer\thumbs\E146A6AA5EB4A574052D06E753EA9A6932892D89_770.jpg
[05:11:43.507] ShellThumbnail.ExtractFrameToFile: SUCCESS -> C:\Users\Abd Allah\AppData\Local\PitflixPlayer\thumbs\E146A6AA5EB4A574052D06E753EA9A6932892D89_775.jpg
[05:11:43.623] ShellThumbnail.ExtractFrameToFile: SUCCESS -> C:\Users\Abd Allah\AppData\Local\PitflixPlayer\thumbs\E146A6AA5EB4A574052D06E753EA9A6932892D89_785.jpg
[05:11:43.698] ShellThumbnail.ExtractFrameToFile: SUCCESS -> C:\Users\Abd Allah\AppData\Local\PitflixPlayer\thumbs\E146A6AA5EB4A574052D06E753EA9A6932892D89_790.jpg
[05:11:43.859] ShellThumbnail.ExtractFrameToFile: SUCCESS -> C:\Users\Abd Allah\AppData\Local\PitflixPlayer\thumbs\E146A6AA5EB4A574052D06E753EA9A6932892D89_780.jpg
[05:11:43.883] ShellThumbnail.ExtractFrameToFile: SUCCESS -> C:\Users\Abd Allah\AppData\Local\PitflixPlayer\thumbs\E146A6AA5EB4A574052D06E753EA9A6932892D89_755.jpg
[05:11:43.888] ShellThumbnail.ExtractFrameToFile: SUCCESS -> C:\Users\Abd Allah\AppData\Local\PitflixPlayer\thumbs\E146A6AA5EB4A574052D06E753EA9A6932892D89_795.jpg
[05:11:44.399] ShellThumbnail.ExtractFrameToFile: SUCCESS -> C:\Users\Abd Allah\AppData\Local\PitflixPlayer\thumbs\E146A6AA5EB4A574052D06E753EA9A6932892D89_815.jpg
[05:11:44.415] ShellThumbnail.ExtractFrameToFile: SUCCESS -> C:\Users\Abd Allah\AppData\Local\PitflixPlayer\thumbs\E146A6AA5EB4A574052D06E753EA9A6932892D89_800.jpg
[05:11:44.996] ShellThumbnail.ExtractFrameToFile: SUCCESS -> C:\Users\Abd Allah\AppData\Local\PitflixPlayer\thumbs\E146A6AA5EB4A574052D06E753EA9A6932892D89_835.jpg
[05:11:45.173] ShellThumbnail.ExtractFrameToFile: SUCCESS -> C:\Users\Abd Allah\AppData\Local\PitflixPlayer\thumbs\E146A6AA5EB4A574052D06E753EA9A6932892D89_825.jpg
[05:11:45.282] ShellThumbnail.ExtractFrameToFile: SUCCESS -> C:\Users\Abd Allah\AppData\Local\PitflixPlayer\thumbs\E146A6AA5EB4A574052D06E753EA9A6932892D89_830.jpg
[05:11:45.312] ShellThumbnail.ExtractFrameToFile: SUCCESS -> C:\Users\Abd Allah\AppData\Local\PitflixPlayer\thumbs\E146A6AA5EB4A574052D06E753EA9A6932892D89_820.jpg
[05:11:45.421] ShellThumbnail.ExtractFrameToFile: SUCCESS -> C:\Users\Abd Allah\AppData\Local\PitflixPlayer\thumbs\E146A6AA5EB4A574052D06E753EA9A6932892D89_810.jpg
[05:11:45.605] ShellThumbnail.ExtractFrameToFile: SUCCESS -> C:\Users\Abd Allah\AppData\Local\PitflixPlayer\thumbs\E146A6AA5EB4A574052D06E753EA9A6932892D89_840.jpg
[05:11:45.832] ShellThumbnail.ExtractFrameToFile: SUCCESS -> C:\Users\Abd Allah\AppData\Local\PitflixPlayer\thumbs\E146A6AA5EB4A574052D06E753EA9A6932892D89_845.jpg
[05:11:45.953] ShellThumbnail.ExtractFrameToFile: SUCCESS -> C:\Users\Abd Allah\AppData\Local\PitflixPlayer\thumbs\E146A6AA5EB4A574052D06E753EA9A6932892D89_860.jpg
[05:11:45.986] ShellThumbnail.ExtractFrameToFile: SUCCESS -> C:\Users\Abd Allah\AppData\Local\PitflixPlayer\thumbs\E146A6AA5EB4A574052D06E753EA9A6932892D89_855.jpg
[05:11:46.334] ShellThumbnail.ExtractFrameToFile: SUCCESS -> C:\Users\Abd Allah\AppData\Local\PitflixPlayer\thumbs\E146A6AA5EB4A574052D06E753EA9A6932892D89_850.jpg
[05:11:46.406] ShellThumbnail.ExtractFrameToFile: SUCCESS -> C:\Users\Abd Allah\AppData\Local\PitflixPlayer\thumbs\E146A6AA5EB4A574052D06E753EA9A6932892D89_870.jpg
[05:11:46.499] ShellThumbnail.ExtractFrameToFile: SUCCESS -> C:\Users\Abd Allah\AppData\Local\PitflixPlayer\thumbs\E146A6AA5EB4A574052D06E753EA9A6932892D89_875.jpg
[05:11:46.583] ShellThumbnail.ExtractFrameToFile: SUCCESS -> C:\Users\Abd Allah\AppData\Local\PitflixPlayer\thumbs\E146A6AA5EB4A574052D06E753EA9A6932892D89_865.jpg
[05:11:46.705] ShellThumbnail.ExtractFrameToFile: SUCCESS -> C:\Users\Abd Allah\AppData\Local\PitflixPlayer\thumbs\E146A6AA5EB4A574052D06E753EA9A6932892D89_880.jpg
[05:11:46.890] ShellThumbnail.ExtractFrameToFile: SUCCESS -> C:\Users\Abd Allah\AppData\Local\PitflixPlayer\thumbs\E146A6AA5EB4A574052D06E753EA9A6932892D89_900.jpg
[05:11:46.965] ShellThumbnail.ExtractFrameToFile: SUCCESS -> C:\Users\Abd Allah\AppData\Local\PitflixPlayer\thumbs\E146A6AA5EB4A574052D06E753EA9A6932892D89_885.jpg
[05:11:47.008] ShellThumbnail.ExtractFrameToFile: SUCCESS -> C:\Users\Abd Allah\AppData\Local\PitflixPlayer\thumbs\E146A6AA5EB4A574052D06E753EA9A6932892D89_905.jpg
[05:11:47.342] ShellThumbnail.ExtractFrameToFile: SUCCESS -> C:\Users\Abd Allah\AppData\Local\PitflixPlayer\thumbs\E146A6AA5EB4A574052D06E753EA9A6932892D89_890.jpg
[05:11:47.734] ShellThumbnail.ExtractFrameToFile: SUCCESS -> C:\Users\Abd Allah\AppData\Local\PitflixPlayer\thumbs\E146A6AA5EB4A574052D06E753EA9A6932892D89_910.jpg
[05:11:47.990] ShellThumbnail.ExtractFrameToFile: SUCCESS -> C:\Users\Abd Allah\AppData\Local\PitflixPlayer\thumbs\E146A6AA5EB4A574052D06E753EA9A6932892D89_920.jpg
[05:11:47.993] ShellThumbnail.ExtractFrameToFile: SUCCESS -> C:\Users\Abd Allah\AppData\Local\PitflixPlayer\thumbs\E146A6AA5EB4A574052D06E753EA9A6932892D89_925.jpg
[05:11:47.994] ShellThumbnail.ExtractFrameToFile: SUCCESS -> C:\Users\Abd Allah\AppData\Local\PitflixPlayer\thumbs\E146A6AA5EB4A574052D06E753EA9A6932892D89_915.jpg
[05:11:48.010] ShellThumbnail.ExtractFrameToFile: SUCCESS -> C:\Users\Abd Allah\AppData\Local\PitflixPlayer\thumbs\E146A6AA5EB4A574052D06E753EA9A6932892D89_805.jpg
[05:11:48.185] ShellThumbnail.ExtractFrameToFile: SUCCESS -> C:\Users\Abd Allah\AppData\Local\PitflixPlayer\thumbs\E146A6AA5EB4A574052D06E753EA9A6932892D89_500.jpg
[05:11:48.303] ShellThumbnail.ExtractFrameToFile: SUCCESS -> C:\Users\Abd Allah\AppData\Local\PitflixPlayer\thumbs\E146A6AA5EB4A574052D06E753EA9A6932892D89_895.jpg
[05:11:48.359] ShellThumbnail.ExtractFrameToFile: SUCCESS -> C:\Users\Abd Allah\AppData\Local\PitflixPlayer\thumbs\E146A6AA5EB4A574052D06E753EA9A6932892D89_710.jpg
[05:11:48.878] ShellThumbnail.ExtractFrameToFile: SUCCESS -> C:\Users\Abd Allah\AppData\Local\PitflixPlayer\thumbs\E146A6AA5EB4A574052D06E753EA9A6932892D89_505.jpg
[05:11:49.045] ShellThumbnail.ExtractFrameToFile: SUCCESS -> C:\Users\Abd Allah\AppData\Local\PitflixPlayer\thumbs\E146A6AA5EB4A574052D06E753EA9A6932892D89_515.jpg
[05:11:49.688] ShellThumbnail.ExtractFrameToFile: SUCCESS -> C:\Users\Abd Allah\AppData\Local\PitflixPlayer\thumbs\E146A6AA5EB4A574052D06E753EA9A6932892D89_510.jpg
[05:11:49.694] ShellThumbnail.ExtractFrameToFile: SUCCESS -> C:\Users\Abd Allah\AppData\Local\PitflixPlayer\thumbs\E146A6AA5EB4A574052D06E753EA9A6932892D89_615.jpg
[05:11:50.008] ShellThumbnail.ExtractFrameToFile: SUCCESS -> C:\Users\Abd Allah\AppData\Local\PitflixPlayer\thumbs\E146A6AA5EB4A574052D06E753EA9A6932892D89_460.jpg
[05:11:50.102] ShellThumbnail.ExtractFrameToFile: SUCCESS -> C:\Users\Abd Allah\AppData\Local\PitflixPlayer\thumbs\E146A6AA5EB4A574052D06E753EA9A6932892D89_470.jpg
[05:11:50.352] ShellThumbnail.ExtractFrameToFile: SUCCESS -> C:\Users\Abd Allah\AppData\Local\PitflixPlayer\thumbs\E146A6AA5EB4A574052D06E753EA9A6932892D89_465.jpg
[05:11:50.444] ShellThumbnail.ExtractFrameToFile: SUCCESS -> C:\Users\Abd Allah\AppData\Local\PitflixPlayer\thumbs\E146A6AA5EB4A574052D06E753EA9A6932892D89_480.jpg
[05:11:50.552] ShellThumbnail.ExtractFrameToFile: SUCCESS -> C:\Users\Abd Allah\AppData\Local\PitflixPlayer\thumbs\E146A6AA5EB4A574052D06E753EA9A6932892D89_475.jpg
[05:11:50.681] ShellThumbnail.ExtractFrameToFile: SUCCESS -> C:\Users\Abd Allah\AppData\Local\PitflixPlayer\thumbs\E146A6AA5EB4A574052D06E753EA9A6932892D89_400.jpg
[05:11:50.720] ShellThumbnail.ExtractFrameToFile: SUCCESS -> C:\Users\Abd Allah\AppData\Local\PitflixPlayer\thumbs\E146A6AA5EB4A574052D06E753EA9A6932892D89_405.jpg
[05:11:50.817] ShellThumbnail.ExtractFrameToFile: SUCCESS -> C:\Users\Abd Allah\AppData\Local\PitflixPlayer\thumbs\E146A6AA5EB4A574052D06E753EA9A6932892D89_410.jpg
[05:11:50.832] ShellThumbnail.ExtractFrameToFile: SUCCESS -> C:\Users\Abd Allah\AppData\Local\PitflixPlayer\thumbs\E146A6AA5EB4A574052D06E753EA9A6932892D89_415.jpg
[05:11:51.226] ShellThumbnail.ExtractFrameToFile: SUCCESS -> C:\Users\Abd Allah\AppData\Local\PitflixPlayer\thumbs\E146A6AA5EB4A574052D06E753EA9A6932892D89_375.jpg
[05:11:51.460] ShellThumbnail.ExtractFrameToFile: SUCCESS -> C:\Users\Abd Allah\AppData\Local\PitflixPlayer\thumbs\E146A6AA5EB4A574052D06E753EA9A6932892D89_420.jpg
[05:11:51.829] ShellThumbnail.ExtractFrameToFile: SUCCESS -> C:\Users\Abd Allah\AppData\Local\PitflixPlayer\thumbs\E146A6AA5EB4A574052D06E753EA9A6932892D89_370.jpg
[05:11:51.867] ShellThumbnail.ExtractFrameToFile: SUCCESS -> C:\Users\Abd Allah\AppData\Local\PitflixPlayer\thumbs\E146A6AA5EB4A574052D06E753EA9A6932892D89_365.jpg
[05:11:52.093] ShellThumbnail.ExtractFrameToFile: SUCCESS -> C:\Users\Abd Allah\AppData\Local\PitflixPlayer\thumbs\E146A6AA5EB4A574052D06E753EA9A6932892D89_385.jpg
[05:11:52.138] ShellThumbnail.ExtractFrameToFile: SUCCESS -> C:\Users\Abd Allah\AppData\Local\PitflixPlayer\thumbs\E146A6AA5EB4A574052D06E753EA9A6932892D89_320.jpg
[05:11:52.373] ShellThumbnail.ExtractFrameToFile: SUCCESS -> C:\Users\Abd Allah\AppData\Local\PitflixPlayer\thumbs\E146A6AA5EB4A574052D06E753EA9A6932892D89_380.jpg
[05:11:52.560] ShellThumbnail.ExtractFrameToFile: SUCCESS -> C:\Users\Abd Allah\AppData\Local\PitflixPlayer\thumbs\E146A6AA5EB4A574052D06E753EA9A6932892D89_325.jpg
[05:11:52.733] ShellThumbnail.ExtractFrameToFile: SUCCESS -> C:\Users\Abd Allah\AppData\Local\PitflixPlayer\thumbs\E146A6AA5EB4A574052D06E753EA9A6932892D89_330.jpg
[05:11:53.081] ShellThumbnail.ExtractFrameToFile: SUCCESS -> C:\Users\Abd Allah\AppData\Local\PitflixPlayer\thumbs\E146A6AA5EB4A574052D06E753EA9A6932892D89_340.jpg
[05:11:53.283] ShellThumbnail.ExtractFrameToFile: SUCCESS -> C:\Users\Abd Allah\AppData\Local\PitflixPlayer\thumbs\E146A6AA5EB4A574052D06E753EA9A6932892D89_335.jpg
[05:11:53.309] ShellThumbnail.ExtractFrameToFile: SUCCESS -> C:\Users\Abd Allah\AppData\Local\PitflixPlayer\thumbs\E146A6AA5EB4A574052D06E753EA9A6932892D89_310.jpg
[05:11:53.724] ShellThumbnail.ExtractFrameToFile: SUCCESS -> C:\Users\Abd Allah\AppData\Local\PitflixPlayer\thumbs\E146A6AA5EB4A574052D06E753EA9A6932892D89_315.jpg
[05:11:53.977] ShellThumbnail.ExtractFrameToFile: SUCCESS -> C:\Users\Abd Allah\AppData\Local\PitflixPlayer\thumbs\E146A6AA5EB4A574052D06E753EA9A6932892D89_440.jpg
[05:11:54.276] ShellThumbnail.ExtractFrameToFile: SUCCESS -> C:\Users\Abd Allah\AppData\Local\PitflixPlayer\thumbs\E146A6AA5EB4A574052D06E753EA9A6932892D89_305.jpg
[05:11:54.385] ShellThumbnail.ExtractFrameToFile: SUCCESS -> C:\Users\Abd Allah\AppData\Local\PitflixPlayer\thumbs\E146A6AA5EB4A574052D06E753EA9A6932892D89_435.jpg
[05:11:54.415] ShellThumbnail.ExtractFrameToFile: SUCCESS -> C:\Users\Abd Allah\AppData\Local\PitflixPlayer\thumbs\E146A6AA5EB4A574052D06E753EA9A6932892D89_445.jpg
[05:11:54.426] ShellThumbnail.ExtractFrameToFile: SUCCESS -> C:\Users\Abd Allah\AppData\Local\PitflixPlayer\thumbs\E146A6AA5EB4A574052D06E753EA9A6932892D89_485.jpg
[05:11:54.473] ShellThumbnail.ExtractFrameToFile: SUCCESS -> C:\Users\Abd Allah\AppData\Local\PitflixPlayer\thumbs\E146A6AA5EB4A574052D06E753EA9A6932892D89_425.jpg
[05:11:54.586] ShellThumbnail.ExtractFrameToFile: SUCCESS -> C:\Users\Abd Allah\AppData\Local\PitflixPlayer\thumbs\E146A6AA5EB4A574052D06E753EA9A6932892D89_450.jpg
[05:11:54.615] ShellThumbnail.ExtractFrameToFile: SUCCESS -> C:\Users\Abd Allah\AppData\Local\PitflixPlayer\thumbs\E146A6AA5EB4A574052D06E753EA9A6932892D89_455.jpg
[05:11:54.642] ShellThumbnail.ExtractFrameToFile: SUCCESS -> C:\Users\Abd Allah\AppData\Local\PitflixPlayer\thumbs\E146A6AA5EB4A574052D06E753EA9A6932892D89_430.jpg
[05:11:54.685] ShellThumbnail.ExtractFrameToFile: SUCCESS -> C:\Users\Abd Allah\AppData\Local\PitflixPlayer\thumbs\E146A6AA5EB4A574052D06E753EA9A6932892D89_395.jpg
[05:11:54.691] ShellThumbnail.ExtractFrameToFile: SUCCESS -> C:\Users\Abd Allah\AppData\Local\PitflixPlayer\thumbs\E146A6AA5EB4A574052D06E753EA9A6932892D89_390.jpg
[05:11:54.723] ShellThumbnail.ExtractFrameToFile: SUCCESS -> C:\Users\Abd Allah\AppData\Local\PitflixPlayer\thumbs\E146A6AA5EB4A574052D06E753EA9A6932892D89_360.jpg
[05:12:00.462] Session stopped — entering pre-warm hide
[05:12:01.046] ShellThumbnail.ExtractFrameToFile: SUCCESS -> C:\Users\Abd Allah\AppData\Local\PitflixPlayer\thumbs\E146A6AA5EB4A574052D06E753EA9A6932892D89_3145.jpg
[05:12:01.198] ShellThumbnail.ExtractFrameToFile: SUCCESS -> C:\Users\Abd Allah\AppData\Local\PitflixPlayer\thumbs\E146A6AA5EB4A574052D06E753EA9A6932892D89_3150.jpg
[05:12:01.200] ShellThumbnail.ExtractFrameToFile: SUCCESS -> C:\Users\Abd Allah\AppData\Local\PitflixPlayer\thumbs\E146A6AA5EB4A574052D06E753EA9A6932892D89_3140.jpg
[05:12:01.203] ShellThumbnail.ExtractFrameToFile: SUCCESS -> C:\Users\Abd Allah\AppData\Local\PitflixPlayer\thumbs\E146A6AA5EB4A574052D06E753EA9A6932892D89_3160.jpg
[05:12:01.262] ShellThumbnail.ExtractFrameToFile: SUCCESS -> C:\Users\Abd Allah\AppData\Local\PitflixPlayer\thumbs\E146A6AA5EB4A574052D06E753EA9A6932892D89_3155.jpg
[05:12:02.049] MpvIpcClient disposed
[05:12:02.049] Window closed
[05:12:02.054] EnterPreWarmHide
[05:12:10.153] App starting
[05:12:10.162] Subtitle preference loaded: mode=default, lang=(none)
[05:12:10.629] Keyboard hook handle: 0x1350EDB
[05:12:10.630] Mouse hook handle: 0x24CE0ECF
[05:12:10.634] OnLoadedCore start
[05:12:12.742] ChildHwnd = 0xB11FA
[05:12:12.742] Calling AttachAsync
[05:12:12.754] AttachAsync succeeded
[05:12:12.754] Connecting IPC to pipe: pitflix-wid-b4b9fddd3af94b22a3fd1d9577498449
[05:12:12.796] MpvIpcClient connected to \\.\pipe\pitflix-wid-b4b9fddd3af94b22a3fd1d9577498449
[05:12:13.025] OnLoadedCore complete
[05:12:13.178] BuildFolderPlaylist: scanned 29 video file(s) in 'F:\Series\Engilsh\The Pitt'
[05:12:13.180] BuildFolderPlaylist: queued 29 files; current at idx 3 — prev/next now visible
[05:12:26.145] Session stopped — entering pre-warm hide
[05:12:27.542] MpvIpcClient disposed
[05:12:27.542] Window closed
[05:12:34.250] App starting
[05:12:34.255] Subtitle preference loaded: mode=default, lang=(none)
[05:12:34.705] Keyboard hook handle: 0x520910F1
[05:12:34.706] Mouse hook handle: 0x4FB50F19
[05:12:34.709] OnLoadedCore start
[05:12:36.827] ChildHwnd = 0x3B1178
[05:12:36.827] Calling AttachAsync
[05:12:36.838] AttachAsync succeeded
[05:12:36.839] Connecting IPC to pipe: pitflix-wid-88c8fc326788409587aaf2af4930d202
[05:12:36.881] MpvIpcClient connected to \\.\pipe\pitflix-wid-88c8fc326788409587aaf2af4930d202
[05:12:37.097] OnLoadedCore complete
[05:12:37.252] BuildFolderPlaylist: scanned 29 video file(s) in 'F:\Series\Engilsh\The Pitt'
[05:12:37.254] BuildFolderPlaylist: queued 29 files; current at idx 3 — prev/next now visible
[05:15:01.512] ShellThumbnail.ExtractFrameToFile: SUCCESS -> C:\Users\Abd Allah\AppData\Local\PitflixPlayer\thumbs\E146A6AA5EB4A574052D06E753EA9A6932892D89_2055.jpg
[05:15:01.550] ShellThumbnail.ExtractFrameToFile: SUCCESS -> C:\Users\Abd Allah\AppData\Local\PitflixPlayer\thumbs\E146A6AA5EB4A574052D06E753EA9A6932892D89_2060.jpg
[05:15:01.719] ShellThumbnail.ExtractFrameToFile: SUCCESS -> C:\Users\Abd Allah\AppData\Local\PitflixPlayer\thumbs\E146A6AA5EB4A574052D06E753EA9A6932892D89_2050.jpg
[05:15:01.734] ShellThumbnail.ExtractFrameToFile: SUCCESS -> C:\Users\Abd Allah\AppData\Local\PitflixPlayer\thumbs\E146A6AA5EB4A574052D06E753EA9A6932892D89_2045.jpg
[05:15:01.750] ShellThumbnail.ExtractFrameToFile: SUCCESS -> C:\Users\Abd Allah\AppData\Local\PitflixPlayer\thumbs\E146A6AA5EB4A574052D06E753EA9A6932892D89_2065.jpg
[05:15:01.857] ShellThumbnail.ExtractFrameToFile: SUCCESS -> C:\Users\Abd Allah\AppData\Local\PitflixPlayer\thumbs\E146A6AA5EB4A574052D06E753EA9A6932892D89_2070.jpg
[05:15:01.862] ShellThumbnail.ExtractFrameToFile: SUCCESS -> C:\Users\Abd Allah\AppData\Local\PitflixPlayer\thumbs\E146A6AA5EB4A574052D06E753EA9A6932892D89_2075.jpg
[05:15:02.021] ShellThumbnail.ExtractFrameToFile: SUCCESS -> C:\Users\Abd Allah\AppData\Local\PitflixPlayer\thumbs\E146A6AA5EB4A574052D06E753EA9A6932892D89_2080.jpg
[05:15:07.473] ShellThumbnail.ExtractFrameToFile: SUCCESS -> C:\Users\Abd Allah\AppData\Local\PitflixPlayer\thumbs\E146A6AA5EB4A574052D06E753EA9A6932892D89_2345.jpg
[05:15:07.491] ShellThumbnail.ExtractFrameToFile: SUCCESS -> C:\Users\Abd Allah\AppData\Local\PitflixPlayer\thumbs\E146A6AA5EB4A574052D06E753EA9A6932892D89_2340.jpg
[05:15:07.504] ShellThumbnail.ExtractFrameToFile: SUCCESS -> C:\Users\Abd Allah\AppData\Local\PitflixPlayer\thumbs\E146A6AA5EB4A574052D06E753EA9A6932892D89_2360.jpg
[05:15:07.519] ShellThumbnail.ExtractFrameToFile: SUCCESS -> C:\Users\Abd Allah\AppData\Local\PitflixPlayer\thumbs\E146A6AA5EB4A574052D06E753EA9A6932892D89_2355.jpg
[05:18:38.068] ShellThumbnail.ExtractFrameToFile: SUCCESS -> C:\Users\Abd Allah\AppData\Local\PitflixPlayer\thumbs\E146A6AA5EB4A574052D06E753EA9A6932892D89_175.jpg
[05:18:38.228] ShellThumbnail.ExtractFrameToFile: SUCCESS -> C:\Users\Abd Allah\AppData\Local\PitflixPlayer\thumbs\E146A6AA5EB4A574052D06E753EA9A6932892D89_165.jpg
[05:18:38.301] ShellThumbnail.ExtractFrameToFile: SUCCESS -> C:\Users\Abd Allah\AppData\Local\PitflixPlayer\thumbs\E146A6AA5EB4A574052D06E753EA9A6932892D89_180.jpg
[05:18:38.329] ShellThumbnail.ExtractFrameToFile: SUCCESS -> C:\Users\Abd Allah\AppData\Local\PitflixPlayer\thumbs\E146A6AA5EB4A574052D06E753EA9A6932892D89_170.jpg
[05:18:38.330] ShellThumbnail.ExtractFrameToFile: SUCCESS -> C:\Users\Abd Allah\AppData\Local\PitflixPlayer\thumbs\E146A6AA5EB4A574052D06E753EA9A6932892D89_185.jpg
[05:18:38.685] ShellThumbnail.ExtractFrameToFile: SUCCESS -> C:\Users\Abd Allah\AppData\Local\PitflixPlayer\thumbs\E146A6AA5EB4A574052D06E753EA9A6932892D89_295.jpg
[05:18:38.777] ShellThumbnail.ExtractFrameToFile: SUCCESS -> C:\Users\Abd Allah\AppData\Local\PitflixPlayer\thumbs\E146A6AA5EB4A574052D06E753EA9A6932892D89_300.jpg
[05:18:38.881] ShellThumbnail.ExtractFrameToFile: SUCCESS -> C:\Users\Abd Allah\AppData\Local\PitflixPlayer\thumbs\E146A6AA5EB4A574052D06E753EA9A6932892D89_285.jpg
[05:18:38.916] ShellThumbnail.ExtractFrameToFile: SUCCESS -> C:\Users\Abd Allah\AppData\Local\PitflixPlayer\thumbs\E146A6AA5EB4A574052D06E753EA9A6932892D89_290.jpg
[05:18:39.072] ShellThumbnail.ExtractFrameToFile: SUCCESS -> C:\Users\Abd Allah\AppData\Local\PitflixPlayer\thumbs\E146A6AA5EB4A574052D06E753EA9A6932892D89_280.jpg
[05:18:39.244] ShellThumbnail.ExtractFrameToFile: SUCCESS -> C:\Users\Abd Allah\AppData\Local\PitflixPlayer\thumbs\E146A6AA5EB4A574052D06E753EA9A6932892D89_275.jpg
[05:18:39.245] ShellThumbnail.ExtractFrameToFile: SUCCESS -> C:\Users\Abd Allah\AppData\Local\PitflixPlayer\thumbs\E146A6AA5EB4A574052D06E753EA9A6932892D89_270.jpg
[05:18:39.246] ShellThumbnail.ExtractFrameToFile: SUCCESS -> C:\Users\Abd Allah\AppData\Local\PitflixPlayer\thumbs\E146A6AA5EB4A574052D06E753EA9A6932892D89_265.jpg
[05:18:47.999] ShellThumbnail.ExtractFrameToFile: SUCCESS -> C:\Users\Abd Allah\AppData\Local\PitflixPlayer\thumbs\E146A6AA5EB4A574052D06E753EA9A6932892D89_1760.jpg
[05:18:48.069] ShellThumbnail.ExtractFrameToFile: SUCCESS -> C:\Users\Abd Allah\AppData\Local\PitflixPlayer\thumbs\E146A6AA5EB4A574052D06E753EA9A6932892D89_1755.jpg
[05:18:48.151] ShellThumbnail.ExtractFrameToFile: SUCCESS -> C:\Users\Abd Allah\AppData\Local\PitflixPlayer\thumbs\E146A6AA5EB4A574052D06E753EA9A6932892D89_1765.jpg
[05:18:48.274] ShellThumbnail.ExtractFrameToFile: SUCCESS -> C:\Users\Abd Allah\AppData\Local\PitflixPlayer\thumbs\E146A6AA5EB4A574052D06E753EA9A6932892D89_1770.jpg
[05:18:49.984] ShellThumbnail.ExtractFrameToFile: SUCCESS -> C:\Users\Abd Allah\AppData\Local\PitflixPlayer\thumbs\E146A6AA5EB4A574052D06E753EA9A6932892D89_2140.jpg
[05:18:50.011] ShellThumbnail.ExtractFrameToFile: SUCCESS -> C:\Users\Abd Allah\AppData\Local\PitflixPlayer\thumbs\E146A6AA5EB4A574052D06E753EA9A6932892D89_2150.jpg
[05:18:50.027] ShellThumbnail.ExtractFrameToFile: SUCCESS -> C:\Users\Abd Allah\AppData\Local\PitflixPlayer\thumbs\E146A6AA5EB4A574052D06E753EA9A6932892D89_2160.jpg
[05:18:50.166] ShellThumbnail.ExtractFrameToFile: SUCCESS -> C:\Users\Abd Allah\AppData\Local\PitflixPlayer\thumbs\E146A6AA5EB4A574052D06E753EA9A6932892D89_2155.jpg
[05:18:52.183] Session stopped — entering pre-warm hide
[05:18:52.966] MpvIpcClient disposed
[05:18:52.966] Window closed
[06:44:42.394] App starting
[06:44:42.402] Subtitle preference loaded: mode=default, lang=(none)
[06:44:42.919] Keyboard hook handle: 0x1611BC
[06:44:42.920] Mouse hook handle: 0x14A0A04
[06:44:42.923] OnLoadedCore start
[06:44:45.103] ChildHwnd = 0x4AC0E1C
[06:44:45.103] Calling AttachAsync
[06:44:45.128] AttachAsync succeeded
[06:44:45.129] Connecting IPC to pipe: pitflix-wid-27bb5f26e72049b1a108395212987be3
[06:44:45.194] MpvIpcClient connected to \\.\pipe\pitflix-wid-27bb5f26e72049b1a108395212987be3
[06:44:45.486] OnLoadedCore complete
[06:44:45.642] BuildFolderPlaylist: scanned 29 video file(s) in 'F:\Series\Engilsh\The Pitt'
[06:44:45.644] BuildFolderPlaylist: queued 29 files; current at idx 4 — prev/next now visible
[06:44:49.562] Session stopped — entering pre-warm hide
[06:44:50.835] MpvIpcClient disposed
[06:44:50.835] Window closed
[06:44:56.701] App starting
[06:44:56.718] Subtitle preference loaded: mode=default, lang=(none)
[06:44:57.666] Keyboard hook handle: 0xAB50F73
[06:44:57.667] Mouse hook handle: 0x8A0C60
[06:44:57.670] OnLoadedCore start
[06:44:59.800] ChildHwnd = 0x400CC6
[06:44:59.800] Calling AttachAsync
[06:44:59.817] AttachAsync succeeded
[06:44:59.817] Connecting IPC to pipe: pitflix-wid-ef513da8ef5e4bfc9f03620dc9eb2b9d
[06:44:59.860] MpvIpcClient connected to \\.\pipe\pitflix-wid-ef513da8ef5e4bfc9f03620dc9eb2b9d
[06:45:00.131] OnLoadedCore complete
[06:45:00.293] BuildFolderPlaylist: scanned 1 video file(s) in 'F:\Movies\اجنبي\Puss.in.Boots.The.Last.Wish.2022.1080p.10bit.WEBRip.6CH.x265.HEVC-PSA'
[06:45:00.293] BuildFolderPlaylist: only 1 video; leaving prev/next hidden
[06:46:54.139] ShellThumbnail.ExtractFrameToFile: SUCCESS -> C:\Users\Abd Allah\AppData\Local\PitflixPlayer\thumbs\AAA76267542CEAFA81141DB6CAFEE8CF4ECC76BE_1425.jpg
[06:46:54.189] ShellThumbnail.ExtractFrameToFile: SUCCESS -> C:\Users\Abd Allah\AppData\Local\PitflixPlayer\thumbs\AAA76267542CEAFA81141DB6CAFEE8CF4ECC76BE_1415.jpg
[06:46:54.650] ShellThumbnail.ExtractFrameToFile: SUCCESS -> C:\Users\Abd Allah\AppData\Local\PitflixPlayer\thumbs\AAA76267542CEAFA81141DB6CAFEE8CF4ECC76BE_2870.jpg
[06:46:54.709] ShellThumbnail.ExtractFrameToFile: SUCCESS -> C:\Users\Abd Allah\AppData\Local\PitflixPlayer\thumbs\AAA76267542CEAFA81141DB6CAFEE8CF4ECC76BE_1420.jpg
[06:46:55.094] ShellThumbnail.ExtractFrameToFile: SUCCESS -> C:\Users\Abd Allah\AppData\Local\PitflixPlayer\thumbs\AAA76267542CEAFA81141DB6CAFEE8CF4ECC76BE_2875.jpg
[06:46:55.152] ShellThumbnail.ExtractFrameToFile: SUCCESS -> C:\Users\Abd Allah\AppData\Local\PitflixPlayer\thumbs\AAA76267542CEAFA81141DB6CAFEE8CF4ECC76BE_2865.jpg
[06:46:55.632] ShellThumbnail.ExtractFrameToFile: SUCCESS -> C:\Users\Abd Allah\AppData\Local\PitflixPlayer\thumbs\AAA76267542CEAFA81141DB6CAFEE8CF4ECC76BE_5100.jpg
[06:46:55.663] ShellThumbnail.ExtractFrameToFile: SUCCESS -> C:\Users\Abd Allah\AppData\Local\PitflixPlayer\thumbs\AAA76267542CEAFA81141DB6CAFEE8CF4ECC76BE_5105.jpg
[06:46:56.096] ShellThumbnail.ExtractFrameToFile: SUCCESS -> C:\Users\Abd Allah\AppData\Local\PitflixPlayer\thumbs\AAA76267542CEAFA81141DB6CAFEE8CF4ECC76BE_4935.jpg
[06:46:56.127] ShellThumbnail.ExtractFrameToFile: SUCCESS -> C:\Users\Abd Allah\AppData\Local\PitflixPlayer\thumbs\AAA76267542CEAFA81141DB6CAFEE8CF4ECC76BE_5095.jpg
[06:46:56.572] ShellThumbnail.ExtractFrameToFile: SUCCESS -> C:\Users\Abd Allah\AppData\Local\PitflixPlayer\thumbs\AAA76267542CEAFA81141DB6CAFEE8CF4ECC76BE_4930.jpg
[06:46:56.603] ShellThumbnail.ExtractFrameToFile: SUCCESS -> C:\Users\Abd Allah\AppData\Local\PitflixPlayer\thumbs\AAA76267542CEAFA81141DB6CAFEE8CF4ECC76BE_4925.jpg
[06:46:57.068] ShellThumbnail.ExtractFrameToFile: SUCCESS -> C:\Users\Abd Allah\AppData\Local\PitflixPlayer\thumbs\AAA76267542CEAFA81141DB6CAFEE8CF4ECC76BE_4915.jpg
[06:46:57.099] ShellThumbnail.ExtractFrameToFile: SUCCESS -> C:\Users\Abd Allah\AppData\Local\PitflixPlayer\thumbs\AAA76267542CEAFA81141DB6CAFEE8CF4ECC76BE_4920.jpg
[06:46:57.542] ShellThumbnail.ExtractFrameToFile: SUCCESS -> C:\Users\Abd Allah\AppData\Local\PitflixPlayer\thumbs\AAA76267542CEAFA81141DB6CAFEE8CF4ECC76BE_4910.jpg
[06:46:57.668] ShellThumbnail.ExtractFrameToFile: SUCCESS -> C:\Users\Abd Allah\AppData\Local\PitflixPlayer\thumbs\AAA76267542CEAFA81141DB6CAFEE8CF4ECC76BE_1400.jpg
[06:46:58.458] ShellThumbnail.ExtractFrameToFile: SUCCESS -> C:\Users\Abd Allah\AppData\Local\PitflixPlayer\thumbs\AAA76267542CEAFA81141DB6CAFEE8CF4ECC76BE_1405.jpg
[06:46:58.627] ShellThumbnail.ExtractFrameToFile: SUCCESS -> C:\Users\Abd Allah\AppData\Local\PitflixPlayer\thumbs\AAA76267542CEAFA81141DB6CAFEE8CF4ECC76BE_1395.jpg
[06:46:59.124] ShellThumbnail.ExtractFrameToFile: SUCCESS -> C:\Users\Abd Allah\AppData\Local\PitflixPlayer\thumbs\AAA76267542CEAFA81141DB6CAFEE8CF4ECC76BE_1385.jpg
[06:46:59.274] ShellThumbnail.ExtractFrameToFile: SUCCESS -> C:\Users\Abd Allah\AppData\Local\PitflixPlayer\thumbs\AAA76267542CEAFA81141DB6CAFEE8CF4ECC76BE_1390.jpg
[06:46:59.660] ShellThumbnail.ExtractFrameToFile: SUCCESS -> C:\Users\Abd Allah\AppData\Local\PitflixPlayer\thumbs\AAA76267542CEAFA81141DB6CAFEE8CF4ECC76BE_1380.jpg
[06:46:59.829] ShellThumbnail.ExtractFrameToFile: SUCCESS -> C:\Users\Abd Allah\AppData\Local\PitflixPlayer\thumbs\AAA76267542CEAFA81141DB6CAFEE8CF4ECC76BE_1410.jpg
[06:47:00.410] ShellThumbnail.ExtractFrameToFile: SUCCESS -> C:\Users\Abd Allah\AppData\Local\PitflixPlayer\thumbs\AAA76267542CEAFA81141DB6CAFEE8CF4ECC76BE_1435.jpg
[06:47:00.472] ShellThumbnail.ExtractFrameToFile: SUCCESS -> C:\Users\Abd Allah\AppData\Local\PitflixPlayer\thumbs\AAA76267542CEAFA81141DB6CAFEE8CF4ECC76BE_1430.jpg
[06:47:00.982] ShellThumbnail.ExtractFrameToFile: SUCCESS -> C:\Users\Abd Allah\AppData\Local\PitflixPlayer\thumbs\AAA76267542CEAFA81141DB6CAFEE8CF4ECC76BE_1450.jpg
[06:47:01.555] ShellThumbnail.ExtractFrameToFile: SUCCESS -> C:\Users\Abd Allah\AppData\Local\PitflixPlayer\thumbs\AAA76267542CEAFA81141DB6CAFEE8CF4ECC76BE_1440.jpg
[06:47:01.679] ShellThumbnail.ExtractFrameToFile: SUCCESS -> C:\Users\Abd Allah\AppData\Local\PitflixPlayer\thumbs\AAA76267542CEAFA81141DB6CAFEE8CF4ECC76BE_1530.jpg
[06:47:02.067] ShellThumbnail.ExtractFrameToFile: SUCCESS -> C:\Users\Abd Allah\AppData\Local\PitflixPlayer\thumbs\AAA76267542CEAFA81141DB6CAFEE8CF4ECC76BE_1460.jpg
[06:47:02.237] ShellThumbnail.ExtractFrameToFile: SUCCESS -> C:\Users\Abd Allah\AppData\Local\PitflixPlayer\thumbs\AAA76267542CEAFA81141DB6CAFEE8CF4ECC76BE_1465.jpg
[06:47:02.791] ShellThumbnail.ExtractFrameToFile: SUCCESS -> C:\Users\Abd Allah\AppData\Local\PitflixPlayer\thumbs\AAA76267542CEAFA81141DB6CAFEE8CF4ECC76BE_1475.jpg
[06:47:02.825] ShellThumbnail.ExtractFrameToFile: SUCCESS -> C:\Users\Abd Allah\AppData\Local\PitflixPlayer\thumbs\AAA76267542CEAFA81141DB6CAFEE8CF4ECC76BE_1470.jpg
[06:47:03.271] ShellThumbnail.ExtractFrameToFile: SUCCESS -> C:\Users\Abd Allah\AppData\Local\PitflixPlayer\thumbs\AAA76267542CEAFA81141DB6CAFEE8CF4ECC76BE_1510.jpg
[06:47:03.428] ShellThumbnail.ExtractFrameToFile: SUCCESS -> C:\Users\Abd Allah\AppData\Local\PitflixPlayer\thumbs\AAA76267542CEAFA81141DB6CAFEE8CF4ECC76BE_1480.jpg
[06:47:03.703] ShellThumbnail.ExtractFrameToFile: SUCCESS -> C:\Users\Abd Allah\AppData\Local\PitflixPlayer\thumbs\AAA76267542CEAFA81141DB6CAFEE8CF4ECC76BE_1515.jpg
[06:47:03.918] ShellThumbnail.ExtractFrameToFile: SUCCESS -> C:\Users\Abd Allah\AppData\Local\PitflixPlayer\thumbs\AAA76267542CEAFA81141DB6CAFEE8CF4ECC76BE_1505.jpg
[06:47:04.146] ShellThumbnail.ExtractFrameToFile: SUCCESS -> C:\Users\Abd Allah\AppData\Local\PitflixPlayer\thumbs\AAA76267542CEAFA81141DB6CAFEE8CF4ECC76BE_1520.jpg
[06:47:04.535] ShellThumbnail.ExtractFrameToFile: SUCCESS -> C:\Users\Abd Allah\AppData\Local\PitflixPlayer\thumbs\AAA76267542CEAFA81141DB6CAFEE8CF4ECC76BE_1455.jpg
[06:47:04.643] ShellThumbnail.ExtractFrameToFile: SUCCESS -> C:\Users\Abd Allah\AppData\Local\PitflixPlayer\thumbs\AAA76267542CEAFA81141DB6CAFEE8CF4ECC76BE_1535.jpg
[06:47:04.983] ShellThumbnail.ExtractFrameToFile: SUCCESS -> C:\Users\Abd Allah\AppData\Local\PitflixPlayer\thumbs\AAA76267542CEAFA81141DB6CAFEE8CF4ECC76BE_1525.jpg
[06:47:05.399] ShellThumbnail.ExtractFrameToFile: SUCCESS -> C:\Users\Abd Allah\AppData\Local\PitflixPlayer\thumbs\AAA76267542CEAFA81141DB6CAFEE8CF4ECC76BE_1545.jpg
[06:47:05.457] ShellThumbnail.ExtractFrameToFile: SUCCESS -> C:\Users\Abd Allah\AppData\Local\PitflixPlayer\thumbs\AAA76267542CEAFA81141DB6CAFEE8CF4ECC76BE_1550.jpg
[06:47:06.025] ShellThumbnail.ExtractFrameToFile: SUCCESS -> C:\Users\Abd Allah\AppData\Local\PitflixPlayer\thumbs\AAA76267542CEAFA81141DB6CAFEE8CF4ECC76BE_1540.jpg
[06:47:06.073] ShellThumbnail.ExtractFrameToFile: SUCCESS -> C:\Users\Abd Allah\AppData\Local\PitflixPlayer\thumbs\AAA76267542CEAFA81141DB6CAFEE8CF4ECC76BE_1555.jpg
[06:47:06.517] ShellThumbnail.ExtractFrameToFile: SUCCESS -> C:\Users\Abd Allah\AppData\Local\PitflixPlayer\thumbs\AAA76267542CEAFA81141DB6CAFEE8CF4ECC76BE_1575.jpg
[06:47:06.566] ShellThumbnail.ExtractFrameToFile: SUCCESS -> C:\Users\Abd Allah\AppData\Local\PitflixPlayer\thumbs\AAA76267542CEAFA81141DB6CAFEE8CF4ECC76BE_1580.jpg
[06:47:07.005] ShellThumbnail.ExtractFrameToFile: SUCCESS -> C:\Users\Abd Allah\AppData\Local\PitflixPlayer\thumbs\AAA76267542CEAFA81141DB6CAFEE8CF4ECC76BE_1570.jpg
[06:47:07.065] ShellThumbnail.ExtractFrameToFile: SUCCESS -> C:\Users\Abd Allah\AppData\Local\PitflixPlayer\thumbs\AAA76267542CEAFA81141DB6CAFEE8CF4ECC76BE_1585.jpg
[06:47:07.423] ShellThumbnail.ExtractFrameToFile: SUCCESS -> C:\Users\Abd Allah\AppData\Local\PitflixPlayer\thumbs\AAA76267542CEAFA81141DB6CAFEE8CF4ECC76BE_1590.jpg
[06:47:07.544] ShellThumbnail.ExtractFrameToFile: SUCCESS -> C:\Users\Abd Allah\AppData\Local\PitflixPlayer\thumbs\AAA76267542CEAFA81141DB6CAFEE8CF4ECC76BE_1595.jpg
[06:47:07.973] ShellThumbnail.ExtractFrameToFile: SUCCESS -> C:\Users\Abd Allah\AppData\Local\PitflixPlayer\thumbs\AAA76267542CEAFA81141DB6CAFEE8CF4ECC76BE_1600.jpg
[06:47:08.030] ShellThumbnail.ExtractFrameToFile: SUCCESS -> C:\Users\Abd Allah\AppData\Local\PitflixPlayer\thumbs\AAA76267542CEAFA81141DB6CAFEE8CF4ECC76BE_1605.jpg
[06:47:08.528] ShellThumbnail.ExtractFrameToFile: SUCCESS -> C:\Users\Abd Allah\AppData\Local\PitflixPlayer\thumbs\AAA76267542CEAFA81141DB6CAFEE8CF4ECC76BE_1610.jpg
[06:47:08.545] ShellThumbnail.ExtractFrameToFile: SUCCESS -> C:\Users\Abd Allah\AppData\Local\PitflixPlayer\thumbs\AAA76267542CEAFA81141DB6CAFEE8CF4ECC76BE_1625.jpg
[06:47:09.021] ShellThumbnail.ExtractFrameToFile: SUCCESS -> C:\Users\Abd Allah\AppData\Local\PitflixPlayer\thumbs\AAA76267542CEAFA81141DB6CAFEE8CF4ECC76BE_1620.jpg
[06:47:09.036] ShellThumbnail.ExtractFrameToFile: SUCCESS -> C:\Users\Abd Allah\AppData\Local\PitflixPlayer\thumbs\AAA76267542CEAFA81141DB6CAFEE8CF4ECC76BE_1630.jpg
[06:47:09.673] ShellThumbnail.ExtractFrameToFile: SUCCESS -> C:\Users\Abd Allah\AppData\Local\PitflixPlayer\thumbs\AAA76267542CEAFA81141DB6CAFEE8CF4ECC76BE_1615.jpg
[06:47:09.851] ShellThumbnail.ExtractFrameToFile: SUCCESS -> C:\Users\Abd Allah\AppData\Local\PitflixPlayer\thumbs\AAA76267542CEAFA81141DB6CAFEE8CF4ECC76BE_1275.jpg
[06:47:10.264] ShellThumbnail.ExtractFrameToFile: SUCCESS -> C:\Users\Abd Allah\AppData\Local\PitflixPlayer\thumbs\AAA76267542CEAFA81141DB6CAFEE8CF4ECC76BE_1280.jpg
[06:47:10.438] ShellThumbnail.ExtractFrameToFile: SUCCESS -> C:\Users\Abd Allah\AppData\Local\PitflixPlayer\thumbs\AAA76267542CEAFA81141DB6CAFEE8CF4ECC76BE_1270.jpg
[06:47:11.005] ShellThumbnail.ExtractFrameToFile: SUCCESS -> C:\Users\Abd Allah\AppData\Local\PitflixPlayer\thumbs\AAA76267542CEAFA81141DB6CAFEE8CF4ECC76BE_1185.jpg
[06:47:11.040] ShellThumbnail.ExtractFrameToFile: SUCCESS -> C:\Users\Abd Allah\AppData\Local\PitflixPlayer\thumbs\AAA76267542CEAFA81141DB6CAFEE8CF4ECC76BE_1265.jpg
[06:47:11.444] ShellThumbnail.ExtractFrameToFile: SUCCESS -> C:\Users\Abd Allah\AppData\Local\PitflixPlayer\thumbs\AAA76267542CEAFA81141DB6CAFEE8CF4ECC76BE_1190.jpg
[06:47:11.548] ShellThumbnail.ExtractFrameToFile: SUCCESS -> C:\Users\Abd Allah\AppData\Local\PitflixPlayer\thumbs\AAA76267542CEAFA81141DB6CAFEE8CF4ECC76BE_1180.jpg
[06:47:11.969] ShellThumbnail.ExtractFrameToFile: SUCCESS -> C:\Users\Abd Allah\AppData\Local\PitflixPlayer\thumbs\AAA76267542CEAFA81141DB6CAFEE8CF4ECC76BE_1150.jpg
[06:47:11.988] ShellThumbnail.ExtractFrameToFile: SUCCESS -> C:\Users\Abd Allah\AppData\Local\PitflixPlayer\thumbs\AAA76267542CEAFA81141DB6CAFEE8CF4ECC76BE_1145.jpg
[06:47:12.529] ShellThumbnail.ExtractFrameToFile: SUCCESS -> C:\Users\Abd Allah\AppData\Local\PitflixPlayer\thumbs\AAA76267542CEAFA81141DB6CAFEE8CF4ECC76BE_1140.jpg
[06:47:12.606] ShellThumbnail.ExtractFrameToFile: SUCCESS -> C:\Users\Abd Allah\AppData\Local\PitflixPlayer\thumbs\AAA76267542CEAFA81141DB6CAFEE8CF4ECC76BE_1135.jpg
[06:47:13.042] ShellThumbnail.ExtractFrameToFile: SUCCESS -> C:\Users\Abd Allah\AppData\Local\PitflixPlayer\thumbs\AAA76267542CEAFA81141DB6CAFEE8CF4ECC76BE_1130.jpg
[06:47:13.428] ShellThumbnail.ExtractFrameToFile: SUCCESS -> C:\Users\Abd Allah\AppData\Local\PitflixPlayer\thumbs\AAA76267542CEAFA81141DB6CAFEE8CF4ECC76BE_1030.jpg
[06:47:13.750] ShellThumbnail.ExtractFrameToFile: SUCCESS -> C:\Users\Abd Allah\AppData\Local\PitflixPlayer\thumbs\AAA76267542CEAFA81141DB6CAFEE8CF4ECC76BE_1035.jpg
[06:47:13.913] ShellThumbnail.ExtractFrameToFile: SUCCESS -> C:\Users\Abd Allah\AppData\Local\PitflixPlayer\thumbs\AAA76267542CEAFA81141DB6CAFEE8CF4ECC76BE_1025.jpg
[06:47:14.241] ShellThumbnail.ExtractFrameToFile: SUCCESS -> C:\Users\Abd Allah\AppData\Local\PitflixPlayer\thumbs\AAA76267542CEAFA81141DB6CAFEE8CF4ECC76BE_1500.jpg
[06:47:14.424] ShellThumbnail.ExtractFrameToFile: SUCCESS -> C:\Users\Abd Allah\AppData\Local\PitflixPlayer\thumbs\AAA76267542CEAFA81141DB6CAFEE8CF4ECC76BE_1495.jpg
[06:47:14.685] ShellThumbnail.ExtractFrameToFile: SUCCESS -> C:\Users\Abd Allah\AppData\Local\PitflixPlayer\thumbs\AAA76267542CEAFA81141DB6CAFEE8CF4ECC76BE_1050.jpg
[06:47:15.007] ShellThumbnail.ExtractFrameToFile: SUCCESS -> C:\Users\Abd Allah\AppData\Local\PitflixPlayer\thumbs\AAA76267542CEAFA81141DB6CAFEE8CF4ECC76BE_1055.jpg
[06:47:15.237] ShellThumbnail.ExtractFrameToFile: SUCCESS -> C:\Users\Abd Allah\AppData\Local\PitflixPlayer\thumbs\AAA76267542CEAFA81141DB6CAFEE8CF4ECC76BE_1045.jpg
[06:47:15.530] ShellThumbnail.ExtractFrameToFile: SUCCESS -> C:\Users\Abd Allah\AppData\Local\PitflixPlayer\thumbs\AAA76267542CEAFA81141DB6CAFEE8CF4ECC76BE_1040.jpg
[06:47:16.629] ShellThumbnail.ExtractFrameToFile: SUCCESS -> C:\Users\Abd Allah\AppData\Local\PitflixPlayer\thumbs\AAA76267542CEAFA81141DB6CAFEE8CF4ECC76BE_950.jpg
[06:47:16.676] ShellThumbnail.ExtractFrameToFile: SUCCESS -> C:\Users\Abd Allah\AppData\Local\PitflixPlayer\thumbs\AAA76267542CEAFA81141DB6CAFEE8CF4ECC76BE_945.jpg
[06:47:17.068] ShellThumbnail.ExtractFrameToFile: SUCCESS -> C:\Users\Abd Allah\AppData\Local\PitflixPlayer\thumbs\AAA76267542CEAFA81141DB6CAFEE8CF4ECC76BE_940.jpg
[06:47:17.127] ShellThumbnail.ExtractFrameToFile: SUCCESS -> C:\Users\Abd Allah\AppData\Local\PitflixPlayer\thumbs\AAA76267542CEAFA81141DB6CAFEE8CF4ECC76BE_905.jpg
[06:47:17.560] ShellThumbnail.ExtractFrameToFile: SUCCESS -> C:\Users\Abd Allah\AppData\Local\PitflixPlayer\thumbs\AAA76267542CEAFA81141DB6CAFEE8CF4ECC76BE_910.jpg
[06:47:17.574] ShellThumbnail.ExtractFrameToFile: SUCCESS -> C:\Users\Abd Allah\AppData\Local\PitflixPlayer\thumbs\AAA76267542CEAFA81141DB6CAFEE8CF4ECC76BE_900.jpg
[06:47:18.194] ShellThumbnail.ExtractFrameToFile: SUCCESS -> C:\Users\Abd Allah\AppData\Local\PitflixPlayer\thumbs\AAA76267542CEAFA81141DB6CAFEE8CF4ECC76BE_895.jpg
[06:47:18.314] ShellThumbnail.ExtractFrameToFile: SUCCESS -> C:\Users\Abd Allah\AppData\Local\PitflixPlayer\thumbs\AAA76267542CEAFA81141DB6CAFEE8CF4ECC76BE_690.jpg
[06:47:18.774] ShellThumbnail.ExtractFrameToFile: SUCCESS -> C:\Users\Abd Allah\AppData\Local\PitflixPlayer\thumbs\AAA76267542CEAFA81141DB6CAFEE8CF4ECC76BE_695.jpg
[06:47:18.850] ShellThumbnail.ExtractFrameToFile: SUCCESS -> C:\Users\Abd Allah\AppData\Local\PitflixPlayer\thumbs\AAA76267542CEAFA81141DB6CAFEE8CF4ECC76BE_685.jpg
[06:47:22.920] ShellThumbnail.ExtractFrameToFile: SUCCESS -> C:\Users\Abd Allah\AppData\Local\PitflixPlayer\thumbs\AAA76267542CEAFA81141DB6CAFEE8CF4ECC76BE_2000.jpg
[06:47:22.952] ShellThumbnail.ExtractFrameToFile: SUCCESS -> C:\Users\Abd Allah\AppData\Local\PitflixPlayer\thumbs\AAA76267542CEAFA81141DB6CAFEE8CF4ECC76BE_2005.jpg
[06:47:23.429] ShellThumbnail.ExtractFrameToFile: SUCCESS -> C:\Users\Abd Allah\AppData\Local\PitflixPlayer\thumbs\AAA76267542CEAFA81141DB6CAFEE8CF4ECC76BE_1995.jpg
[06:48:56.729] ShellThumbnail.ExtractFrameToFile: SUCCESS -> C:\Users\Abd Allah\AppData\Local\PitflixPlayer\thumbs\AAA76267542CEAFA81141DB6CAFEE8CF4ECC76BE_4815.jpg
[06:48:56.758] ShellThumbnail.ExtractFrameToFile: SUCCESS -> C:\Users\Abd Allah\AppData\Local\PitflixPlayer\thumbs\AAA76267542CEAFA81141DB6CAFEE8CF4ECC76BE_4810.jpg
[06:48:57.227] ShellThumbnail.ExtractFrameToFile: SUCCESS -> C:\Users\Abd Allah\AppData\Local\PitflixPlayer\thumbs\AAA76267542CEAFA81141DB6CAFEE8CF4ECC76BE_4805.jpg
[06:48:58.972] Session stopped — entering pre-warm hide
[06:49:00.389] MpvIpcClient disposed
[06:49:00.390] Window closed
[07:01:31.381] App starting
[07:01:31.389] Subtitle preference loaded: mode=default, lang=(none)
[07:01:32.004] Keyboard hook handle: 0x1D560E4B
[07:01:32.005] Mouse hook handle: 0x561A0BD3
[07:01:32.008] OnLoadedCore start
[07:01:34.173] ChildHwnd = 0x73110E
[07:01:34.173] Calling AttachAsync
[07:01:34.189] AttachAsync succeeded
[07:01:34.190] Connecting IPC to pipe: pitflix-wid-81680b8f5e0e4b90801a93acf6aefb49
[07:01:34.254] MpvIpcClient connected to \\.\pipe\pitflix-wid-81680b8f5e0e4b90801a93acf6aefb49
[07:01:34.522] OnLoadedCore complete
[07:01:34.582] MpvIpcClient connected to \\.\pipe\pitflix-thumb-aedb7d546ce546ce9826b0ea98397c6f
[07:01:34.675] BuildFolderPlaylist: scanned 1 video file(s) in 'F:\Movies\اجنبي\Puss.in.Boots.The.Last.Wish.2022.1080p.10bit.WEBRip.6CH.x265.HEVC-PSA'
[07:01:34.675] BuildFolderPlaylist: only 1 video; leaving prev/next hidden
[07:01:34.937] ThumbServer: ready for 'Puss.in.Boots.The.Last.Wish.2022.1080p.10bit.WEBRip.6CH.x265.HEVC-PSA.mkv'
[07:30:39.441] WS error: The remote party closed the WebSocket connection without completing the close handshake.
[07:30:45.537] WS error: Unable to connect to the remote server
[07:30:51.618] WS error: Unable to connect to the remote server
[07:30:57.704] WS error: Unable to connect to the remote server
[07:31:04.178] WS parse error: The requested operation requires an element of type 'Object', but the target element has type 'Null'.
[07:31:05.188] Session stopped — entering pre-warm hide
[07:31:05.188] EnterPreWarmHide
[07:31:05.188] MpvIpcClient disposed
[07:31:05.189] MpvIpcClient disposed
[07:31:05.190] ThumbServer: disposed
[07:31:09.242] WS parse error: The requested operation requires an element of type 'Object', but the target element has type 'Null'.
[07:31:10.243] Session stopped — entering pre-warm hide
[07:31:14.280] WS parse error: The requested operation requires an element of type 'Object', but the target element has type 'Null'.
[07:31:15.290] Session stopped — entering pre-warm hide
[07:31:19.339] WS parse error: The requested operation requires an element of type 'Object', but the target element has type 'Null'.
[07:31:20.351] Session stopped — entering pre-warm hide
[07:31:24.394] WS parse error: The requested operation requires an element of type 'Object', but the target element has type 'Null'.
[07:31:25.399] Session stopped — entering pre-warm hide
[07:31:29.455] WS parse error: The requested operation requires an element of type 'Object', but the target element has type 'Null'.
[07:31:30.461] Session stopped — entering pre-warm hide
[07:31:34.511] WS parse error: The requested operation requires an element of type 'Object', but the target element has type 'Null'.
[07:31:35.524] Session stopped — entering pre-warm hide
[07:31:39.558] WS parse error: The requested operation requires an element of type 'Object', but the target element has type 'Null'.
[07:31:40.569] Session stopped — entering pre-warm hide
[07:31:44.615] WS parse error: The requested operation requires an element of type 'Object', but the target element has type 'Null'.
[07:31:45.620] Session stopped — entering pre-warm hide
[07:31:49.655] WS parse error: The requested operation requires an element of type 'Object', but the target element has type 'Null'.
[07:31:50.668] Session stopped — entering pre-warm hide
[07:31:54.724] WS parse error: The requested operation requires an element of type 'Object', but the target element has type 'Null'.
[07:31:55.738] Session stopped — entering pre-warm hide
[07:31:59.798] WS parse error: The requested operation requires an element of type 'Object', but the target element has type 'Null'.
[07:32:00.802] Session stopped — entering pre-warm hide
[07:32:04.860] WS parse error: The requested operation requires an element of type 'Object', but the target element has type 'Null'.
[07:32:05.867] Session stopped — entering pre-warm hide
[07:32:09.902] WS parse error: The requested operation requires an element of type 'Object', but the target element has type 'Null'.
[07:32:10.910] Session stopped — entering pre-warm hide
[07:32:14.955] WS parse error: The requested operation requires an element of type 'Object', but the target element has type 'Null'.
[07:32:15.966] Session stopped — entering pre-warm hide
[07:32:20.016] WS parse error: The requested operation requires an element of type 'Object', but the target element has type 'Null'.
[07:32:21.023] Session stopped — entering pre-warm hide
[07:32:25.068] WS parse error: The requested operation requires an element of type 'Object', but the target element has type 'Null'.
[07:32:26.081] Session stopped — entering pre-warm hide
[07:32:30.128] WS parse error: The requested operation requires an element of type 'Object', but the target element has type 'Null'.
[07:32:31.137] Session stopped — entering pre-warm hide
[07:32:35.195] WS parse error: The requested operation requires an element of type 'Object', but the target element has type 'Null'.
[07:32:36.208] Session stopped — entering pre-warm hide
[07:32:40.271] WS parse error: The requested operation requires an element of type 'Object', but the target element has type 'Null'.
[07:32:41.279] Session stopped — entering pre-warm hide
[07:32:45.335] WS parse error: The requested operation requires an element of type 'Object', but the target element has type 'Null'.
[07:32:46.344] Session stopped — entering pre-warm hide
[07:32:50.397] WS parse error: The requested operation requires an element of type 'Object', but the target element has type 'Null'.
[07:32:51.406] Session stopped — entering pre-warm hide
[07:32:55.444] WS parse error: The requested operation requires an element of type 'Object', but the target element has type 'Null'.
[07:32:56.511] Session stopped — entering pre-warm hide
[07:33:00.552] ExitPreWarmHide — new session fab9fc14-1476-4ad2-bccc-38ff731c715e
[07:33:01.950] MpvIpcClient connected to \\.\pipe\pitflix-thumb-45a20cb2d9064ed5bf29572dc012b1d4
[07:33:02.309] ThumbServer: ready for 'Puss.in.Boots.The.Last.Wish.2022.1080p.10bit.WEBRip.6CH.x265.HEVC-PSA.mkv'
[07:33:02.665] MpvIpcClient connected to \\.\pipe\pitflix-wid-9e66ca5bf9de4fa3828163c91b0c23f8
[07:33:02.676] ExitPreWarmHide complete
[07:33:02.837] BuildFolderPlaylist: scanned 1 video file(s) in 'F:\Movies\اجنبي\Puss.in.Boots.The.Last.Wish.2022.1080p.10bit.WEBRip.6CH.x265.HEVC-PSA'
[07:33:02.838] BuildFolderPlaylist: only 1 video; leaving prev/next hidden
[07:33:20.884] MpvIpcClient disposed
[07:33:20.913] ThumbServer: disposed
[07:33:21.760] Session stopped — entering pre-warm hide
[07:33:22.426] MpvIpcClient disposed
[07:33:22.427] Window closed
[07:33:25.080] App starting
[07:33:25.087] Subtitle preference loaded: mode=default, lang=(none)
[07:33:25.508] Keyboard hook handle: 0xFB312DB
[07:33:25.508] Mouse hook handle: 0x32FF0A27
[07:33:25.511] OnLoadedCore start
[07:33:27.605] ChildHwnd = 0x1270988
[07:33:27.606] Calling AttachAsync
[07:33:27.616] AttachAsync succeeded
[07:33:27.616] Connecting IPC to pipe: pitflix-wid-c752865e44db42859a7c61b41c81c728
[07:33:27.645] MpvIpcClient connected to \\.\pipe\pitflix-wid-c752865e44db42859a7c61b41c81c728
[07:33:27.835] OnLoadedCore complete
[07:33:27.966] MpvIpcClient connected to \\.\pipe\pitflix-thumb-2f3861f2510a41bd864d714a7defd775
[07:33:27.997] BuildFolderPlaylist: scanned 1 video file(s) in 'F:\Movies\اجنبي\Puss.in.Boots.The.Last.Wish.2022.1080p.10bit.WEBRip.6CH.x265.HEVC-PSA'
[07:33:27.997] BuildFolderPlaylist: only 1 video; leaving prev/next hidden
[07:33:28.316] ThumbServer: ready for 'Puss.in.Boots.The.Last.Wish.2022.1080p.10bit.WEBRip.6CH.x265.HEVC-PSA.mkv'
[07:33:48.282] MpvIpcClient disposed
[07:33:48.290] ThumbServer: disposed
[07:33:49.061] Session stopped — entering pre-warm hide
[07:33:49.793] MpvIpcClient disposed
[07:33:49.793] Window closed
[07:39:36.051] App starting
[07:39:36.059] Subtitle preference loaded: mode=default, lang=(none)
[07:39:36.523] Keyboard hook handle: 0x15F30BA9
[07:39:36.523] Mouse hook handle: 0x616808D5
[07:39:36.525] OnLoadedCore start
[07:39:38.633] ChildHwnd = 0x750EA0
[07:39:38.633] Calling AttachAsync
[07:39:38.651] AttachAsync succeeded
[07:39:38.652] Connecting IPC to pipe: pitflix-wid-a3ad0141cff54a19b1e5ea632bea86f0
[07:39:38.699] MpvIpcClient connected to \\.\pipe\pitflix-wid-a3ad0141cff54a19b1e5ea632bea86f0
[07:39:38.936] OnLoadedCore complete
[07:39:39.036] MpvIpcClient connected to \\.\pipe\pitflix-thumb-5a4fec2c1e2741f092779170d6ad2fee
[07:39:39.100] BuildFolderPlaylist: scanned 1 video file(s) in 'F:\Movies\اجنبي\Puss.in.Boots.The.Last.Wish.2022.1080p.10bit.WEBRip.6CH.x265.HEVC-PSA'
[07:39:39.101] BuildFolderPlaylist: only 1 video; leaving prev/next hidden
[07:39:39.392] ThumbServer: ready for 'Puss.in.Boots.The.Last.Wish.2022.1080p.10bit.WEBRip.6CH.x265.HEVC-PSA.mkv'
[07:40:43.043] MpvIpcClient disposed
[07:40:43.043] MpvIpcClient.SendAsync error: The operation was canceled.
[07:40:43.044] ThumbServer.ProduceAsync(2305) failed: Cannot access a disposed object.
Object name: 'System.Threading.SemaphoreSlim'.
[07:40:43.045] ThumbServer: disposed
[07:40:43.553] Session stopped — entering pre-warm hide
[07:40:44.558] MpvIpcClient disposed
[07:40:44.558] Window closed
[07:47:04.731] App starting
[07:47:04.737] Subtitle preference loaded: mode=default, lang=(none)
[07:47:05.175] Keyboard hook handle: 0xDBC1297
[07:47:05.176] Mouse hook handle: 0x6F911447
[07:47:05.178] OnLoadedCore start
[07:47:07.290] ChildHwnd = 0x8C104E
[07:47:07.290] Calling AttachAsync
[07:47:07.308] AttachAsync succeeded
[07:47:07.308] Connecting IPC to pipe: pitflix-wid-95f8c70d5cfc4e7d8023fdf6552dfe06
[07:47:07.373] MpvIpcClient connected to \\.\pipe\pitflix-wid-95f8c70d5cfc4e7d8023fdf6552dfe06
[07:47:07.648] OnLoadedCore complete
[07:47:07.696] MpvIpcClient connected to \\.\pipe\pitflix-thumb-2c88a853dc3747f4827dadc3fe010055
[07:47:07.815] BuildFolderPlaylist: scanned 1 video file(s) in 'F:\Movies\اجنبي\Puss.in.Boots.The.Last.Wish.2022.1080p.10bit.WEBRip.6CH.x265.HEVC-PSA'
[07:47:07.815] BuildFolderPlaylist: only 1 video; leaving prev/next hidden
[07:47:08.059] ThumbServer: ready for 'Puss.in.Boots.The.Last.Wish.2022.1080p.10bit.WEBRip.6CH.x265.HEVC-PSA.mkv'
[07:47:48.658] MpvIpcClient disposed
[07:47:48.658] MpvIpcClient.SendAsync error: The operation was canceled.
[07:47:48.658] ThumbServer.ProduceAsync(4375) failed: Cannot access a disposed object.
Object name: 'System.Threading.SemaphoreSlim'.
[07:47:48.659] ThumbServer: disposed
[07:47:49.107] Session stopped — entering pre-warm hide
[07:47:50.225] OnClosed: save-progress-now failed (non-fatal): One or more errors occurred. (A task was canceled.)
[07:47:50.225] MpvIpcClient disposed
[07:47:50.226] Window closed
[23:56:59.919] App starting
[23:56:59.942] Subtitle preference loaded: mode=default, lang=(none)
[23:57:00.342] Keyboard hook handle: 0x1C20081
[23:57:00.343] Mouse hook handle: 0x2CB07C9
[23:57:00.345] OnLoadedCore start
[23:57:02.450] ChildHwnd = 0x20E68
[23:57:02.450] Calling AttachAsync
[23:57:02.841] AttachAsync succeeded
[23:57:02.841] Connecting IPC to pipe: pitflix-wid-ac8644a38dd14c1b87e8c43dda88c17a
[23:57:03.220] MpvIpcClient connected to \\.\pipe\pitflix-wid-ac8644a38dd14c1b87e8c43dda88c17a
[23:57:03.444] OnLoadedCore complete
[23:57:03.597] MpvIpcClient connected to \\.\pipe\pitflix-thumb-36d8cc862d554360bf5212075b617aca
[23:57:03.599] BuildFolderPlaylist: scanned 1 video file(s) in 'F:\Movies\اجنبي\Puss.in.Boots.The.Last.Wish.2022.1080p.10bit.WEBRip.6CH.x265.HEVC-PSA'
[23:57:03.610] BuildFolderPlaylist: only 1 video; leaving prev/next hidden
[23:57:03.959] ThumbServer: ready for 'Puss.in.Boots.The.Last.Wish.2022.1080p.10bit.WEBRip.6CH.x265.HEVC-PSA.mkv'
[00:00:27.325] MpvIpcClient disposed
[00:00:27.325] MpvIpcClient.SendAsync error: The operation was canceled.
[00:00:27.326] ThumbServer: disposed
[00:00:27.326] ThumbServer.ProduceAsync(3190) failed: Cannot access a disposed object.
Object name: 'System.Threading.SemaphoreSlim'.
[00:00:28.056] Session stopped — entering pre-warm hide
[00:00:28.838] MpvIpcClient disposed
[00:00:28.838] Window closed
[00:00:34.235] App starting
[00:00:34.240] Subtitle preference loaded: mode=default, lang=(none)
[00:00:34.644] Keyboard hook handle: 0x6390763
[00:00:34.645] Mouse hook handle: 0x4840283
[00:00:34.647] OnLoadedCore start
[00:00:36.758] ChildHwnd = 0x30E58
[00:00:36.758] Calling AttachAsync
[00:00:36.769] AttachAsync succeeded
[00:00:36.769] Connecting IPC to pipe: pitflix-wid-3479a72c5ff94b6d9e9502947f206af5
[00:00:36.797] MpvIpcClient connected to \\.\pipe\pitflix-wid-3479a72c5ff94b6d9e9502947f206af5
[00:00:36.962] OnLoadedCore complete
[00:00:37.118] MpvIpcClient connected to \\.\pipe\pitflix-thumb-4cb490fa2f8d4008902d7532aeaecb82
[00:00:37.120] BuildFolderPlaylist: scanned 1 video file(s) in 'F:\Movies\اجنبي\Puss.in.Boots.The.Last.Wish.2022.1080p.10bit.WEBRip.6CH.x265.HEVC-PSA'
[00:00:37.121] BuildFolderPlaylist: only 1 video; leaving prev/next hidden
[00:00:37.472] ThumbServer: ready for 'Puss.in.Boots.The.Last.Wish.2022.1080p.10bit.WEBRip.6CH.x265.HEVC-PSA.mkv'
[00:21:06.089] MpvIpcClient disposed
[00:21:06.089] MpvIpcClient.SendAsync error: The operation was canceled.
[00:21:06.090] ThumbServer.ProduceAsync(3300) failed: Cannot access a disposed object.
Object name: 'System.Threading.SemaphoreSlim'.
[00:21:06.090] ThumbServer: disposed
[00:21:08.000] MpvIpcClient disposed
[00:21:08.001] Window closed
[00:27:29.200] App starting
[00:27:29.207] Subtitle preference loaded: mode=default, lang=(none)
[00:27:29.653] Keyboard hook handle: 0x2144A
[00:27:29.653] Mouse hook handle: 0x21452
[00:27:29.656] OnLoadedCore start
[00:27:31.773] ChildHwnd = 0x16141C
[00:27:31.773] Calling AttachAsync
[00:27:31.788] AttachAsync succeeded
[00:27:31.788] Connecting IPC to pipe: pitflix-wid-820764b571c14bb5bc73637b85b32b31
[00:27:31.813] MpvIpcClient connected to \\.\pipe\pitflix-wid-820764b571c14bb5bc73637b85b32b31
[00:27:32.014] OnLoadedCore complete
[00:27:32.134] MpvIpcClient connected to \\.\pipe\pitflix-thumb-6699067d6ec446c7b9052465420b78df
[00:27:32.167] BuildFolderPlaylist: scanned 1 video file(s) in 'F:\Movies\اجنبي\Puss.in.Boots.The.Last.Wish.2022.1080p.10bit.WEBRip.6CH.x265.HEVC-PSA'
[00:27:32.168] BuildFolderPlaylist: only 1 video; leaving prev/next hidden
[00:27:32.489] ThumbServer: ready for 'Puss.in.Boots.The.Last.Wish.2022.1080p.10bit.WEBRip.6CH.x265.HEVC-PSA.mkv'
[00:28:46.222] MpvIpcClient disposed
[00:28:46.223] MpvIpcClient.SendAsync error: The operation was canceled.
[00:28:46.223] ThumbServer.ProduceAsync(3160) failed: Cannot access a disposed object.
Object name: 'System.Threading.SemaphoreSlim'.
[00:28:46.224] ThumbServer: disposed
[00:28:46.654] Session stopped — entering pre-warm hide
[00:28:47.738] MpvIpcClient disposed
[00:28:47.739] Window closed
[00:28:52.643] App starting
[00:28:52.650] Subtitle preference loaded: mode=default, lang=(none)
[00:28:53.086] Keyboard hook handle: 0x2131079
[00:28:53.086] Mouse hook handle: 0x314BD
[00:28:53.088] OnLoadedCore start
[00:28:55.176] ChildHwnd = 0x20F70
[00:28:55.176] Calling AttachAsync
[00:28:55.187] AttachAsync succeeded
[00:28:55.187] Connecting IPC to pipe: pitflix-wid-1c383b519f7f4776b394b815086bc836
[00:28:55.215] MpvIpcClient connected to \\.\pipe\pitflix-wid-1c383b519f7f4776b394b815086bc836
[00:28:55.390] OnLoadedCore complete
[00:28:55.535] MpvIpcClient connected to \\.\pipe\pitflix-thumb-4ff999fc0bdf4569a8eadbe31fe13860
[00:28:55.551] BuildFolderPlaylist: scanned 1 video file(s) in 'F:\Movies\اجنبي\Puss.in.Boots.The.Last.Wish.2022.1080p.10bit.WEBRip.6CH.x265.HEVC-PSA'
[00:28:55.552] BuildFolderPlaylist: only 1 video; leaving prev/next hidden
[00:28:55.890] ThumbServer: ready for 'Puss.in.Boots.The.Last.Wish.2022.1080p.10bit.WEBRip.6CH.x265.HEVC-PSA.mkv'
[00:29:23.161] MpvIpcClient disposed
[00:29:23.173] ThumbServer: disposed
[00:29:23.649] Session stopped — entering pre-warm hide
[00:29:24.683] MpvIpcClient disposed
[00:29:24.683] Window closed
[00:30:36.367] App starting
[00:30:36.372] Subtitle preference loaded: mode=default, lang=(none)
[00:30:36.712] Keyboard hook handle: 0x2490EC1
[00:30:36.712] Mouse hook handle: 0x1914F3
[00:30:36.714] OnLoadedCore start
[00:30:38.828] ChildHwnd = 0x30145E
[00:30:38.829] Calling AttachAsync
[00:30:38.838] AttachAsync succeeded
[00:30:38.839] Connecting IPC to pipe: pitflix-wid-3345c7de3c9549dbbf67604b9224e92e
[00:30:38.868] MpvIpcClient connected to \\.\pipe\pitflix-wid-3345c7de3c9549dbbf67604b9224e92e
[00:30:39.045] OnLoadedCore complete
[00:30:39.206] MpvIpcClient connected to \\.\pipe\pitflix-thumb-bd157edf842d44e3aa149b81392a0e0d
[00:30:39.208] BuildFolderPlaylist: scanned 43 video file(s) in 'H:\R.G. Catalyst\Pro Evolution Soccer 2013'
[00:30:39.283] BuildFolderPlaylist: queued 43 files; current at idx 41 — prev/next now visible
[00:30:39.560] ThumbServer: ready for '[BlackedRaw] Chloe Amour (Insatiable Chloe Ditches BF For A Night Of BBC _ 01.29.2024).mp4'
[00:30:53.646] ShellThumbnail: Shell delivered 256×144 for are you thirsty from all that hard work.mp4
[00:30:53.646] ShellThumbnail: Shell delivered 256×144 for how to chop the morning wood.mp4
[00:30:53.647] ShellThumbnail: Shell delivered 256×144 for Blair williams [pornmir, порно, new porn, hd 1080 blonde.mp4
[00:30:53.647] ShellThumbnail: Shell delivered 256×144 for her tits are the golden ticket.mp4
[00:30:53.647] ShellThumbnail: Shell delivered 256×144 for people to share time with.mp4
[00:30:53.647] ShellThumbnail: Shell delivered 256×144 for mommysgirl.26.01.31.little.puck.and.hailey.rose.fuckingsession.com.mp4
[00:30:53.648] ShellThumbnail: Shell delivered 256×144 for PureTaboo.23.06.27.Leana.Lovings.XXX.1080p.mp4
[00:30:53.648] ShellThumbnail: Shell delivered 256×144 for Curvy brunette fingering girl eavesdropping on mom part one.mp4
[00:30:53.648] ShellThumbnail: Shell delivered 256×144 for how would you rate your stamina.mp4
[00:30:53.648] ShellThumbnail: Shell delivered 256×144 for investigating with your mouth, officer.mp4
[00:30:53.648] ShellThumbnail: Shell delivered 256×144 for Big Tit Temptress Alison Tyler Performs HOT AF Mesmerizing Titty Show.mp4
[00:30:53.652] ShellThumbnail: Shell delivered 256×144 for tackling every angle.mp4
[00:30:53.652] ShellThumbnail: Shell delivered 256×144 for thanks for helping making history.mp4
[00:30:53.653] ShellThumbnail: Shell delivered 256×144 for PureTaboo_-_Leana_Lovings_The_Boy_Who_Cried_Step.mp4
[00:30:53.658] ShellThumbnail: Shell delivered 256×144 for Stepsister secretly slipped under my blanket at night....mp4
[00:30:53.658] ShellThumbnail: Shell delivered 256×144 for put some fire on the chocolate.mp4
[00:30:53.659] ShellThumbnail: Shell delivered 256×144 for Vampired.26.02.06.Little.Puck.And.Veronica.Leal.Refuge.XXX.720p.mp4
[00:30:53.659] ShellThumbnail: Shell delivered 256×144 for you don't seem to know your girlfriend....mp4
[00:30:53.659] ShellThumbnail: Shell delivered 256×144 for Vampired_-_Octokuro_Finding_The_Dollhouse_prntrx.blogspot.com.mp4
[00:30:53.660] ShellThumbnail: Shell delivered 256×144 for so much good ass.mp4
[00:30:53.661] ShellThumbnail: Shell delivered 256×144 for vampired.26.03.06.leana.lovings.and.lucy.mochi.the.last.woman.on.earth.fuckingsession.com.mp4
[00:30:53.661] ShellThumbnail: Shell delivered 256×144 for under her business casual.mp4
[00:30:53.662] ShellThumbnail: Shell delivered 256×144 for Two Fantastic Brunette Girls (720).mp4
[00:30:53.662] ShellThumbnail: Shell delivered 256×144 for wanna strip and get more comfortable.mp4
[00:30:53.663] ShellThumbnail: Shell delivered 256×144 for [BlackedRaw] Chloe Amour (Insatiable Chloe Ditches BF For A Night Of BBC _ 01.29.2024).mp4
[00:30:53.663] ShellThumbnail: Shell delivered 256×144 for [PornhubFans 720p] My Boyfriend Fucked my Ass for the First Time after he found out I Cheated, and he came inside!.mp4
[00:30:53.664] ShellThumbnail: Shell delivered 256×144 for we each have one, girl.mp4
[00:30:56.211] Playlist: jumping to index 0
[00:30:59.260] ShellThumbnail: Shell delivered 256×144 for admiring the person from inside.mp4
[00:30:59.260] ShellThumbnail: Shell delivered 256×144 for a date that's more than a date.mp4
[00:30:59.260] ShellThumbnail: Shell delivered 256×144 for are you thirsty from all that hard work.mp4
[00:30:59.261] ShellThumbnail: Shell delivered 256×144 for Curvy brunette fingering girl eavesdropping on mom part one.mp4
[00:30:59.262] ShellThumbnail: Shell delivered 256×144 for Blair williams [pornmir, порно, new porn, hd 1080 blonde.mp4
[00:30:59.263] ShellThumbnail: Shell delivered 256×144 for Big Tit Temptress Alison Tyler Performs HOT AF Mesmerizing Titty Show.mp4
[00:30:59.264] ShellThumbnail: Shell delivered 256×144 for do you imagine fucking me.mp4
[00:30:59.264] ShellThumbnail: Shell delivered 256×144 for Elly clutch, zoey di giacomo truth or dare threesome .mp4
[00:30:59.265] ShellThumbnail: Shell delivered 256×144 for Gabbie carter bz 3.mp4
[00:30:59.266] ShellThumbnail: Shell delivered 256×144 for Emma butt(порно.mp4
[00:30:59.266] ShellThumbnail: Shell delivered 256×144 for Gabbie carter (gabbiecartertv double d business woman means business).mp4
[00:30:59.273] ShellThumbnail: Shell delivered 256×144 for her tits are the golden ticket.mp4
[00:30:59.274] ShellThumbnail: Shell delivered 256×144 for PureTaboo.23.06.27.Leana.Lovings.XXX.1080p.mp4
[00:30:59.274] ShellThumbnail: Shell delivered 256×144 for investigating with your mouth, officer.mp4
[00:30:59.274] ShellThumbnail: Shell delivered 256×144 for mommysgirl.26.01.31.little.puck.and.hailey.rose.fuckingsession.com.mp4
[00:30:59.274] ShellThumbnail: Shell delivered 256×144 for how would you rate your stamina.mp4
[00:30:59.275] ShellThumbnail: Shell delivered 256×144 for put some fire on the chocolate.mp4
[00:30:59.276] ShellThumbnail: Shell delivered 256×144 for round enough to get behind.mp4
[00:30:59.277] ShellThumbnail: Shell delivered 256×144 for so much good ass.mp4
[00:30:59.278] ShellThumbnail: Shell delivered 256×144 for Stepsister secretly slipped under my blanket at night....mp4
[00:30:59.278] ShellThumbnail: Shell delivered 256×144 for tackling every angle.mp4
[00:30:59.279] ShellThumbnail: Shell delivered 256×144 for thanks for helping making history.mp4
[00:30:59.280] ShellThumbnail: Shell delivered 256×144 for the anime effect.mp4
[00:30:59.281] ShellThumbnail: Shell delivered 256×144 for Two Fantastic Brunette Girls (720).mp4
[00:30:59.281] ShellThumbnail: Shell delivered 256×144 for under her business casual.mp4
[00:30:59.282] ShellThumbnail: Shell delivered 256×144 for Vampired.26.02.06.Little.Puck.And.Veronica.Leal.Refuge.XXX.720p.mp4
[00:30:59.283] ShellThumbnail: Shell delivered 256×144 for vampired.26.03.06.leana.lovings.and.lucy.mochi.the.last.woman.on.earth.fuckingsession.com.mp4
[00:30:59.283] ShellThumbnail: Shell delivered 256×144 for vampired.25.09.19.octokuro.and.rheina.ohara.controlling.the.half.breed.fuckingsession.com.mp4
[00:30:59.284] ShellThumbnail: Shell delivered 256×144 for Vampired_-_Octokuro_Finding_The_Dollhouse_prntrx.blogspot.com.mp4
[00:30:59.285] ShellThumbnail: Shell delivered 256×144 for wanna strip and get more comfortable.mp4
[00:30:59.285] ShellThumbnail: Shell delivered 256×144 for [BlackedRaw] Chloe Amour (Insatiable Chloe Ditches BF For A Night Of BBC _ 01.29.2024).mp4
[00:30:59.286] ShellThumbnail: Shell delivered 256×144 for wrong room, right outcome.mp4
[00:30:59.287] ShellThumbnail: Shell delivered 256×144 for you don't seem to know your girlfriend....mp4
[00:30:59.287] ShellThumbnail: Shell delivered 256×144 for we each have one, girl.mp4
[00:30:59.288] ShellThumbnail: Shell delivered 256×144 for [PornhubFans 720p] My Boyfriend Fucked my Ass for the First Time after he found out I Cheated, and he came inside!.mp4
[00:31:00.815] Playlist: jumping to index 1
[00:31:01.610] Playlist: jumping to index 1
[00:31:01.885] Playlist: jumping to index 1
[00:31:03.749] Playlist: jumping to index 1
[00:31:04.132] Playlist: jumping to index 1
[00:31:06.413] Playlist: jumping to index 1
[00:31:06.618] Playlist: jumping to index 1
[00:31:06.926] Playlist: jumping to index 1
[00:31:07.185] Playlist: jumping to index 1
[00:31:07.527] Playlist: jumping to index 0
[00:31:08.055] Playlist: jumping to index 0
[00:31:08.479] Playlist: jumping to index 0
[00:31:08.738] Playlist: jumping to index 0
[00:31:15.381] Session stopped — entering pre-warm hide
[00:31:15.450] MpvIpcClient disposed
[00:31:15.450] MpvIpcClient.SendAsync error: The operation was canceled.
[00:31:15.451] ThumbServer.ProduceAsync(405) failed: Cannot access a disposed object.
Object name: 'System.Threading.SemaphoreSlim'.
[00:31:15.451] ThumbServer: disposed
[00:31:16.958] MpvIpcClient disposed
[00:31:16.958] Window closed
[00:31:16.961] EnterPreWarmHide
[01:44:02.022] App starting
[01:44:02.027] Subtitle preference loaded: mode=default, lang=(none)
[01:44:02.414] Keyboard hook handle: 0x27260907
[01:44:02.415] Mouse hook handle: 0x8EB032F
[01:44:02.418] OnLoadedCore start
[01:44:04.516] ChildHwnd = 0x131284
[01:44:04.516] Calling AttachAsync
[01:44:04.532] AttachAsync succeeded
[01:44:04.532] Connecting IPC to pipe: pitflix-wid-51dd382c333c46f39a36554c7b895ad6
[01:44:04.568] MpvIpcClient connected to \\.\pipe\pitflix-wid-51dd382c333c46f39a36554c7b895ad6
[01:44:04.764] OnLoadedCore complete
[01:44:04.900] MpvIpcClient connected to \\.\pipe\pitflix-thumb-eb5f2228df2a46c1933343c6969fda17
[01:44:04.921] BuildFolderPlaylist: scanned 1 video file(s) in 'F:\Movies\اجنبي\Puss.in.Boots.The.Last.Wish.2022.1080p.10bit.WEBRip.6CH.x265.HEVC-PSA'
[01:44:04.922] BuildFolderPlaylist: only 1 video; leaving prev/next hidden
[01:44:05.260] ThumbServer: ready for 'Puss.in.Boots.The.Last.Wish.2022.1080p.10bit.WEBRip.6CH.x265.HEVC-PSA.mkv'
[01:44:06.809] WS: playing file changed → 'Puss.in.Boots.The.Last.Wish.2022.1080p.10bit.WEBRip.6CH.x265.HEVC-PSA.mkv' (dur=6141.7)
[01:44:11.415] Seek mouse-down: _duration=6141.7 _position=2672.3 ipc=True file='Puss.in.Boots.The.Last.Wish.2022.1080p.10bit.WEBRip.6CH.x265.HEVC-PSA.mkv'
[01:44:13.815] Seek mouse-down: _duration=6141.7 _position=322.0 ipc=True file='Puss.in.Boots.The.Last.Wish.2022.1080p.10bit.WEBRip.6CH.x265.HEVC-PSA.mkv'
[01:44:14.704] Seek mouse-down: _duration=6141.7 _position=321.0 ipc=True file='Puss.in.Boots.The.Last.Wish.2022.1080p.10bit.WEBRip.6CH.x265.HEVC-PSA.mkv'
[01:44:18.578] Seek mouse-down: _duration=6141.7 _position=302.8 ipc=True file='Puss.in.Boots.The.Last.Wish.2022.1080p.10bit.WEBRip.6CH.x265.HEVC-PSA.mkv'
[01:44:19.130] Seek mouse-down: _duration=6141.7 _position=4579.6 ipc=True file='Puss.in.Boots.The.Last.Wish.2022.1080p.10bit.WEBRip.6CH.x265.HEVC-PSA.mkv'
[01:44:24.189] MpvIpcClient disposed
[01:44:24.218] ThumbServer: disposed
[01:44:24.948] Session stopped — entering pre-warm hide
[01:44:25.742] MpvIpcClient disposed
[01:44:25.743] Window closed
[01:44:31.632] App starting
[01:44:31.638] Subtitle preference loaded: mode=default, lang=(none)
[01:44:32.064] Keyboard hook handle: 0x36F0287
[01:44:32.065] Mouse hook handle: 0x1751497
[01:44:32.067] OnLoadedCore start
[01:44:34.175] ChildHwnd = 0xE0558
[01:44:34.176] Calling AttachAsync
[01:44:34.189] AttachAsync succeeded
[01:44:34.189] Connecting IPC to pipe: pitflix-wid-220611eb0ef5445e93a26c484a2149c8
[01:44:34.227] MpvIpcClient connected to \\.\pipe\pitflix-wid-220611eb0ef5445e93a26c484a2149c8
[01:44:34.433] OnLoadedCore complete
[01:44:34.560] MpvIpcClient connected to \\.\pipe\pitflix-thumb-098237cb781f40d0846de33c81ce8fbe
[01:44:34.592] BuildFolderPlaylist: scanned 43 video file(s) in 'H:\R.G. Catalyst\Pro Evolution Soccer 2013'
[01:44:34.676] BuildFolderPlaylist: queued 43 files; current at idx 41 — prev/next now visible
[01:44:34.913] ThumbServer: ready for '[BlackedRaw] Chloe Amour (Insatiable Chloe Ditches BF For A Night Of BBC _ 01.29.2024).mp4'
[01:44:36.483] WS: playing file changed → '[BlackedRaw] Chloe Amour (Insatiable Chloe Ditches BF For A Night Of BBC _ 01.29.2024).mp4' (dur=2074.8)
[01:44:36.827] Seek mouse-down: _duration=2074.8 _position=43.3 ipc=True file='[BlackedRaw] Chloe Amour (Insatiable Chloe Ditches BF For A Night Of BBC _ 01.29.2024).mp4'
[01:44:37.546] Seek mouse-down: _duration=2074.8 _position=153.7 ipc=True file='[BlackedRaw] Chloe Amour (Insatiable Chloe Ditches BF For A Night Of BBC _ 01.29.2024).mp4'
[01:44:38.139] Seek mouse-down: _duration=2074.8 _position=123.5 ipc=True file='[BlackedRaw] Chloe Amour (Insatiable Chloe Ditches BF For A Night Of BBC _ 01.29.2024).mp4'
[01:44:38.910] ThumbServer: bulk pre-gen filled 203 buckets for '[BlackedRaw] Chloe Amour (Insatiable Chloe Ditches BF For A Night Of BBC _ 01.29.2024).mp4'
[01:44:40.401] ShellThumbnail: Shell delivered 256×144 for how to chop the morning wood.mp4
[01:44:40.402] ShellThumbnail: Shell delivered 256×144 for admiring the person from inside.mp4
[01:44:40.403] ShellThumbnail: Shell delivered 256×144 for Elly clutch, zoey di giacomo truth or dare threesome .mp4
[01:44:40.405] ShellThumbnail: Shell delivered 256×144 for Blair williams [pornmir, порно, new porn, hd 1080 blonde.mp4
[01:44:40.406] ShellThumbnail: Shell delivered 256×144 for do you imagine fucking me.mp4
[01:44:40.408] ShellThumbnail: Shell delivered 256×144 for Gabbie carter (gabbiecartertv double d business woman means business).mp4
[01:44:40.409] ShellThumbnail: Shell delivered 256×144 for are you thirsty from all that hard work.mp4
[01:44:40.409] ShellThumbnail: Shell delivered 256×144 for a date that's more than a date.mp4
[01:44:40.410] ShellThumbnail: Shell delivered 256×144 for put some fire on the chocolate.mp4
[01:44:40.411] ShellThumbnail: Shell delivered 256×144 for PureTaboo.23.06.27.Leana.Lovings.XXX.1080p.mp4
[01:44:40.411] ShellThumbnail: Shell delivered 256×144 for Mind If I Join (720).mp4
[01:44:40.411] ShellThumbnail: Shell delivered 256×144 for Big Tit Temptress Alison Tyler Performs HOT AF Mesmerizing Titty Show.mp4
[01:44:40.412] ShellThumbnail: Shell delivered 256×144 for PureTaboo_-_Leana_Lovings_The_Boy_Who_Cried_Step.mp4
[01:44:40.413] ShellThumbnail: Shell delivered 256×144 for Stepsister secretly slipped under my blanket at night....mp4
[01:44:40.413] ShellThumbnail: Shell delivered 256×144 for PureTaboo_-_Leana_Lovings_-_The_List.mp4
[01:44:40.414] ShellThumbnail: Shell delivered 256×144 for tackling every angle.mp4
[01:44:40.415] ShellThumbnail: Shell delivered 256×144 for mommysgirl.26.01.24.lexi.luna.and.leana.lovings.fuckingsession.com.mp4
[01:44:40.425] ShellThumbnail: Shell delivered 256×144 for under her business casual.mp4
[01:44:40.425] ShellThumbnail: Shell delivered 256×144 for Two Fantastic Brunette Girls (720).mp4
[01:44:40.425] ShellThumbnail: Shell delivered 256×144 for Vampired.26.02.06.Little.Puck.And.Veronica.Leal.Refuge.XXX.720p.mp4
[01:44:40.426] ShellThumbnail: Shell delivered 256×144 for [PornhubFans 720p] My Boyfriend Fucked my Ass for the First Time after he found out I Cheated, and he came inside!.mp4
[01:44:40.427] ShellThumbnail: Shell delivered 256×144 for vampired.26.03.06.leana.lovings.and.lucy.mochi.the.last.woman.on.earth.fuckingsession.com.mp4
[01:44:40.428] ShellThumbnail: Shell delivered 256×144 for so much good ass.mp4
[01:44:44.566] Playlist: jumping to index 3 (ipc=True)
[01:44:45.571] WS: playing file changed → 'Big Tit Temptress Alison Tyler Performs HOT AF Mesmerizing Titty Show.mp4' (dur=2222.0)
[01:44:45.571] MpvIpcClient disposed
[01:44:45.573] ThumbServer: disposed
[01:44:45.832] MpvIpcClient connected to \\.\pipe\pitflix-thumb-4c5a091bf97d49b295a3ce49935da513
[01:44:46.183] ThumbServer: ready for 'Big Tit Temptress Alison Tyler Performs HOT AF Mesmerizing Titty Show.mp4'
[01:44:47.480] ShellThumbnail: Shell delivered 256×144 for a date that's more than a date.mp4
[01:44:47.481] ShellThumbnail: Shell delivered 256×144 for Blair williams [pornmir, порно, new porn, hd 1080 blonde.mp4
[01:44:47.483] ShellThumbnail: Shell delivered 256×144 for admiring the person from inside.mp4
[01:44:47.483] ShellThumbnail: Shell delivered 256×144 for Elly clutch, zoey di giacomo truth or dare threesome .mp4
[01:44:47.484] ShellThumbnail: Shell delivered 256×144 for Gabbie carter (gabbiecartertv double d business woman means business).mp4
[01:44:47.485] ShellThumbnail: Shell delivered 256×144 for do you imagine fucking me.mp4
[01:44:47.486] ShellThumbnail: Shell delivered 256×144 for Emma butt(порно.mp4
[01:44:47.487] ShellThumbnail: Shell delivered 256×144 for Gabbie carter bz 3.mp4
[01:44:47.488] ShellThumbnail: Shell delivered 256×144 for how to chop the morning wood.mp4
[01:44:47.489] ShellThumbnail: Shell delivered 256×144 for how would you rate your stamina.mp4
[01:44:47.490] ShellThumbnail: Shell delivered 256×144 for her version of due diligence.mp4
[01:44:47.490] ShellThumbnail: Shell delivered 256×144 for Curvy brunette fingering girl eavesdropping on mom part one.mp4
[01:44:47.492] ShellThumbnail: Shell delivered 256×144 for her tits are the golden ticket.mp4
[01:44:47.493] ShellThumbnail: Shell delivered 256×144 for just be open minded.mp4
[01:44:47.493] ShellThumbnail: Shell delivered 256×144 for investigating with your mouth, officer.mp4
[01:44:47.494] ShellThumbnail: Shell delivered 256×144 for are you thirsty from all that hard work.mp4
[01:44:47.495] ShellThumbnail: Shell delivered 256×144 for mommysgirl.26.01.24.lexi.luna.and.leana.lovings.fuckingsession.com.mp4
[01:44:47.498] ShellThumbnail: Shell delivered 256×144 for PureTaboo.23.06.27.Leana.Lovings.XXX.1080p.mp4
[01:44:47.498] ShellThumbnail: Shell delivered 256×144 for Mind If I Join (720).mp4
[01:44:47.499] ShellThumbnail: Shell delivered 256×144 for PureTaboo_-_Leana_Lovings_-_The_List.mp4
[01:44:47.499] ShellThumbnail: Shell delivered 256×144 for PureTaboo_-_Leana_Lovings_The_Boy_Who_Cried_Step.mp4
[01:44:47.500] ShellThumbnail: Shell delivered 256×144 for mommysgirl.26.01.31.little.puck.and.hailey.rose.fuckingsession.com.mp4
[01:44:47.501] ShellThumbnail: Shell delivered 256×144 for so much good ass.mp4
[01:44:47.502] ShellThumbnail: Shell delivered 256×144 for round enough to get behind.mp4
[01:44:47.503] ShellThumbnail: Shell delivered 256×144 for Stepsister secretly slipped under my blanket at night....mp4
[01:44:47.503] ShellThumbnail: Shell delivered 256×144 for people to share time with.mp4
[01:44:47.505] ShellThumbnail: Shell delivered 256×144 for thanks for helping making history.mp4
[01:44:47.506] ShellThumbnail: Shell delivered 256×144 for tackling every angle.mp4
[01:44:47.507] ShellThumbnail: Shell delivered 256×144 for the anime effect.mp4
[01:44:47.508] ShellThumbnail: Shell delivered 256×144 for Two Fantastic Brunette Girls (720).mp4
[01:44:47.508] ShellThumbnail: Shell delivered 256×144 for under her business casual.mp4
[01:44:47.509] ShellThumbnail: Shell delivered 256×144 for vampired.25.09.19.octokuro.and.rheina.ohara.controlling.the.half.breed.fuckingsession.com.mp4
[01:44:47.510] ShellThumbnail: Shell delivered 256×144 for Vampired.26.02.06.Little.Puck.And.Veronica.Leal.Refuge.XXX.720p.mp4
[01:44:47.511] ShellThumbnail: Shell delivered 256×144 for vampired.26.03.06.leana.lovings.and.lucy.mochi.the.last.woman.on.earth.fuckingsession.com.mp4
[01:44:47.512] ShellThumbnail: Shell delivered 256×144 for wanna strip and get more comfortable.mp4
[01:44:47.512] ShellThumbnail: Shell delivered 256×144 for Vampired_-_Octokuro_Finding_The_Dollhouse_prntrx.blogspot.com.mp4
[01:44:47.513] ShellThumbnail: Shell delivered 256×144 for we each have one, girl.mp4
[01:44:47.514] ShellThumbnail: Shell delivered 256×144 for wrong room, right outcome.mp4
[01:44:47.515] ShellThumbnail: Shell delivered 256×144 for you don't seem to know your girlfriend....mp4
[01:44:47.516] ShellThumbnail: Shell delivered 256×144 for [PornhubFans 720p] My Boyfriend Fucked my Ass for the First Time after he found out I Cheated, and he came inside!.mp4
[01:44:47.517] ShellThumbnail: Shell delivered 256×144 for [BlackedRaw] Chloe Amour (Insatiable Chloe Ditches BF For A Night Of BBC _ 01.29.2024).mp4
[01:44:49.523] Playlist: jumping to index 4 (ipc=True)
[01:44:50.784] Playlist: jumping to index 4 (ipc=True)
[01:44:51.242] Playlist: jumping to index 4 (ipc=True)
[01:44:51.336] Playlist: jumping to index 4 (ipc=True)
[01:44:55.179] Playlist: jumping to index 2 (ipc=True)
[01:44:55.403] ThumbServer: bulk pre-gen filled 445 buckets for 'Big Tit Temptress Alison Tyler Performs HOT AF Mesmerizing Titty Show.mp4'
[01:44:56.027] Playlist: jumping to index 2 (ipc=True)
[01:44:56.516] Playlist: jumping to index 2 (ipc=True)
[01:44:57.815] Seek mouse-down: _duration=2222.0 _position=12.9 ipc=True file='Big Tit Temptress Alison Tyler Performs HOT AF Mesmerizing Titty Show.mp4'
[01:44:58.764] Seek mouse-down: _duration=2222.0 _position=56.7 ipc=True file='Big Tit Temptress Alison Tyler Performs HOT AF Mesmerizing Titty Show.mp4'
[01:44:59.125] Seek mouse-down: _duration=2222.0 _position=124.7 ipc=True file='Big Tit Temptress Alison Tyler Performs HOT AF Mesmerizing Titty Show.mp4'
[01:44:59.317] Seek mouse-down: _duration=2222.0 _position=171.9 ipc=True file='Big Tit Temptress Alison Tyler Performs HOT AF Mesmerizing Titty Show.mp4'
[01:44:59.749] Seek mouse-down: _duration=2222.0 _position=171.9 ipc=True file='Big Tit Temptress Alison Tyler Performs HOT AF Mesmerizing Titty Show.mp4'
[01:45:00.095] Seek mouse-down: _duration=2222.0 _position=228.6 ipc=True file='Big Tit Temptress Alison Tyler Performs HOT AF Mesmerizing Titty Show.mp4'
[01:45:00.261] Seek mouse-down: _duration=2222.0 _position=120.9 ipc=True file='Big Tit Temptress Alison Tyler Performs HOT AF Mesmerizing Titty Show.mp4'
[01:45:01.134] Seek mouse-down: _duration=2222.0 _position=120.9 ipc=True file='Big Tit Temptress Alison Tyler Performs HOT AF Mesmerizing Titty Show.mp4'
[01:45:01.494] Seek mouse-down: _duration=2222.0 _position=334.4 ipc=True file='Big Tit Temptress Alison Tyler Performs HOT AF Mesmerizing Titty Show.mp4'
[01:45:01.661] Seek mouse-down: _duration=2222.0 _position=257.0 ipc=True file='Big Tit Temptress Alison Tyler Performs HOT AF Mesmerizing Titty Show.mp4'
[01:45:02.146] Playlist: jumping to index 2 (ipc=True)
[01:45:02.565] Playlist: jumping to index 2 (ipc=True)
[01:45:03.727] Playlist: jumping to index 2 (ipc=True)
[01:45:04.151] Playlist: jumping to index 2 (ipc=True)
[01:45:04.527] Playlist: jumping to index 2 (ipc=True)
[01:45:04.855] Playlist: jumping to index 1 (ipc=True)
[01:45:06.515] Playlist: jumping to index 2 (ipc=True)
[01:45:08.786] ShellThumbnail: Shell delivered 256×144 for admiring the person from inside.mp4
[01:45:08.786] ShellThumbnail: Shell delivered 256×144 for are you thirsty from all that hard work.mp4
[01:45:08.787] ShellThumbnail: Shell delivered 256×144 for Blair williams [pornmir, порно, new porn, hd 1080 blonde.mp4
[01:45:08.788] ShellThumbnail: Shell delivered 256×144 for Curvy brunette fingering girl eavesdropping on mom part one.mp4
[01:45:08.789] ShellThumbnail: Shell delivered 256×144 for do you imagine fucking me.mp4
[01:45:08.790] ShellThumbnail: Shell delivered 256×144 for Elly clutch, zoey di giacomo truth or dare threesome .mp4
[01:45:08.792] ShellThumbnail: Shell delivered 256×144 for a date that's more than a date.mp4
[01:45:08.792] ShellThumbnail: Shell delivered 256×144 for her tits are the golden ticket.mp4
[01:45:08.794] ShellThumbnail: Shell delivered 256×144 for Gabbie carter (gabbiecartertv double d business woman means business).mp4
[01:45:08.795] ShellThumbnail: Shell delivered 256×144 for how to chop the morning wood.mp4
[01:45:08.795] ShellThumbnail: Shell delivered 256×144 for her version of due diligence.mp4
[01:45:08.796] ShellThumbnail: Shell delivered 256×144 for Emma butt(порно.mp4
[01:45:08.796] ShellThumbnail: Shell delivered 256×144 for how would you rate your stamina.mp4
[01:45:08.797] ShellThumbnail: Shell delivered 256×144 for investigating with your mouth, officer.mp4
[01:45:08.798] ShellThumbnail: Shell delivered 256×144 for just be open minded.mp4
[01:45:08.799] ShellThumbnail: Shell delivered 256×144 for Mind If I Join (720).mp4
[01:45:08.800] ShellThumbnail: Shell delivered 256×144 for mommysgirl.26.01.24.lexi.luna.and.leana.lovings.fuckingsession.com.mp4
[01:45:08.801] ShellThumbnail: Shell delivered 256×144 for mommysgirl.26.01.31.little.puck.and.hailey.rose.fuckingsession.com.mp4
[01:45:08.802] ShellThumbnail: Shell delivered 256×144 for people to share time with.mp4
[01:45:08.802] ShellThumbnail: Shell delivered 256×144 for PureTaboo.23.06.27.Leana.Lovings.XXX.1080p.mp4
[01:45:08.803] ShellThumbnail: Shell delivered 256×144 for PureTaboo_-_Leana_Lovings_-_The_List.mp4
[01:45:08.804] ShellThumbnail: Shell delivered 256×144 for PureTaboo_-_Leana_Lovings_The_Boy_Who_Cried_Step.mp4
[01:45:08.804] ShellThumbnail: Shell delivered 256×144 for put some fire on the chocolate.mp4
[01:45:08.805] ShellThumbnail: Shell delivered 256×144 for round enough to get behind.mp4
[01:45:08.806] ShellThumbnail: Shell delivered 256×144 for Stepsister secretly slipped under my blanket at night....mp4
[01:45:08.807] ShellThumbnail: Shell delivered 256×144 for so much good ass.mp4
[01:45:08.807] ShellThumbnail: Shell delivered 256×144 for tackling every angle.mp4
[01:45:08.808] ShellThumbnail: Shell delivered 256×144 for thanks for helping making history.mp4
[01:45:08.808] ShellThumbnail: Shell delivered 256×144 for the anime effect.mp4
[01:45:08.809] ShellThumbnail: Shell delivered 256×144 for Two Fantastic Brunette Girls (720).mp4
[01:45:08.810] ShellThumbnail: Shell delivered 256×144 for under her business casual.mp4
[01:45:08.811] ShellThumbnail: Shell delivered 256×144 for vampired.25.09.19.octokuro.and.rheina.ohara.controlling.the.half.breed.fuckingsession.com.mp4
[01:45:08.812] ShellThumbnail: Shell delivered 256×144 for Vampired.26.02.06.Little.Puck.And.Veronica.Leal.Refuge.XXX.720p.mp4
[01:45:08.812] ShellThumbnail: Shell delivered 256×144 for vampired.26.03.06.leana.lovings.and.lucy.mochi.the.last.woman.on.earth.fuckingsession.com.mp4
[01:45:08.813] ShellThumbnail: Shell delivered 256×144 for Vampired_-_Octokuro_Finding_The_Dollhouse_prntrx.blogspot.com.mp4
[01:45:08.813] ShellThumbnail: Shell delivered 256×144 for wanna strip and get more comfortable.mp4
[01:45:08.814] ShellThumbnail: Shell delivered 256×144 for we each have one, girl.mp4
[01:45:08.814] ShellThumbnail: Shell delivered 256×144 for wrong room, right outcome.mp4
[01:45:08.815] ShellThumbnail: Shell delivered 256×144 for you don't seem to know your girlfriend....mp4
[01:45:08.816] ShellThumbnail: Shell delivered 256×144 for [BlackedRaw] Chloe Amour (Insatiable Chloe Ditches BF For A Night Of BBC _ 01.29.2024).mp4
[01:45:08.816] ShellThumbnail: Shell delivered 256×144 for [PornhubFans 720p] My Boyfriend Fucked my Ass for the First Time after he found out I Cheated, and he came inside!.mp4
[01:45:09.344] Playlist: jumping to index 2 (ipc=True)
[01:45:10.667] ShellThumbnail: Shell delivered 256×144 for a date that's more than a date.mp4
[01:45:10.668] ShellThumbnail: Shell delivered 256×144 for admiring the person from inside.mp4
[01:45:10.669] ShellThumbnail: Shell delivered 256×144 for Blair williams [pornmir, порно, new porn, hd 1080 blonde.mp4
[01:45:10.678] ShellThumbnail: Shell delivered 256×144 for do you imagine fucking me.mp4
[01:45:10.678] ShellThumbnail: Shell delivered 256×144 for Elly clutch, zoey di giacomo truth or dare threesome .mp4
[01:45:10.678] ShellThumbnail: Shell delivered 256×144 for how to chop the morning wood.mp4
[01:45:10.681] ShellThumbnail: Shell delivered 256×144 for investigating with your mouth, officer.mp4
[01:45:10.682] ShellThumbnail: Shell delivered 256×144 for just be open minded.mp4
[01:45:10.683] ShellThumbnail: Shell delivered 256×144 for Mind If I Join (720).mp4
[01:45:10.684] ShellThumbnail: Shell delivered 256×144 for mommysgirl.26.01.31.little.puck.and.hailey.rose.fuckingsession.com.mp4
[01:45:10.685] ShellThumbnail: Shell delivered 256×144 for people to share time with.mp4
[01:45:10.685] ShellThumbnail: Shell delivered 256×144 for PureTaboo.23.06.27.Leana.Lovings.XXX.1080p.mp4
[01:45:10.686] ShellThumbnail: Shell delivered 256×144 for PureTaboo_-_Leana_Lovings_-_The_List.mp4
[01:45:10.687] ShellThumbnail: Shell delivered 256×144 for PureTaboo_-_Leana_Lovings_The_Boy_Who_Cried_Step.mp4
[01:45:10.687] ShellThumbnail: Shell delivered 256×144 for put some fire on the chocolate.mp4
[01:45:10.688] ShellThumbnail: Shell delivered 256×144 for so much good ass.mp4
[01:45:10.689] ShellThumbnail: Shell delivered 256×144 for round enough to get behind.mp4
[01:45:10.690] ShellThumbnail: Shell delivered 256×144 for mommysgirl.26.01.24.lexi.luna.and.leana.lovings.fuckingsession.com.mp4
[01:45:10.690] ShellThumbnail: Shell delivered 256×144 for Stepsister secretly slipped under my blanket at night....mp4
[01:45:10.691] ShellThumbnail: Shell delivered 256×144 for tackling every angle.mp4
[01:45:10.692] ShellThumbnail: Shell delivered 256×144 for thanks for helping making history.mp4
[01:45:10.693] ShellThumbnail: Shell delivered 256×144 for the anime effect.mp4
[01:45:10.693] ShellThumbnail: Shell delivered 256×144 for Two Fantastic Brunette Girls (720).mp4
[01:45:10.694] ShellThumbnail: Shell delivered 256×144 for under her business casual.mp4
[01:45:10.695] ShellThumbnail: Shell delivered 256×144 for vampired.25.09.19.octokuro.and.rheina.ohara.controlling.the.half.breed.fuckingsession.com.mp4
[01:45:10.695] ShellThumbnail: Shell delivered 256×144 for Vampired.26.02.06.Little.Puck.And.Veronica.Leal.Refuge.XXX.720p.mp4
[01:45:10.696] ShellThumbnail: Shell delivered 256×144 for vampired.26.03.06.leana.lovings.and.lucy.mochi.the.last.woman.on.earth.fuckingsession.com.mp4
[01:45:10.697] ShellThumbnail: Shell delivered 256×144 for Vampired_-_Octokuro_Finding_The_Dollhouse_prntrx.blogspot.com.mp4
[01:45:10.698] ShellThumbnail: Shell delivered 256×144 for we each have one, girl.mp4
[01:45:10.698] ShellThumbnail: Shell delivered 256×144 for wanna strip and get more comfortable.mp4
[01:45:10.699] ShellThumbnail: Shell delivered 256×144 for wrong room, right outcome.mp4
[01:45:10.700] ShellThumbnail: Shell delivered 256×144 for you don't seem to know your girlfriend....mp4
[01:45:10.701] ShellThumbnail: Shell delivered 256×144 for [BlackedRaw] Chloe Amour (Insatiable Chloe Ditches BF For A Night Of BBC _ 01.29.2024).mp4
[01:45:10.701] ShellThumbnail: Shell delivered 256×144 for [PornhubFans 720p] My Boyfriend Fucked my Ass for the First Time after he found out I Cheated, and he came inside!.mp4
[01:45:11.369] Playlist: jumping to index 2 (ipc=True)
[01:45:19.601] MpvIpcClient disposed
[01:45:19.617] ThumbServer: disposed
[01:45:19.874] Session stopped — entering pre-warm hide
[01:45:21.121] MpvIpcClient disposed
[01:45:21.122] Window closed
[01:45:25.876] App starting
[01:45:25.882] Subtitle preference loaded: mode=default, lang=(none)
[01:45:26.253] Keyboard hook handle: 0x991153
[01:45:26.254] Mouse hook handle: 0x541167
[01:45:26.256] OnLoadedCore start
[01:45:28.362] ChildHwnd = 0x61432
[01:45:28.362] Calling AttachAsync
[01:45:28.372] AttachAsync succeeded
[01:45:28.372] Connecting IPC to pipe: pitflix-wid-99fcd872107145d19d3e765589544fe0
[01:45:28.399] MpvIpcClient connected to \\.\pipe\pitflix-wid-99fcd872107145d19d3e765589544fe0
[01:45:28.589] OnLoadedCore complete
[01:45:28.720] MpvIpcClient connected to \\.\pipe\pitflix-thumb-58425150190745f3a432e546a48075e7
[01:45:28.753] BuildFolderPlaylist: scanned 43 video file(s) in 'H:\R.G. Catalyst\Pro Evolution Soccer 2013'
[01:45:28.768] BuildFolderPlaylist: queued 43 files; current at idx 42 — prev/next now visible
[01:45:29.072] ThumbServer: ready for '[PornhubFans 720p] My Boyfriend Fucked my Ass for the First Time after he found out I Cheated, and he came inside!.mp4'
[01:45:30.629] WS: playing file changed → '[PornhubFans 720p] My Boyfriend Fucked my Ass for the First Time after he found out I Cheated, and he came inside!.mp4' (dur=1250.3)
[01:45:31.048] ShellThumbnail: Shell delivered 256×144 for Big Tit Temptress Alison Tyler Performs HOT AF Mesmerizing Titty Show.mp4
[01:45:31.048] ShellThumbnail: Shell delivered 256×144 for Emma butt(порно.mp4
[01:45:31.053] ShellThumbnail: Shell delivered 256×144 for a date that's more than a date.mp4
[01:45:31.053] ShellThumbnail: Shell delivered 256×144 for Gabbie carter bz 3.mp4
[01:45:31.054] ShellThumbnail: Shell delivered 256×144 for how to chop the morning wood.mp4
[01:45:31.055] ShellThumbnail: Shell delivered 256×144 for her version of due diligence.mp4
[01:45:31.056] ShellThumbnail: Shell delivered 256×144 for Gabbie carter (gabbiecartertv double d business woman means business).mp4
[01:45:31.057] ShellThumbnail: Shell delivered 256×144 for her tits are the golden ticket.mp4
[01:45:31.058] ShellThumbnail: Shell delivered 256×144 for just be open minded.mp4
[01:45:31.059] ShellThumbnail: Shell delivered 256×144 for how would you rate your stamina.mp4
[01:45:31.060] ShellThumbnail: Shell delivered 256×144 for investigating with your mouth, officer.mp4
[01:45:31.061] ShellThumbnail: Shell delivered 256×144 for mommysgirl.26.01.24.lexi.luna.and.leana.lovings.fuckingsession.com.mp4
[01:45:31.062] ShellThumbnail: Shell delivered 256×144 for Mind If I Join (720).mp4
[01:45:31.062] ShellThumbnail: Shell delivered 256×144 for mommysgirl.26.01.31.little.puck.and.hailey.rose.fuckingsession.com.mp4
[01:45:31.063] ShellThumbnail: Shell delivered 256×144 for people to share time with.mp4
[01:45:31.064] ShellThumbnail: Shell delivered 256×144 for PureTaboo.23.06.27.Leana.Lovings.XXX.1080p.mp4
[01:45:31.064] ShellThumbnail: Shell delivered 256×144 for PureTaboo_-_Leana_Lovings_-_The_List.mp4
[01:45:31.065] ShellThumbnail: Shell delivered 256×144 for put some fire on the chocolate.mp4
[01:45:31.067] ShellThumbnail: Shell delivered 256×144 for PureTaboo_-_Leana_Lovings_The_Boy_Who_Cried_Step.mp4
[01:45:31.068] ShellThumbnail: Shell delivered 256×144 for round enough to get behind.mp4
[01:45:31.069] ShellThumbnail: Shell delivered 256×144 for Stepsister secretly slipped under my blanket at night....mp4
[01:45:31.080] ShellThumbnail: Shell delivered 256×144 for tackling every angle.mp4
[01:45:31.081] ShellThumbnail: Shell delivered 256×144 for Vampired.26.02.06.Little.Puck.And.Veronica.Leal.Refuge.XXX.720p.mp4
[01:45:31.083] ShellThumbnail: Shell delivered 256×144 for Vampired_-_Octokuro_Finding_The_Dollhouse_prntrx.blogspot.com.mp4
[01:45:31.085] ShellThumbnail: Shell delivered 256×144 for you don't seem to know your girlfriend....mp4
[01:45:31.086] ShellThumbnail: Shell delivered 256×144 for wanna strip and get more comfortable.mp4
[01:45:31.087] ShellThumbnail: Shell delivered 256×144 for we each have one, girl.mp4
[01:45:31.087] ShellThumbnail: Shell delivered 256×144 for [BlackedRaw] Chloe Amour (Insatiable Chloe Ditches BF For A Night Of BBC _ 01.29.2024).mp4
[01:45:31.088] ShellThumbnail: Shell delivered 256×144 for [PornhubFans 720p] My Boyfriend Fucked my Ass for the First Time after he found out I Cheated, and he came inside!.mp4
[01:45:31.089] ShellThumbnail: Shell delivered 256×144 for wrong room, right outcome.mp4
[01:45:32.425] ThumbServer: bulk pre-gen filled 246 buckets for '[PornhubFans 720p] My Boyfriend Fucked my Ass for the First Time after he found out I Cheated, and he came inside!.mp4'
[01:45:34.281] Playlist: jumping to index 2 (ipc=True)
[01:45:34.661] WS: playing file changed → 'are you thirsty from all that hard work.mp4' (dur=2082.1)
[01:45:34.668] ShellThumbnail: Shell delivered 256×144 for a date that's more than a date.mp4
[01:45:34.669] ShellThumbnail: Shell delivered 256×144 for admiring the person from inside.mp4
[01:45:34.669] MpvIpcClient disposed
[01:45:34.670] ShellThumbnail: Shell delivered 256×144 for are you thirsty from all that hard work.mp4
[01:45:34.671] ShellThumbnail: Shell delivered 256×144 for Blair williams [pornmir, порно, new porn, hd 1080 blonde.mp4
[01:45:34.672] ShellThumbnail: Shell delivered 256×144 for Curvy brunette fingering girl eavesdropping on mom part one.mp4
[01:45:34.673] ShellThumbnail: Shell delivered 256×144 for Emma butt(порно.mp4
[01:45:34.674] ShellThumbnail: Shell delivered 256×144 for Gabbie carter (gabbiecartertv double d business woman means business).mp4
[01:45:34.674] ShellThumbnail: Shell delivered 256×144 for do you imagine fucking me.mp4
[01:45:34.676] ShellThumbnail: Shell delivered 256×144 for her tits are the golden ticket.mp4
[01:45:34.676] ShellThumbnail: Shell delivered 256×144 for Gabbie carter bz 3.mp4
[01:45:34.678] ShellThumbnail: Shell delivered 256×144 for Elly clutch, zoey di giacomo truth or dare threesome .mp4
[01:45:34.678] ShellThumbnail: Shell delivered 256×144 for her version of due diligence.mp4
[01:45:34.679] ShellThumbnail: Shell delivered 256×144 for how to chop the morning wood.mp4
[01:45:34.681] ShellThumbnail: Shell delivered 256×144 for investigating with your mouth, officer.mp4
[01:45:34.681] ShellThumbnail: Shell delivered 256×144 for how would you rate your stamina.mp4
[01:45:34.682] ShellThumbnail: Shell delivered 256×144 for just be open minded.mp4
[01:45:34.683] ShellThumbnail: Shell delivered 256×144 for Mind If I Join (720).mp4
[01:45:34.685] ShellThumbnail: Shell delivered 256×144 for mommysgirl.26.01.31.little.puck.and.hailey.rose.fuckingsession.com.mp4
[01:45:34.686] ShellThumbnail: Shell delivered 256×144 for people to share time with.mp4
[01:45:34.686] ShellThumbnail: Shell delivered 256×144 for PureTaboo.23.06.27.Leana.Lovings.XXX.1080p.mp4
[01:45:34.687] ShellThumbnail: Shell delivered 256×144 for PureTaboo_-_Leana_Lovings_-_The_List.mp4
[01:45:34.688] ShellThumbnail: Shell delivered 256×144 for put some fire on the chocolate.mp4
[01:45:34.689] ShellThumbnail: Shell delivered 256×144 for round enough to get behind.mp4
[01:45:34.690] ShellThumbnail: Shell delivered 256×144 for PureTaboo_-_Leana_Lovings_The_Boy_Who_Cried_Step.mp4
[01:45:34.691] ShellThumbnail: Shell delivered 256×144 for so much good ass.mp4
[01:45:34.691] ShellThumbnail: Shell delivered 256×144 for Stepsister secretly slipped under my blanket at night....mp4
[01:45:34.692] ShellThumbnail: Shell delivered 256×144 for tackling every angle.mp4
[01:45:34.695] ShellThumbnail: Shell delivered 256×144 for thanks for helping making history.mp4
[01:45:34.695] ShellThumbnail: Shell delivered 256×144 for Two Fantastic Brunette Girls (720).mp4
[01:45:34.695] ShellThumbnail: Shell delivered 256×144 for under her business casual.mp4
[01:45:34.697] ShellThumbnail: Shell delivered 256×144 for vampired.25.09.19.octokuro.and.rheina.ohara.controlling.the.half.breed.fuckingsession.com.mp4
[01:45:34.698] ShellThumbnail: Shell delivered 256×144 for the anime effect.mp4
[01:45:34.698] ShellThumbnail: Shell delivered 256×144 for vampired.26.03.06.leana.lovings.and.lucy.mochi.the.last.woman.on.earth.fuckingsession.com.mp4
[01:45:34.699] ShellThumbnail: Shell delivered 256×144 for Vampired_-_Octokuro_Finding_The_Dollhouse_prntrx.blogspot.com.mp4
[01:45:34.700] ShellThumbnail: Shell delivered 256×144 for Vampired.26.02.06.Little.Puck.And.Veronica.Leal.Refuge.XXX.720p.mp4
[01:45:34.701] ShellThumbnail: Shell delivered 256×144 for [BlackedRaw] Chloe Amour (Insatiable Chloe Ditches BF For A Night Of BBC _ 01.29.2024).mp4
[01:45:34.702] ShellThumbnail: Shell delivered 256×144 for you don't seem to know your girlfriend....mp4
[01:45:34.702] ShellThumbnail: Shell delivered 256×144 for we each have one, girl.mp4
[01:45:34.703] ShellThumbnail: Shell delivered 256×144 for wanna strip and get more comfortable.mp4
[01:45:34.705] ShellThumbnail: Shell delivered 256×144 for [PornhubFans 720p] My Boyfriend Fucked my Ass for the First Time after he found out I Cheated, and he came inside!.mp4
[01:45:34.705] ShellThumbnail: Shell delivered 256×144 for wrong room, right outcome.mp4
[01:45:34.722] ThumbServer.ProduceAsync(1255) failed: Object reference not set to an instance of an object.
[01:45:34.933] MpvIpcClient connected to \\.\pipe\pitflix-thumb-5cb04d5a5dd54ccd90e96358fefd2db8
[01:45:35.287] ThumbServer: ready for 'are you thirsty from all that hard work.mp4'
[01:45:35.894] Playlist: jumping to index 1 (ipc=True)
[01:45:36.672] WS: playing file changed → 'admiring the person from inside.mp4' (dur=2149.6)
[01:45:36.691] ShellThumbnail: Shell delivered 256×144 for admiring the person from inside.mp4
[01:45:36.692] ShellThumbnail: Shell delivered 256×144 for Blair williams [pornmir, порно, new porn, hd 1080 blonde.mp4
[01:45:36.692] MpvIpcClient disposed
[01:45:36.692] ShellThumbnail: Shell delivered 256×144 for do you imagine fucking me.mp4
[01:45:36.692] ThumbServer: disposed
[01:45:36.697] ShellThumbnail: Shell delivered 256×144 for her tits are the golden ticket.mp4
[01:45:36.698] ShellThumbnail: Shell delivered 256×144 for Gabbie carter bz 3.mp4
[01:45:36.698] ShellThumbnail: Shell delivered 256×144 for how to chop the morning wood.mp4
[01:45:36.700] ShellThumbnail: Shell delivered 256×144 for Gabbie carter (gabbiecartertv double d business woman means business).mp4
[01:45:36.700] ShellThumbnail: Shell delivered 256×144 for investigating with your mouth, officer.mp4
[01:45:36.701] ShellThumbnail: Shell delivered 256×144 for her version of due diligence.mp4
[01:45:36.702] ShellThumbnail: Shell delivered 256×144 for how would you rate your stamina.mp4
[01:45:36.703] ShellThumbnail: Shell delivered 256×144 for just be open minded.mp4
[01:45:36.704] ShellThumbnail: Shell delivered 256×144 for Mind If I Join (720).mp4
[01:45:36.704] ShellThumbnail: Shell delivered 256×144 for mommysgirl.26.01.24.lexi.luna.and.leana.lovings.fuckingsession.com.mp4
[01:45:36.705] ShellThumbnail: Shell delivered 256×144 for mommysgirl.26.01.31.little.puck.and.hailey.rose.fuckingsession.com.mp4
[01:45:36.706] ShellThumbnail: Shell delivered 256×144 for people to share time with.mp4
[01:45:36.707] ShellThumbnail: Shell delivered 256×144 for PureTaboo_-_Leana_Lovings_-_The_List.mp4
[01:45:36.708] ShellThumbnail: Shell delivered 256×144 for PureTaboo.23.06.27.Leana.Lovings.XXX.1080p.mp4
[01:45:36.709] ShellThumbnail: Shell delivered 256×144 for PureTaboo_-_Leana_Lovings_The_Boy_Who_Cried_Step.mp4
[01:45:36.710] ShellThumbnail: Shell delivered 256×144 for put some fire on the chocolate.mp4
[01:45:36.711] ShellThumbnail: Shell delivered 256×144 for round enough to get behind.mp4
[01:45:36.712] ShellThumbnail: Shell delivered 256×144 for so much good ass.mp4
[01:45:36.713] ShellThumbnail: Shell delivered 256×144 for Stepsister secretly slipped under my blanket at night....mp4
[01:45:36.714] ShellThumbnail: Shell delivered 256×144 for tackling every angle.mp4
[01:45:36.715] ShellThumbnail: Shell delivered 256×144 for thanks for helping making history.mp4
[01:45:36.716] ShellThumbnail: Shell delivered 256×144 for the anime effect.mp4
[01:45:36.716] ShellThumbnail: Shell delivered 256×144 for Two Fantastic Brunette Girls (720).mp4
[01:45:36.717] ShellThumbnail: Shell delivered 256×144 for under her business casual.mp4
[01:45:36.718] ShellThumbnail: Shell delivered 256×144 for vampired.25.09.19.octokuro.and.rheina.ohara.controlling.the.half.breed.fuckingsession.com.mp4
[01:45:36.719] ShellThumbnail: Shell delivered 256×144 for Vampired.26.02.06.Little.Puck.And.Veronica.Leal.Refuge.XXX.720p.mp4
[01:45:36.720] ShellThumbnail: Shell delivered 256×144 for vampired.26.03.06.leana.lovings.and.lucy.mochi.the.last.woman.on.earth.fuckingsession.com.mp4
[01:45:36.721] ShellThumbnail: Shell delivered 256×144 for Vampired_-_Octokuro_Finding_The_Dollhouse_prntrx.blogspot.com.mp4
[01:45:36.722] ShellThumbnail: Shell delivered 256×144 for wanna strip and get more comfortable.mp4
[01:45:36.722] ShellThumbnail: Shell delivered 256×144 for we each have one, girl.mp4
[01:45:36.731] ShellThumbnail: Shell delivered 256×144 for wrong room, right outcome.mp4
[01:45:36.731] ShellThumbnail: Shell delivered 256×144 for you don't seem to know your girlfriend....mp4
[01:45:36.963] MpvIpcClient connected to \\.\pipe\pitflix-thumb-4080f3a2ae8247d099790790369debff
[01:45:37.313] ThumbServer: ready for 'admiring the person from inside.mp4'
[01:45:37.975] Playlist: jumping to index 3 (ipc=True)
[01:45:38.879] Playlist: jumping to index 3 (ipc=True)
[01:45:39.816] Playlist: jumping to index 4 (ipc=True)
[01:45:40.464] Playlist: jumping to index 0 (ipc=True)
[01:45:41.024] Playlist: jumping to index 4 (ipc=True)
[01:45:41.713] Playlist: jumping to index 0 (ipc=True)
[01:45:43.139] Playlist: jumping to index 2 (ipc=True)
[01:45:49.117] MpvIpcClient disposed
[01:45:49.117] ThumbServer: disposed
[01:45:49.798] Session stopped — entering pre-warm hide
[01:45:50.625] MpvIpcClient disposed
[01:45:50.625] Window closed
[01:56:49.872] App starting
[01:56:49.877] Subtitle preference loaded: mode=default, lang=(none)
[01:56:50.220] Keyboard hook handle: 0x13D913DB
[01:56:50.221] Mouse hook handle: 0x248D0E17
[01:56:50.223] OnLoadedCore start
[01:56:52.317] ChildHwnd = 0x2113E
[01:56:52.318] Calling AttachAsync
[01:56:52.332] AttachAsync succeeded
[01:56:52.332] Connecting IPC to pipe: pitflix-wid-62442c7980414034aaa70d09e7fc9162
[01:56:52.369] MpvIpcClient connected to \\.\pipe\pitflix-wid-62442c7980414034aaa70d09e7fc9162
[01:56:52.561] OnLoadedCore complete
[01:56:52.690] MpvIpcClient connected to \\.\pipe\pitflix-thumb-e291e22d6f7b40b0a05425dab775013f
[01:56:52.726] BuildFolderPlaylist: scanned 43 video file(s) in 'H:\R.G. Catalyst\Pro Evolution Soccer 2013'
[01:56:52.763] BuildFolderPlaylist: queued 43 files; current at idx 41 — prev/next now visible
[01:56:53.043] ThumbServer: ready for '[BlackedRaw] Chloe Amour (Insatiable Chloe Ditches BF For A Night Of BBC _ 01.29.2024).mp4'
[01:56:54.623] WS: playing file changed → '[BlackedRaw] Chloe Amour (Insatiable Chloe Ditches BF For A Night Of BBC _ 01.29.2024).mp4' (dur=2074.8)
[01:56:56.793] ThumbServer: bulk pre-gen filled 0 buckets for '[BlackedRaw] Chloe Amour (Insatiable Chloe Ditches BF For A Night Of BBC _ 01.29.2024).mp4'
[01:57:11.410] ShellThumbnail: Shell delivered 256×144 for PureTaboo_-_Leana_Lovings_The_Boy_Who_Cried_Step.mp4
[01:57:11.410] ShellThumbnail: Shell delivered 256×144 for how would you rate your stamina.mp4
[01:57:11.412] ShellThumbnail: Shell delivered 256×144 for Big Tit Temptress Alison Tyler Performs HOT AF Mesmerizing Titty Show.mp4
[01:57:11.422] ShellThumbnail: Shell delivered 256×144 for admiring the person from inside.mp4
[01:57:11.422] ShellThumbnail: Shell delivered 256×144 for mommysgirl.26.01.31.little.puck.and.hailey.rose.fuckingsession.com.mp4
[01:57:11.423] ShellThumbnail: Shell delivered 256×144 for Gabbie carter (gabbiecartertv double d business woman means business).mp4
[01:57:11.425] ShellThumbnail: Shell delivered 256×144 for Blair williams [pornmir, порно, new porn, hd 1080 blonde.mp4
[01:57:11.426] ShellThumbnail: Shell delivered 256×144 for wanna strip and get more comfortable.mp4
[01:57:11.427] ShellThumbnail: Shell delivered 256×144 for vampired.26.03.06.leana.lovings.and.lucy.mochi.the.last.woman.on.earth.fuckingsession.com.mp4
[01:57:11.427] ShellThumbnail: Shell delivered 256×144 for so much good ass.mp4
[01:57:11.427] ShellThumbnail: Shell delivered 256×144 for thanks for helping making history.mp4
[01:57:11.427] ShellThumbnail: Shell delivered 256×144 for her version of due diligence.mp4
[01:57:11.428] ShellThumbnail: Shell delivered 256×144 for are you thirsty from all that hard work.mp4
[01:57:11.428] ShellThumbnail: Shell delivered 256×144 for people to share time with.mp4
[01:57:11.429] ShellThumbnail: Shell delivered 256×144 for Gabbie carter bz 3.mp4
[01:57:11.429] ShellThumbnail: Shell delivered 256×144 for a date that's more than a date.mp4
[01:57:11.430] ShellThumbnail: Shell delivered 256×144 for under her business casual.mp4
[01:57:11.431] ShellThumbnail: Shell delivered 256×144 for vampired.25.09.19.octokuro.and.rheina.ohara.controlling.the.half.breed.fuckingsession.com.mp4
[01:57:11.432] ShellThumbnail: Shell delivered 256×144 for we each have one, girl.mp4
[01:57:11.433] ShellThumbnail: Shell delivered 256×144 for you don't seem to know your girlfriend....mp4
[01:57:11.433] ShellThumbnail: Shell delivered 256×144 for [BlackedRaw] Chloe Amour (Insatiable Chloe Ditches BF For A Night Of BBC _ 01.29.2024).mp4
[01:57:11.435] ShellThumbnail: Shell delivered 256×144 for [PornhubFans 720p] My Boyfriend Fucked my Ass for the First Time after he found out I Cheated, and he came inside!.mp4
[01:57:11.435] ShellThumbnail: Shell delivered 256×144 for wrong room, right outcome.mp4
[01:57:11.436] ShellThumbnail: Shell delivered 256×144 for tackling every angle.mp4
[01:57:11.436] ShellThumbnail: Shell delivered 256×144 for put some fire on the chocolate.mp4
[01:57:11.436] ShellThumbnail: Shell delivered 256×144 for PureTaboo.23.06.27.Leana.Lovings.XXX.1080p.mp4
[01:57:12.039] Playlist: jumping to index 3 (ipc=True)
[01:57:13.566] ShellThumbnail: Shell delivered 256×144 for admiring the person from inside.mp4
[01:57:13.566] ShellThumbnail: Shell delivered 256×144 for Blair williams [pornmir, порно, new porn, hd 1080 blonde.mp4
[01:57:13.567] ShellThumbnail: Shell delivered 256×144 for Elly clutch, zoey di giacomo truth or dare threesome .mp4
[01:57:13.568] ShellThumbnail: Shell delivered 256×144 for how would you rate your stamina.mp4
[01:57:13.568] ShellThumbnail: Shell delivered 256×144 for her version of due diligence.mp4
[01:57:13.568] ShellThumbnail: Shell delivered 256×144 for Curvy brunette fingering girl eavesdropping on mom part one.mp4
[01:57:13.569] ShellThumbnail: Shell delivered 256×144 for mommysgirl.26.01.24.lexi.luna.and.leana.lovings.fuckingsession.com.mp4
[01:57:13.573] ShellThumbnail: Shell delivered 256×144 for the anime effect.mp4
[01:57:13.576] ShellThumbnail: Shell delivered 256×144 for so much good ass.mp4
[01:57:13.576] ShellThumbnail: Shell delivered 256×144 for Stepsister secretly slipped under my blanket at night....mp4
[01:57:13.577] ShellThumbnail: Shell delivered 256×144 for tackling every angle.mp4
[01:57:13.579] ShellThumbnail: Shell delivered 256×144 for people to share time with.mp4
[01:57:13.580] ShellThumbnail: Shell delivered 256×144 for Two Fantastic Brunette Girls (720).mp4
[01:57:13.580] ShellThumbnail: Shell delivered 256×144 for put some fire on the chocolate.mp4
[01:57:13.581] ShellThumbnail: Shell delivered 256×144 for mommysgirl.26.01.31.little.puck.and.hailey.rose.fuckingsession.com.mp4
[01:57:13.581] ShellThumbnail: Shell delivered 256×144 for PureTaboo.23.06.27.Leana.Lovings.XXX.1080p.mp4
[01:57:13.582] ShellThumbnail: Shell delivered 256×144 for round enough to get behind.mp4
[01:57:13.582] ShellThumbnail: Shell delivered 256×144 for PureTaboo_-_Leana_Lovings_The_Boy_Who_Cried_Step.mp4
[01:57:13.584] ShellThumbnail: Shell delivered 256×144 for just be open minded.mp4
[01:57:13.584] ShellThumbnail: Shell delivered 256×144 for Vampired_-_Octokuro_Finding_The_Dollhouse_prntrx.blogspot.com.mp4
[01:57:13.585] ShellThumbnail: Shell delivered 256×144 for her tits are the golden ticket.mp4
[01:57:13.585] ShellThumbnail: Shell delivered 256×144 for vampired.26.03.06.leana.lovings.and.lucy.mochi.the.last.woman.on.earth.fuckingsession.com.mp4
[01:57:13.586] ShellThumbnail: Shell delivered 256×144 for vampired.25.09.19.octokuro.and.rheina.ohara.controlling.the.half.breed.fuckingsession.com.mp4
[01:57:13.586] ShellThumbnail: Shell delivered 256×144 for investigating with your mouth, officer.mp4
[01:57:13.587] ShellThumbnail: Shell delivered 256×144 for PureTaboo_-_Leana_Lovings_-_The_List.mp4
[01:57:13.588] ShellThumbnail: Shell delivered 256×144 for Vampired.26.02.06.Little.Puck.And.Veronica.Leal.Refuge.XXX.720p.mp4
[01:57:13.588] ShellThumbnail: Shell delivered 256×144 for wanna strip and get more comfortable.mp4
[01:57:13.589] ShellThumbnail: Shell delivered 256×144 for we each have one, girl.mp4
[01:57:13.595] ShellThumbnail: Shell delivered 256×144 for wrong room, right outcome.mp4
[01:57:13.595] ShellThumbnail: Shell delivered 256×144 for Mind If I Join (720).mp4
[01:57:14.397] Playlist: jumping to index 1 (ipc=True)
[01:57:19.037] MpvIpcClient disposed
[01:57:19.051] ThumbServer: disposed
[01:57:19.845] Session stopped — entering pre-warm hide
[01:57:20.558] MpvIpcClient disposed
[01:57:20.559] Window closed
[01:57:43.541] App starting
[01:57:43.546] Subtitle preference loaded: mode=default, lang=(none)
[01:57:43.905] Keyboard hook handle: 0x6F90E05
[01:57:43.905] Mouse hook handle: 0x17A119F
[01:57:43.908] OnLoadedCore start
[01:57:46.000] ChildHwnd = 0xA13B0
[01:57:46.000] Calling AttachAsync
[01:57:46.012] AttachAsync succeeded
[01:57:46.012] Connecting IPC to pipe: pitflix-wid-496bc63022b74503a7473b5df4f9b2ac
[01:57:46.037] MpvIpcClient connected to \\.\pipe\pitflix-wid-496bc63022b74503a7473b5df4f9b2ac
[01:57:46.238] OnLoadedCore complete
[01:57:46.360] MpvIpcClient connected to \\.\pipe\pitflix-thumb-bd58d2b284f1441c88f277cc9f39e58a
[01:57:46.410] BuildFolderPlaylist: scanned 43 video file(s) in 'H:\R.G. Catalyst\Pro Evolution Soccer 2013'
[01:57:46.422] BuildFolderPlaylist: queued 43 files; current at idx 41 — prev/next now visible
[01:57:46.724] ThumbServer: ready for '[BlackedRaw] Chloe Amour (Insatiable Chloe Ditches BF For A Night Of BBC _ 01.29.2024).mp4'
[01:57:48.285] WS: playing file changed → '[BlackedRaw] Chloe Amour (Insatiable Chloe Ditches BF For A Night Of BBC _ 01.29.2024).mp4' (dur=2074.8)
[01:57:50.580] ThumbServer: bulk pre-gen filled 0 buckets for '[BlackedRaw] Chloe Amour (Insatiable Chloe Ditches BF For A Night Of BBC _ 01.29.2024).mp4'
[01:57:52.801] ShellThumbnail: Shell delivered 256×144 for Blair williams [pornmir, порно, new porn, hd 1080 blonde.mp4
[01:57:52.801] ShellThumbnail: Shell delivered 256×144 for round enough to get behind.mp4
[01:57:52.802] ShellThumbnail: Shell delivered 256×144 for Curvy brunette fingering girl eavesdropping on mom part one.mp4
[01:57:52.803] ShellThumbnail: Shell delivered 256×144 for put some fire on the chocolate.mp4
[01:57:52.803] ShellThumbnail: Shell delivered 256×144 for are you thirsty from all that hard work.mp4
[01:57:52.803] ShellThumbnail: Shell delivered 256×144 for just be open minded.mp4
[01:57:52.804] ShellThumbnail: Shell delivered 256×144 for the anime effect.mp4
[01:57:52.804] ShellThumbnail: Shell delivered 256×144 for Big Tit Temptress Alison Tyler Performs HOT AF Mesmerizing Titty Show.mp4
[01:57:52.804] ShellThumbnail: Shell delivered 256×144 for her tits are the golden ticket.mp4
[01:57:52.806] ShellThumbnail: Shell delivered 256×144 for Emma butt(порно.mp4
[01:57:52.807] ShellThumbnail: Shell delivered 256×144 for admiring the person from inside.mp4
[01:57:52.807] ShellThumbnail: Shell delivered 256×144 for PureTaboo_-_Leana_Lovings_-_The_List.mp4
[01:57:52.821] ShellThumbnail: Shell delivered 256×144 for vampired.25.09.19.octokuro.and.rheina.ohara.controlling.the.half.breed.fuckingsession.com.mp4
[01:57:52.821] ShellThumbnail: Shell delivered 256×144 for Vampired.26.02.06.Little.Puck.And.Veronica.Leal.Refuge.XXX.720p.mp4
[01:57:52.824] ShellThumbnail: Shell delivered 256×144 for you don't seem to know your girlfriend....mp4
[01:57:52.824] ShellThumbnail: Shell delivered 256×144 for under her business casual.mp4
[01:57:52.824] ShellThumbnail: Shell delivered 256×144 for we each have one, girl.mp4
[01:57:52.826] ShellThumbnail: Shell delivered 256×144 for wrong room, right outcome.mp4
[01:57:52.826] ShellThumbnail: Shell delivered 256×144 for [PornhubFans 720p] My Boyfriend Fucked my Ass for the First Time after he found out I Cheated, and he came inside!.mp4
[01:57:52.826] ShellThumbnail: Shell delivered 256×144 for [BlackedRaw] Chloe Amour (Insatiable Chloe Ditches BF For A Night Of BBC _ 01.29.2024).mp4
[01:57:52.827] ShellThumbnail: Shell delivered 256×144 for so much good ass.mp4
[01:57:52.827] ShellThumbnail: Shell delivered 256×144 for do you imagine fucking me.mp4
[01:57:52.827] ShellThumbnail: Shell delivered 256×144 for people to share time with.mp4
[01:57:52.827] ShellThumbnail: Shell delivered 256×144 for Gabbie carter bz 3.mp4
[01:57:52.828] ShellThumbnail: Shell delivered 256×144 for Stepsister secretly slipped under my blanket at night....mp4
[01:57:52.828] ShellThumbnail: Shell delivered 256×144 for mommysgirl.26.01.31.little.puck.and.hailey.rose.fuckingsession.com.mp4
[01:57:55.302] Playlist: jumping to index 2 (ipc=True)
[01:57:56.304] Playlist: jumping to index 1 (ipc=True)
[01:57:56.360] WS: playing file changed → 'are you thirsty from all that hard work.mp4' (dur=2082.1)
[01:57:56.367] ShellThumbnail: Shell delivered 256×144 for a date that's more than a date.mp4
[01:57:56.367] ShellThumbnail: Shell delivered 256×144 for admiring the person from inside.mp4
[01:57:56.367] MpvIpcClient disposed
[01:57:56.368] ShellThumbnail: Shell delivered 256×144 for Big Tit Temptress Alison Tyler Performs HOT AF Mesmerizing Titty Show.mp4
[01:57:56.369] ThumbServer: disposed
[01:57:56.370] ShellThumbnail: Shell delivered 256×144 for Curvy brunette fingering girl eavesdropping on mom part one.mp4
[01:57:56.372] ShellThumbnail: Shell delivered 256×144 for are you thirsty from all that hard work.mp4
[01:57:56.372] ShellThumbnail: Shell delivered 256×144 for do you imagine fucking me.mp4
[01:57:56.373] ShellThumbnail: Shell delivered 256×144 for Elly clutch, zoey di giacomo truth or dare threesome .mp4
[01:57:56.374] ShellThumbnail: Shell delivered 256×144 for Gabbie carter (gabbiecartertv double d business woman means business).mp4
[01:57:56.375] ShellThumbnail: Shell delivered 256×144 for her tits are the golden ticket.mp4
[01:57:56.376] ShellThumbnail: Shell delivered 256×144 for Gabbie carter bz 3.mp4
[01:57:56.377] ShellThumbnail: Shell delivered 256×144 for her version of due diligence.mp4
[01:57:56.378] ShellThumbnail: Shell delivered 256×144 for how to chop the morning wood.mp4
[01:57:56.379] ShellThumbnail: Shell delivered 256×144 for how would you rate your stamina.mp4
[01:57:56.379] ShellThumbnail: Shell delivered 256×144 for investigating with your mouth, officer.mp4
[01:57:56.381] ShellThumbnail: Shell delivered 256×144 for just be open minded.mp4
[01:57:56.381] ShellThumbnail: Shell delivered 256×144 for Mind If I Join (720).mp4
[01:57:56.382] ShellThumbnail: Shell delivered 256×144 for mommysgirl.26.01.24.lexi.luna.and.leana.lovings.fuckingsession.com.mp4
[01:57:56.383] ShellThumbnail: Shell delivered 256×144 for PureTaboo.23.06.27.Leana.Lovings.XXX.1080p.mp4
[01:57:56.384] ShellThumbnail: Shell delivered 256×144 for mommysgirl.26.01.31.little.puck.and.hailey.rose.fuckingsession.com.mp4
[01:57:56.385] ShellThumbnail: Shell delivered 256×144 for people to share time with.mp4
[01:57:56.386] ShellThumbnail: Shell delivered 256×144 for PureTaboo_-_Leana_Lovings_-_The_List.mp4
[01:57:56.388] ShellThumbnail: Shell delivered 256×144 for PureTaboo_-_Leana_Lovings_The_Boy_Who_Cried_Step.mp4
[01:57:56.388] ShellThumbnail: Shell delivered 256×144 for put some fire on the chocolate.mp4
[01:57:56.389] ShellThumbnail: Shell delivered 256×144 for round enough to get behind.mp4
[01:57:56.390] ShellThumbnail: Shell delivered 256×144 for so much good ass.mp4
[01:57:56.391] ShellThumbnail: Shell delivered 256×144 for Stepsister secretly slipped under my blanket at night....mp4
[01:57:56.392] ShellThumbnail: Shell delivered 256×144 for thanks for helping making history.mp4
[01:57:56.393] ShellThumbnail: Shell delivered 256×144 for tackling every angle.mp4
[01:57:56.394] ShellThumbnail: Shell delivered 256×144 for the anime effect.mp4
[01:57:56.395] ShellThumbnail: Shell delivered 256×144 for Two Fantastic Brunette Girls (720).mp4
[01:57:56.396] ShellThumbnail: Shell delivered 256×144 for under her business casual.mp4
[01:57:56.405] ShellThumbnail: Shell delivered 256×144 for vampired.25.09.19.octokuro.and.rheina.ohara.controlling.the.half.breed.fuckingsession.com.mp4
[01:57:56.405] ShellThumbnail: Shell delivered 256×144 for vampired.26.03.06.leana.lovings.and.lucy.mochi.the.last.woman.on.earth.fuckingsession.com.mp4
[01:57:56.405] ShellThumbnail: Shell delivered 256×144 for [BlackedRaw] Chloe Amour (Insatiable Chloe Ditches BF For A Night Of BBC _ 01.29.2024).mp4
[01:57:56.405] ShellThumbnail: Shell delivered 256×144 for Vampired_-_Octokuro_Finding_The_Dollhouse_prntrx.blogspot.com.mp4
[01:57:56.405] ShellThumbnail: Shell delivered 256×144 for you don't seem to know your girlfriend....mp4
[01:57:56.633] MpvIpcClient connected to \\.\pipe\pitflix-thumb-fe03ee076871428eaef69f22d2d78ad4
[01:57:56.983] ThumbServer: ready for 'are you thirsty from all that hard work.mp4'
[01:57:57.025] Playlist: jumping to index 3 (ipc=True)
[01:57:57.505] Playlist: jumping to index 1 (ipc=True)
[01:57:57.833] Playlist: jumping to index 4 (ipc=True)
[01:57:58.154] Playlist: jumping to index 1 (ipc=True)
[01:57:58.401] Playlist: jumping to index 1 (ipc=True)
[01:57:58.635] Playlist: jumping to index 0 (ipc=True)
[01:57:58.975] Playlist: jumping to index 0 (ipc=True)
[01:58:00.322] Playlist: jumping to index 0 (ipc=True)
[01:58:00.528] ThumbServer: bulk pre-gen filled 219 buckets for 'are you thirsty from all that hard work.mp4'
[01:58:00.724] Playlist: jumping to index 0 (ipc=True)
[01:58:01.172] Playlist: jumping to index 0 (ipc=True)
[01:58:01.668] Playlist: jumping to index 0 (ipc=True)
[01:58:01.996] Playlist: jumping to index 0 (ipc=True)
[01:58:02.331] Playlist: jumping to index 0 (ipc=True)
[01:58:02.582] Playlist: jumping to index 0 (ipc=True)
[01:58:02.844] Playlist: jumping to index 0 (ipc=True)
[01:58:03.102] Playlist: jumping to index 0 (ipc=True)
[01:58:03.404] Playlist: jumping to index 5 (ipc=True)
[01:58:03.764] Playlist: jumping to index 3 (ipc=True)
[01:58:12.939] MpvIpcClient disposed
[01:58:12.946] ThumbServer: disposed
[01:58:13.498] Session stopped — entering pre-warm hide
[01:58:14.464] MpvIpcClient disposed
[01:58:14.464] Window closed
[01:58:18.502] App starting
[01:58:18.508] Subtitle preference loaded: mode=default, lang=(none)
[01:58:18.861] Keyboard hook handle: 0xD610715
[01:58:18.861] Mouse hook handle: 0x3115D
[01:58:18.863] OnLoadedCore start
[01:58:20.953] ChildHwnd = 0x41128
[01:58:20.953] Calling AttachAsync
[01:58:20.965] AttachAsync succeeded
[01:58:20.965] Connecting IPC to pipe: pitflix-wid-3c34250c726447b182a0cffb41bf0144
[01:58:20.992] MpvIpcClient connected to \\.\pipe\pitflix-wid-3c34250c726447b182a0cffb41bf0144
[01:58:21.193] OnLoadedCore complete
[01:58:21.315] MpvIpcClient connected to \\.\pipe\pitflix-thumb-5b3a1ef4821b47feb4d32bcc97279c39
[01:58:21.348] BuildFolderPlaylist: scanned 43 video file(s) in 'H:\R.G. Catalyst\Pro Evolution Soccer 2013'
[01:58:21.364] BuildFolderPlaylist: queued 43 files; current at idx 42 — prev/next now visible
[01:58:21.669] ThumbServer: ready for '[PornhubFans 720p] My Boyfriend Fucked my Ass for the First Time after he found out I Cheated, and he came inside!.mp4'
[01:58:23.242] WS: playing file changed → '[PornhubFans 720p] My Boyfriend Fucked my Ass for the First Time after he found out I Cheated, and he came inside!.mp4' (dur=1250.3)
[01:58:26.300] ThumbServer: bulk pre-gen filled 0 buckets for '[PornhubFans 720p] My Boyfriend Fucked my Ass for the First Time after he found out I Cheated, and he came inside!.mp4'
[01:59:59.593] ShellThumbnail: Shell delivered 256×144 for Emma butt(порно.mp4
[01:59:59.594] ShellThumbnail: Shell delivered 256×144 for her tits are the golden ticket.mp4
[01:59:59.594] ShellThumbnail: Shell delivered 256×144 for how would you rate your stamina.mp4
[01:59:59.594] ShellThumbnail: Shell delivered 256×144 for people to share time with.mp4
[01:59:59.594] ShellThumbnail: Shell delivered 256×144 for so much good ass.mp4
[01:59:59.595] ShellThumbnail: Shell delivered 256×144 for PureTaboo.23.06.27.Leana.Lovings.XXX.1080p.mp4
[01:59:59.595] ShellThumbnail: Shell delivered 256×144 for PureTaboo_-_Leana_Lovings_The_Boy_Who_Cried_Step.mp4
[01:59:59.596] ShellThumbnail: Shell delivered 256×144 for Curvy brunette fingering girl eavesdropping on mom part one.mp4
[01:59:59.596] ShellThumbnail: Shell delivered 256×144 for just be open minded.mp4
[01:59:59.597] ShellThumbnail: Shell delivered 256×144 for how to chop the morning wood.mp4
[01:59:59.597] ShellThumbnail: Shell delivered 256×144 for PureTaboo_-_Leana_Lovings_-_The_List.mp4
[01:59:59.597] ShellThumbnail: Shell delivered 256×144 for a date that's more than a date.mp4
[01:59:59.597] ShellThumbnail: Shell delivered 256×144 for Stepsister secretly slipped under my blanket at night....mp4
[01:59:59.607] ShellThumbnail: Shell delivered 256×144 for Blair williams [pornmir, порно, new porn, hd 1080 blonde.mp4
[01:59:59.607] ShellThumbnail: Shell delivered 256×144 for under her business casual.mp4
[01:59:59.607] ShellThumbnail: Shell delivered 256×144 for are you thirsty from all that hard work.mp4
[01:59:59.609] ShellThumbnail: Shell delivered 256×144 for you don't seem to know your girlfriend....mp4
[01:59:59.610] ShellThumbnail: Shell delivered 256×144 for Vampired_-_Octokuro_Finding_The_Dollhouse_prntrx.blogspot.com.mp4
[01:59:59.610] ShellThumbnail: Shell delivered 256×144 for wanna strip and get more comfortable.mp4
[01:59:59.610] ShellThumbnail: Shell delivered 256×144 for investigating with your mouth, officer.mp4
[01:59:59.611] ShellThumbnail: Shell delivered 256×144 for round enough to get behind.mp4
[01:59:59.617] ShellThumbnail: Shell delivered 256×144 for wrong room, right outcome.mp4
[01:59:59.617] ShellThumbnail: Shell delivered 256×144 for do you imagine fucking me.mp4
[01:59:59.617] ShellThumbnail: Shell delivered 256×144 for her version of due diligence.mp4
[01:59:59.618] ShellThumbnail: Shell delivered 256×144 for mommysgirl.26.01.24.lexi.luna.and.leana.lovings.fuckingsession.com.mp4
[02:00:00.383] Playlist: jumping to index 3 (ipc=True)
[02:00:01.071] WS: playing file changed → 'Big Tit Temptress Alison Tyler Performs HOT AF Mesmerizing Titty Show.mp4' (dur=2222.0)
[02:00:01.073] MpvIpcClient disposed
[02:00:01.074] ThumbServer: disposed
[02:00:01.134] ThumbServer.ProduceAsync(1255) failed: Object reference not set to an instance of an object.
[02:00:01.333] MpvIpcClient connected to \\.\pipe\pitflix-thumb-848be136c42e498f99afb747da7b4113
[02:00:01.685] ThumbServer: ready for 'Big Tit Temptress Alison Tyler Performs HOT AF Mesmerizing Titty Show.mp4'
[02:00:02.479] ShellThumbnail: Shell delivered 256×144 for Big Tit Temptress Alison Tyler Performs HOT AF Mesmerizing Titty Show.mp4
[02:00:02.481] ShellThumbnail: Shell delivered 256×144 for a date that's more than a date.mp4
[02:00:02.483] ShellThumbnail: Shell delivered 256×144 for admiring the person from inside.mp4
[02:00:02.483] ShellThumbnail: Shell delivered 256×144 for Elly clutch, zoey di giacomo truth or dare threesome .mp4
[02:00:02.484] ShellThumbnail: Shell delivered 256×144 for Curvy brunette fingering girl eavesdropping on mom part one.mp4
[02:00:02.488] ShellThumbnail: Shell delivered 256×144 for Blair williams [pornmir, порно, new porn, hd 1080 blonde.mp4
[02:00:02.489] ShellThumbnail: Shell delivered 256×144 for Emma butt(порно.mp4
[02:00:02.490] ShellThumbnail: Shell delivered 256×144 for Gabbie carter bz 3.mp4
[02:00:02.491] ShellThumbnail: Shell delivered 256×144 for how to chop the morning wood.mp4
[02:00:02.492] ShellThumbnail: Shell delivered 256×144 for how would you rate your stamina.mp4
[02:00:02.493] ShellThumbnail: Shell delivered 256×144 for Gabbie carter (gabbiecartertv double d business woman means business).mp4
[02:00:02.504] ShellThumbnail: Shell delivered 256×144 for do you imagine fucking me.mp4
[02:00:02.505] ShellThumbnail: Shell delivered 256×144 for mommysgirl.26.01.24.lexi.luna.and.leana.lovings.fuckingsession.com.mp4
[02:00:02.505] ShellThumbnail: Shell delivered 256×144 for Stepsister secretly slipped under my blanket at night....mp4
[02:00:02.505] ShellThumbnail: Shell delivered 256×144 for PureTaboo_-_Leana_Lovings_The_Boy_Who_Cried_Step.mp4
[02:00:02.505] ShellThumbnail: Shell delivered 256×144 for mommysgirl.26.01.31.little.puck.and.hailey.rose.fuckingsession.com.mp4
[02:00:02.506] ShellThumbnail: Shell delivered 256×144 for so much good ass.mp4
[02:00:02.506] ShellThumbnail: Shell delivered 256×144 for her tits are the golden ticket.mp4
[02:00:02.507] ShellThumbnail: Shell delivered 256×144 for tackling every angle.mp4
[02:00:02.508] ShellThumbnail: Shell delivered 256×144 for the anime effect.mp4
[02:00:02.509] ShellThumbnail: Shell delivered 256×144 for thanks for helping making history.mp4
[02:00:02.509] ShellThumbnail: Shell delivered 256×144 for Two Fantastic Brunette Girls (720).mp4
[02:00:02.510] ShellThumbnail: Shell delivered 256×144 for Vampired.26.02.06.Little.Puck.And.Veronica.Leal.Refuge.XXX.720p.mp4
[02:00:02.511] ShellThumbnail: Shell delivered 256×144 for under her business casual.mp4
[02:00:02.512] ShellThumbnail: Shell delivered 256×144 for Vampired_-_Octokuro_Finding_The_Dollhouse_prntrx.blogspot.com.mp4
[02:00:02.512] ShellThumbnail: Shell delivered 256×144 for vampired.25.09.19.octokuro.and.rheina.ohara.controlling.the.half.breed.fuckingsession.com.mp4
[02:00:02.513] ShellThumbnail: Shell delivered 256×144 for vampired.26.03.06.leana.lovings.and.lucy.mochi.the.last.woman.on.earth.fuckingsession.com.mp4
[02:00:02.514] ShellThumbnail: Shell delivered 256×144 for wanna strip and get more comfortable.mp4
[02:00:02.514] ShellThumbnail: Shell delivered 256×144 for we each have one, girl.mp4
[02:00:02.515] ShellThumbnail: Shell delivered 256×144 for wrong room, right outcome.mp4
[02:00:02.516] ShellThumbnail: Shell delivered 256×144 for you don't seem to know your girlfriend....mp4
[02:00:02.517] ShellThumbnail: Shell delivered 256×144 for [BlackedRaw] Chloe Amour (Insatiable Chloe Ditches BF For A Night Of BBC _ 01.29.2024).mp4
[02:00:02.517] ShellThumbnail: Shell delivered 256×144 for [PornhubFans 720p] My Boyfriend Fucked my Ass for the First Time after he found out I Cheated, and he came inside!.mp4
[02:00:03.286] Playlist: jumping to index 1 (ipc=True)
[02:00:07.489] ShellThumbnail: Shell delivered 256×144 for are you thirsty from all that hard work.mp4
[02:00:07.490] ShellThumbnail: Shell delivered 256×144 for Big Tit Temptress Alison Tyler Performs HOT AF Mesmerizing Titty Show.mp4
[02:00:07.493] ShellThumbnail: Shell delivered 256×144 for her tits are the golden ticket.mp4
[02:00:07.494] ShellThumbnail: Shell delivered 256×144 for how would you rate your stamina.mp4
[02:00:07.495] ShellThumbnail: Shell delivered 256×144 for Gabbie carter bz 3.mp4
[02:00:07.496] ShellThumbnail: Shell delivered 256×144 for how to chop the morning wood.mp4
[02:00:07.497] ShellThumbnail: Shell delivered 256×144 for Gabbie carter (gabbiecartertv double d business woman means business).mp4
[02:00:07.498] ShellThumbnail: Shell delivered 256×144 for her version of due diligence.mp4
[02:00:07.499] ShellThumbnail: Shell delivered 256×144 for investigating with your mouth, officer.mp4
[02:00:07.500] ShellThumbnail: Shell delivered 256×144 for Mind If I Join (720).mp4
[02:00:07.502] ShellThumbnail: Shell delivered 256×144 for just be open minded.mp4
[02:00:07.502] ShellThumbnail: Shell delivered 256×144 for mommysgirl.26.01.24.lexi.luna.and.leana.lovings.fuckingsession.com.mp4
[02:00:07.503] ShellThumbnail: Shell delivered 256×144 for mommysgirl.26.01.31.little.puck.and.hailey.rose.fuckingsession.com.mp4
[02:00:07.504] ShellThumbnail: Shell delivered 256×144 for people to share time with.mp4
[02:00:07.505] ShellThumbnail: Shell delivered 256×144 for PureTaboo.23.06.27.Leana.Lovings.XXX.1080p.mp4
[02:00:07.506] ShellThumbnail: Shell delivered 256×144 for PureTaboo_-_Leana_Lovings_-_The_List.mp4
[02:00:07.507] ShellThumbnail: Shell delivered 256×144 for PureTaboo_-_Leana_Lovings_The_Boy_Who_Cried_Step.mp4
[02:00:07.508] ShellThumbnail: Shell delivered 256×144 for put some fire on the chocolate.mp4
[02:00:07.509] ShellThumbnail: Shell delivered 256×144 for round enough to get behind.mp4
[02:00:07.510] ShellThumbnail: Shell delivered 256×144 for so much good ass.mp4
[02:00:07.511] ShellThumbnail: Shell delivered 256×144 for Stepsister secretly slipped under my blanket at night....mp4
[02:00:07.512] ShellThumbnail: Shell delivered 256×144 for tackling every angle.mp4
[02:00:07.513] ShellThumbnail: Shell delivered 256×144 for thanks for helping making history.mp4
[02:00:07.514] ShellThumbnail: Shell delivered 256×144 for the anime effect.mp4
[02:00:07.514] ShellThumbnail: Shell delivered 256×144 for Two Fantastic Brunette Girls (720).mp4
[02:00:07.516] ShellThumbnail: Shell delivered 256×144 for under her business casual.mp4
[02:00:07.516] ShellThumbnail: Shell delivered 256×144 for vampired.25.09.19.octokuro.and.rheina.ohara.controlling.the.half.breed.fuckingsession.com.mp4
[02:00:07.517] ShellThumbnail: Shell delivered 256×144 for Vampired.26.02.06.Little.Puck.And.Veronica.Leal.Refuge.XXX.720p.mp4
[02:00:07.518] ShellThumbnail: Shell delivered 256×144 for vampired.26.03.06.leana.lovings.and.lucy.mochi.the.last.woman.on.earth.fuckingsession.com.mp4
[02:00:07.519] ShellThumbnail: Shell delivered 256×144 for Vampired_-_Octokuro_Finding_The_Dollhouse_prntrx.blogspot.com.mp4
[02:00:07.519] ShellThumbnail: Shell delivered 256×144 for wanna strip and get more comfortable.mp4
[02:00:07.521] ShellThumbnail: Shell delivered 256×144 for we each have one, girl.mp4
[02:00:07.522] ShellThumbnail: Shell delivered 256×144 for wrong room, right outcome.mp4
[02:00:07.523] ShellThumbnail: Shell delivered 256×144 for you don't seem to know your girlfriend....mp4
[02:00:07.523] ShellThumbnail: Shell delivered 256×144 for [BlackedRaw] Chloe Amour (Insatiable Chloe Ditches BF For A Night Of BBC _ 01.29.2024).mp4
[02:00:07.524] ShellThumbnail: Shell delivered 256×144 for [PornhubFans 720p] My Boyfriend Fucked my Ass for the First Time after he found out I Cheated, and he came inside!.mp4
[02:00:08.056] Playlist: jumping to index 5 (ipc=True)
[02:00:10.524] ThumbServer: bulk pre-gen filled 0 buckets for 'Big Tit Temptress Alison Tyler Performs HOT AF Mesmerizing Titty Show.mp4'
[02:00:12.345] MpvIpcClient disposed
[02:00:12.369] ThumbServer: disposed
[02:00:13.179] Session stopped — entering pre-warm hide
[02:00:13.870] MpvIpcClient disposed
[02:00:13.870] Window closed
[02:06:55.935] App starting
[02:06:55.941] Subtitle preference loaded: mode=default, lang=(none)
[02:06:56.370] Keyboard hook handle: 0xD117D
[02:06:56.370] Mouse hook handle: 0x10711FD
[02:06:56.373] OnLoadedCore start
[02:06:58.487] ChildHwnd = 0x611F0
[02:06:58.488] Calling AttachAsync
[02:06:58.505] AttachAsync succeeded
[02:06:58.505] Connecting IPC to pipe: pitflix-wid-642994f169d848a5ac1151cb4230c2e6
[02:06:58.537] MpvIpcClient connected to \\.\pipe\pitflix-wid-642994f169d848a5ac1151cb4230c2e6
[02:06:58.729] OnLoadedCore complete
[02:06:58.858] MpvIpcClient connected to \\.\pipe\pitflix-thumb-e66be49206ae49b796bd2befc92f3e8c
[02:06:58.902] BuildFolderPlaylist: scanned 43 video file(s) in 'H:\R.G. Catalyst\Pro Evolution Soccer 2013'
[02:06:58.903] MpvIpcClient: wrote {"command":["playlist-clear"]}
[02:06:58.930] MpvIpcClient: wrote {"command":["playlist-move",0,42]}
[02:06:58.930] BuildFolderPlaylist: queued 43 files; current at idx 41 — prev/next now visible
[02:06:59.211] ThumbServer: ready for '[BlackedRaw] Chloe Amour (Insatiable Chloe Ditches BF For A Night Of BBC _ 01.29.2024).mp4'
[02:07:00.762] WS: playing file changed → '[BlackedRaw] Chloe Amour (Insatiable Chloe Ditches BF For A Night Of BBC _ 01.29.2024).mp4' (dur=2074.8)
[02:07:03.432] ThumbServer: bulk pre-gen filled 0 buckets for '[BlackedRaw] Chloe Amour (Insatiable Chloe Ditches BF For A Night Of BBC _ 01.29.2024).mp4'
[02:07:09.479] ShellThumbnail: Shell delivered 256×144 for do you imagine fucking me.mp4
[02:07:09.485] ShellThumbnail: Shell delivered 256×144 for Mind If I Join (720).mp4
[02:07:09.486] ShellThumbnail: Shell delivered 256×144 for investigating with your mouth, officer.mp4
[02:07:09.486] ShellThumbnail: Shell delivered 256×144 for her version of due diligence.mp4
[02:07:09.487] ShellThumbnail: Shell delivered 256×144 for how would you rate your stamina.mp4
[02:07:09.489] ShellThumbnail: Shell delivered 256×144 for just be open minded.mp4
[02:07:09.490] ShellThumbnail: Shell delivered 256×144 for people to share time with.mp4
[02:07:09.491] ShellThumbnail: Shell delivered 256×144 for mommysgirl.26.01.24.lexi.luna.and.leana.lovings.fuckingsession.com.mp4
[02:07:09.492] ShellThumbnail: Shell delivered 256×144 for mommysgirl.26.01.31.little.puck.and.hailey.rose.fuckingsession.com.mp4
[02:07:09.494] ShellThumbnail: Shell delivered 256×144 for how to chop the morning wood.mp4
[02:07:09.495] ShellThumbnail: Shell delivered 256×144 for PureTaboo.23.06.27.Leana.Lovings.XXX.1080p.mp4
[02:07:09.496] ShellThumbnail: Shell delivered 256×144 for PureTaboo_-_Leana_Lovings_The_Boy_Who_Cried_Step.mp4
[02:07:09.497] ShellThumbnail: Shell delivered 256×144 for put some fire on the chocolate.mp4
[02:07:09.498] ShellThumbnail: Shell delivered 256×144 for round enough to get behind.mp4
[02:07:09.500] ShellThumbnail: Shell delivered 256×144 for PureTaboo_-_Leana_Lovings_-_The_List.mp4
[02:07:09.509] ShellThumbnail: Shell delivered 256×144 for so much good ass.mp4
[02:07:09.510] ShellThumbnail: Shell delivered 256×144 for tackling every angle.mp4
[02:07:09.510] ShellThumbnail: Shell delivered 256×144 for the anime effect.mp4
[02:07:09.513] ShellThumbnail: Shell delivered 256×144 for her tits are the golden ticket.mp4
[02:07:09.513] ShellThumbnail: Shell delivered 256×144 for Curvy brunette fingering girl eavesdropping on mom part one.mp4
[02:07:09.513] ShellThumbnail: Shell delivered 256×144 for Vampired.26.02.06.Little.Puck.And.Veronica.Leal.Refuge.XXX.720p.mp4
[02:07:09.514] ShellThumbnail: Shell delivered 256×144 for vampired.26.03.06.leana.lovings.and.lucy.mochi.the.last.woman.on.earth.fuckingsession.com.mp4
[02:07:09.515] ShellThumbnail: Shell delivered 256×144 for Vampired_-_Octokuro_Finding_The_Dollhouse_prntrx.blogspot.com.mp4
[02:07:09.517] ShellThumbnail: Shell delivered 256×144 for we each have one, girl.mp4
[02:07:09.518] ShellThumbnail: Shell delivered 256×144 for wrong room, right outcome.mp4
[02:07:09.518] ShellThumbnail: Shell delivered 256×144 for wanna strip and get more comfortable.mp4
[02:07:09.519] ShellThumbnail: Shell delivered 256×144 for [BlackedRaw] Chloe Amour (Insatiable Chloe Ditches BF For A Night Of BBC _ 01.29.2024).mp4
[02:07:09.520] ShellThumbnail: Shell delivered 256×144 for you don't seem to know your girlfriend....mp4
[02:07:09.521] ShellThumbnail: Shell delivered 256×144 for [PornhubFans 720p] My Boyfriend Fucked my Ass for the First Time after he found out I Cheated, and he came inside!.mp4
[02:07:10.268] Playlist: jumping to index 2 (ipc=True)
[02:07:10.268] MpvIpcClient: wrote {"command":["playlist-play-index",2]}
[02:07:11.670] ShellThumbnail: Shell delivered 256×144 for admiring the person from inside.mp4
[02:07:11.670] ShellThumbnail: Shell delivered 256×144 for a date that's more than a date.mp4
[02:07:11.674] ShellThumbnail: Shell delivered 256×144 for Blair williams [pornmir, порно, new porn, hd 1080 blonde.mp4
[02:07:11.675] ShellThumbnail: Shell delivered 256×144 for do you imagine fucking me.mp4
[02:07:11.676] ShellThumbnail: Shell delivered 256×144 for Curvy brunette fingering girl eavesdropping on mom part one.mp4
[02:07:11.677] ShellThumbnail: Shell delivered 256×144 for Emma butt(порно.mp4
[02:07:11.678] ShellThumbnail: Shell delivered 256×144 for Gabbie carter (gabbiecartertv double d business woman means business).mp4
[02:07:11.688] ShellThumbnail: Shell delivered 256×144 for Gabbie carter bz 3.mp4
[02:07:11.688] ShellThumbnail: Shell delivered 256×144 for her tits are the golden ticket.mp4
[02:07:11.695] ShellThumbnail: Shell delivered 256×144 for her version of due diligence.mp4
[02:07:11.696] ShellThumbnail: Shell delivered 256×144 for under her business casual.mp4
[02:07:11.697] ShellThumbnail: Shell delivered 256×144 for Mind If I Join (720).mp4
[02:07:11.697] ShellThumbnail: Shell delivered 256×144 for mommysgirl.26.01.24.lexi.luna.and.leana.lovings.fuckingsession.com.mp4
[02:07:11.697] ShellThumbnail: Shell delivered 256×144 for mommysgirl.26.01.31.little.puck.and.hailey.rose.fuckingsession.com.mp4
[02:07:11.697] ShellThumbnail: Shell delivered 256×144 for vampired.25.09.19.octokuro.and.rheina.ohara.controlling.the.half.breed.fuckingsession.com.mp4
[02:07:11.697] ShellThumbnail: Shell delivered 256×144 for people to share time with.mp4
[02:07:11.697] ShellThumbnail: Shell delivered 256×144 for PureTaboo_-_Leana_Lovings_The_Boy_Who_Cried_Step.mp4
[02:07:11.697] ShellThumbnail: Shell delivered 256×144 for we each have one, girl.mp4
[02:07:11.698] ShellThumbnail: Shell delivered 256×144 for how would you rate your stamina.mp4
[02:07:11.698] ShellThumbnail: Shell delivered 256×144 for just be open minded.mp4
[02:07:11.698] ShellThumbnail: Shell delivered 256×144 for PureTaboo.23.06.27.Leana.Lovings.XXX.1080p.mp4
[02:07:11.699] ShellThumbnail: Shell delivered 256×144 for investigating with your mouth, officer.mp4
[02:07:11.699] ShellThumbnail: Shell delivered 256×144 for put some fire on the chocolate.mp4
[02:07:11.699] ShellThumbnail: Shell delivered 256×144 for Two Fantastic Brunette Girls (720).mp4
[02:07:11.699] ShellThumbnail: Shell delivered 256×144 for round enough to get behind.mp4
[02:07:11.700] ShellThumbnail: Shell delivered 256×144 for Stepsister secretly slipped under my blanket at night....mp4
[02:07:11.701] ShellThumbnail: Shell delivered 256×144 for so much good ass.mp4
[02:07:11.701] ShellThumbnail: Shell delivered 256×144 for the anime effect.mp4
[02:07:11.702] ShellThumbnail: Shell delivered 256×144 for Vampired.26.02.06.Little.Puck.And.Veronica.Leal.Refuge.XXX.720p.mp4
[02:07:11.703] ShellThumbnail: Shell delivered 256×144 for thanks for helping making history.mp4
[02:07:11.703] ShellThumbnail: Shell delivered 256×144 for vampired.26.03.06.leana.lovings.and.lucy.mochi.the.last.woman.on.earth.fuckingsession.com.mp4
[02:07:11.704] ShellThumbnail: Shell delivered 256×144 for [BlackedRaw] Chloe Amour (Insatiable Chloe Ditches BF For A Night Of BBC _ 01.29.2024).mp4
[02:07:11.705] ShellThumbnail: Shell delivered 256×144 for wrong room, right outcome.mp4
[02:07:11.706] ShellThumbnail: Shell delivered 256×144 for [PornhubFans 720p] My Boyfriend Fucked my Ass for the First Time after he found out I Cheated, and he came inside!.mp4
[02:07:11.708] ShellThumbnail: Shell delivered 256×144 for wanna strip and get more comfortable.mp4
[02:07:11.708] ShellThumbnail: Shell delivered 256×144 for tackling every angle.mp4
[02:07:15.549] MpvIpcClient disposed
[02:07:15.573] ThumbServer: disposed
[02:07:15.880] Session stopped — entering pre-warm hide
[02:07:17.159] OnClosed: save-progress-now failed (non-fatal): One or more errors occurred. (A task was canceled.)
[02:07:17.160] MpvIpcClient disposed
[02:07:17.160] Window closed
[02:07:20.074] App starting
[02:07:20.080] Subtitle preference loaded: mode=default, lang=(none)
[02:07:20.445] Keyboard hook handle: 0x51351
[02:07:20.445] Mouse hook handle: 0xB810EF
[02:07:20.447] OnLoadedCore start
[02:07:22.545] ChildHwnd = 0x510B6
[02:07:22.545] Calling AttachAsync
[02:07:22.558] AttachAsync succeeded
[02:07:22.559] Connecting IPC to pipe: pitflix-wid-7bc6d76ca198406d96248f731652b4c8
[02:07:22.596] MpvIpcClient connected to \\.\pipe\pitflix-wid-7bc6d76ca198406d96248f731652b4c8
[02:07:22.807] OnLoadedCore complete
[02:07:22.935] MpvIpcClient connected to \\.\pipe\pitflix-thumb-c842841b66a547dd8f7a92c6b40aaf53
[02:07:22.966] BuildFolderPlaylist: scanned 43 video file(s) in 'H:\R.G. Catalyst\Pro Evolution Soccer 2013'
[02:07:22.966] MpvIpcClient: wrote {"command":["playlist-clear"]}
[02:07:22.973] MpvIpcClient: wrote {"command":["playlist-move",0,42]}
[02:07:22.974] BuildFolderPlaylist: queued 43 files; current at idx 41 — prev/next now visible
[02:07:23.296] ThumbServer: ready for '[BlackedRaw] Chloe Amour (Insatiable Chloe Ditches BF For A Night Of BBC _ 01.29.2024).mp4'
[02:07:24.247] Seek IGNORED on mouse-up: _duration=0.0 (timeline disabled — backend never reported a duration for this file)
[02:07:24.557] Seek IGNORED on mouse-up: _duration=0.0 (timeline disabled — backend never reported a duration for this file)
[02:07:24.849] WS: playing file changed → '[BlackedRaw] Chloe Amour (Insatiable Chloe Ditches BF For A Night Of BBC _ 01.29.2024).mp4' (dur=2074.8)
[02:07:26.527] ShellThumbnail: Shell delivered 256×144 for are you thirsty from all that hard work.mp4
[02:07:26.527] ShellThumbnail: Shell delivered 256×144 for Blair williams [pornmir, порно, new porn, hd 1080 blonde.mp4
[02:07:26.533] ShellThumbnail: Shell delivered 256×144 for how to chop the morning wood.mp4
[02:07:26.534] ShellThumbnail: Shell delivered 256×144 for Gabbie carter bz 3.mp4
[02:07:26.535] ShellThumbnail: Shell delivered 256×144 for her tits are the golden ticket.mp4
[02:07:26.535] ShellThumbnail: Shell delivered 256×144 for Gabbie carter (gabbiecartertv double d business woman means business).mp4
[02:07:26.536] ShellThumbnail: Shell delivered 256×144 for her version of due diligence.mp4
[02:07:26.537] ShellThumbnail: Shell delivered 256×144 for how would you rate your stamina.mp4
[02:07:26.538] ShellThumbnail: Shell delivered 256×144 for just be open minded.mp4
[02:07:26.539] ShellThumbnail: Shell delivered 256×144 for Mind If I Join (720).mp4
[02:07:26.540] ShellThumbnail: Shell delivered 256×144 for investigating with your mouth, officer.mp4
[02:07:26.541] ShellThumbnail: Shell delivered 256×144 for mommysgirl.26.01.24.lexi.luna.and.leana.lovings.fuckingsession.com.mp4
[02:07:26.542] ShellThumbnail: Shell delivered 256×144 for mommysgirl.26.01.31.little.puck.and.hailey.rose.fuckingsession.com.mp4
[02:07:26.543] ShellThumbnail: Shell delivered 256×144 for people to share time with.mp4
[02:07:26.544] ShellThumbnail: Shell delivered 256×144 for PureTaboo.23.06.27.Leana.Lovings.XXX.1080p.mp4
[02:07:26.545] ShellThumbnail: Shell delivered 256×144 for PureTaboo_-_Leana_Lovings_-_The_List.mp4
[02:07:26.546] ShellThumbnail: Shell delivered 256×144 for PureTaboo_-_Leana_Lovings_The_Boy_Who_Cried_Step.mp4
[02:07:26.547] ShellThumbnail: Shell delivered 256×144 for put some fire on the chocolate.mp4
[02:07:26.548] ShellThumbnail: Shell delivered 256×144 for round enough to get behind.mp4
[02:07:26.549] ShellThumbnail: Shell delivered 256×144 for so much good ass.mp4
[02:07:26.550] ShellThumbnail: Shell delivered 256×144 for Stepsister secretly slipped under my blanket at night....mp4
[02:07:26.560] ShellThumbnail: Shell delivered 256×144 for tackling every angle.mp4
[02:07:26.562] ShellThumbnail: Shell delivered 256×144 for Vampired.26.02.06.Little.Puck.And.Veronica.Leal.Refuge.XXX.720p.mp4
[02:07:26.562] ShellThumbnail: Shell delivered 256×144 for Two Fantastic Brunette Girls (720).mp4
[02:07:26.563] ShellThumbnail: Shell delivered 256×144 for Vampired_-_Octokuro_Finding_The_Dollhouse_prntrx.blogspot.com.mp4
[02:07:26.565] ShellThumbnail: Shell delivered 256×144 for wanna strip and get more comfortable.mp4
[02:07:26.566] ShellThumbnail: Shell delivered 256×144 for we each have one, girl.mp4
[02:07:26.567] ShellThumbnail: Shell delivered 256×144 for wrong room, right outcome.mp4
[02:07:26.568] ShellThumbnail: Shell delivered 256×144 for you don't seem to know your girlfriend....mp4
[02:07:26.569] ShellThumbnail: Shell delivered 256×144 for [BlackedRaw] Chloe Amour (Insatiable Chloe Ditches BF For A Night Of BBC _ 01.29.2024).mp4
[02:07:26.570] ShellThumbnail: Shell delivered 256×144 for [PornhubFans 720p] My Boyfriend Fucked my Ass for the First Time after he found out I Cheated, and he came inside!.mp4
[02:07:26.987] Playlist: jumping to index 4 (ipc=True)
[02:07:26.988] MpvIpcClient: wrote {"command":["playlist-play-index",4]}
[02:07:27.140] ThumbServer: bulk pre-gen filled 0 buckets for '[BlackedRaw] Chloe Amour (Insatiable Chloe Ditches BF For A Night Of BBC _ 01.29.2024).mp4'
[02:07:27.855] WS: playing file changed → 'Blair williams [pornmir, порно, new porn, hd 1080 blonde.mp4' (dur=2670.5)
[02:07:27.856] MpvIpcClient disposed
[02:07:27.857] ThumbServer: disposed
[02:07:28.115] MpvIpcClient connected to \\.\pipe\pitflix-thumb-33355986684541e897a2164801e1f08c
[02:07:28.468] ThumbServer: ready for 'Blair williams [pornmir, порно, new porn, hd 1080 blonde.mp4'
[02:07:33.923] MpvIpcClient: wrote {"command":["playlist-next"]}
[02:07:37.819] MpvIpcClient disposed
[02:07:37.907] ThumbServer: disposed
[02:07:37.950] Session stopped — entering pre-warm hide
[02:07:39.435] OnClosed: save-progress-now failed (non-fatal): One or more errors occurred. (A task was canceled.)
[02:07:39.436] MpvIpcClient disposed
[02:07:39.436] Window closed
[02:19:56.025] App starting
[02:19:56.030] Subtitle preference loaded: mode=default, lang=(none)
[02:19:56.384] Keyboard hook handle: 0x3400D89
[02:19:56.385] Mouse hook handle: 0x2060EED
[02:19:56.387] OnLoadedCore start
[02:19:58.485] ChildHwnd = 0x5123C
[02:19:58.485] Calling AttachAsync
[02:19:58.501] AttachAsync succeeded
[02:19:58.501] Connecting IPC to pipe: pitflix-wid-b037244858fa472d8e170ff26b69f39c
[02:19:58.539] MpvIpcClient connected to \\.\pipe\pitflix-wid-b037244858fa472d8e170ff26b69f39c
[02:19:58.736] OnLoadedCore complete
[02:19:58.862] MpvIpcClient connected to \\.\pipe\pitflix-thumb-32c6e96257334c139f4055967e6b1d06
[02:19:58.900] BuildFolderPlaylist: scanned 43 video file(s) in 'H:\R.G. Catalyst\Pro Evolution Soccer 2013'
[02:19:58.900] MpvIpcClient: wrote {"command":["playlist-clear"]}
[02:19:58.925] MpvIpcClient: wrote {"command":["playlist-move",0,42]}
[02:19:58.925] BuildFolderPlaylist: queued 43 files; current at idx 41 — prev/next now visible
[02:19:59.219] ThumbServer: ready for '[BlackedRaw] Chloe Amour (Insatiable Chloe Ditches BF For A Night Of BBC _ 01.29.2024).mp4'
[02:20:00.809] WS: playing file changed → '[BlackedRaw] Chloe Amour (Insatiable Chloe Ditches BF For A Night Of BBC _ 01.29.2024).mp4' (dur=2074.8)
[02:20:03.199] ThumbServer: bulk pre-gen filled 0 buckets for '[BlackedRaw] Chloe Amour (Insatiable Chloe Ditches BF For A Night Of BBC _ 01.29.2024).mp4'
[02:20:05.079] ShellThumbnail: Shell delivered 256×144 for Curvy brunette fingering girl eavesdropping on mom part one.mp4
[02:20:05.081] ShellThumbnail: Shell delivered 256×144 for people to share time with.mp4
[02:20:05.081] ShellThumbnail: Shell delivered 256×144 for a date that's more than a date.mp4
[02:20:05.082] ShellThumbnail: Shell delivered 256×144 for Gabbie carter (gabbiecartertv double d business woman means business).mp4
[02:20:05.085] ShellThumbnail: Shell delivered 256×144 for the anime effect.mp4
[02:20:05.085] ShellThumbnail: Shell delivered 256×144 for Blair williams [pornmir, порно, new porn, hd 1080 blonde.mp4
[02:20:05.085] ShellThumbnail: Shell delivered 256×144 for mommysgirl.26.01.31.little.puck.and.hailey.rose.fuckingsession.com.mp4
[02:20:05.088] ShellThumbnail: Shell delivered 256×144 for do you imagine fucking me.mp4
[02:20:05.100] ShellThumbnail: Shell delivered 256×144 for put some fire on the chocolate.mp4
[02:20:05.101] ShellThumbnail: Shell delivered 256×144 for under her business casual.mp4
[02:20:05.101] ShellThumbnail: Shell delivered 256×144 for Vampired_-_Octokuro_Finding_The_Dollhouse_prntrx.blogspot.com.mp4
[02:20:05.104] ShellThumbnail: Shell delivered 256×144 for Vampired.26.02.06.Little.Puck.And.Veronica.Leal.Refuge.XXX.720p.mp4
[02:20:05.104] ShellThumbnail: Shell delivered 256×144 for wanna strip and get more comfortable.mp4
[02:20:05.105] ShellThumbnail: Shell delivered 256×144 for we each have one, girl.mp4
[02:20:05.105] ShellThumbnail: Shell delivered 256×144 for Two Fantastic Brunette Girls (720).mp4
[02:20:05.106] ShellThumbnail: Shell delivered 256×144 for you don't seem to know your girlfriend....mp4
[02:20:05.108] ShellThumbnail: Shell delivered 256×144 for [BlackedRaw] Chloe Amour (Insatiable Chloe Ditches BF For A Night Of BBC _ 01.29.2024).mp4
[02:20:05.108] ShellThumbnail: Shell delivered 256×144 for [PornhubFans 720p] My Boyfriend Fucked my Ass for the First Time after he found out I Cheated, and he came inside!.mp4
[02:20:05.109] ShellThumbnail: Shell delivered 256×144 for are you thirsty from all that hard work.mp4
[02:20:05.110] ShellThumbnail: Shell delivered 256×144 for investigating with your mouth, officer.mp4
[02:20:05.111] ShellThumbnail: Shell delivered 256×144 for Stepsister secretly slipped under my blanket at night....mp4
[02:20:05.111] ShellThumbnail: Shell delivered 256×144 for just be open minded.mp4
[02:20:05.111] ShellThumbnail: Shell delivered 256×144 for Gabbie carter bz 3.mp4
[02:20:05.111] ShellThumbnail: Shell delivered 256×144 for her tits are the golden ticket.mp4
[02:20:05.111] ShellThumbnail: Shell delivered 256×144 for how to chop the morning wood.mp4
[02:20:05.743] Playlist: jumping to index 3 (ipc=True)
[02:20:05.744] MpvIpcClient: wrote {"command":["playlist-play-index",3]}
[02:20:07.590] ShellThumbnail: Shell delivered 256×144 for admiring the person from inside.mp4
[02:20:07.598] ShellThumbnail: Shell delivered 256×144 for Elly clutch, zoey di giacomo truth or dare threesome .mp4
[02:20:07.599] ShellThumbnail: Shell delivered 256×144 for Curvy brunette fingering girl eavesdropping on mom part one.mp4
[02:20:07.600] ShellThumbnail: Shell delivered 256×144 for just be open minded.mp4
[02:20:07.601] ShellThumbnail: Shell delivered 256×144 for PureTaboo_-_Leana_Lovings_-_The_List.mp4
[02:20:07.602] ShellThumbnail: Shell delivered 256×144 for PureTaboo.23.06.27.Leana.Lovings.XXX.1080p.mp4
[02:20:07.603] ShellThumbnail: Shell delivered 256×144 for Mind If I Join (720).mp4
[02:20:07.604] ShellThumbnail: Shell delivered 256×144 for mommysgirl.26.01.31.little.puck.and.hailey.rose.fuckingsession.com.mp4
[02:20:07.604] ShellThumbnail: Shell delivered 256×144 for put some fire on the chocolate.mp4
[02:20:07.605] ShellThumbnail: Shell delivered 256×144 for PureTaboo_-_Leana_Lovings_The_Boy_Who_Cried_Step.mp4
[02:20:07.605] ShellThumbnail: Shell delivered 256×144 for mommysgirl.26.01.24.lexi.luna.and.leana.lovings.fuckingsession.com.mp4
[02:20:07.606] ShellThumbnail: Shell delivered 256×144 for round enough to get behind.mp4
[02:20:07.607] ShellThumbnail: Shell delivered 256×144 for thanks for helping making history.mp4
[02:20:07.607] ShellThumbnail: Shell delivered 256×144 for tackling every angle.mp4
[02:20:07.608] ShellThumbnail: Shell delivered 256×144 for the anime effect.mp4
[02:20:07.609] ShellThumbnail: Shell delivered 256×144 for so much good ass.mp4
[02:20:07.610] ShellThumbnail: Shell delivered 256×144 for Stepsister secretly slipped under my blanket at night....mp4
[02:20:07.611] ShellThumbnail: Shell delivered 256×144 for Two Fantastic Brunette Girls (720).mp4
[02:20:07.612] ShellThumbnail: Shell delivered 256×144 for under her business casual.mp4
[02:20:07.612] ShellThumbnail: Shell delivered 256×144 for vampired.25.09.19.octokuro.and.rheina.ohara.controlling.the.half.breed.fuckingsession.com.mp4
[02:20:07.613] ShellThumbnail: Shell delivered 256×144 for Vampired.26.02.06.Little.Puck.And.Veronica.Leal.Refuge.XXX.720p.mp4
[02:20:07.614] ShellThumbnail: Shell delivered 256×144 for we each have one, girl.mp4
[02:20:07.615] ShellThumbnail: Shell delivered 256×144 for vampired.26.03.06.leana.lovings.and.lucy.mochi.the.last.woman.on.earth.fuckingsession.com.mp4
[02:20:07.616] ShellThumbnail: Shell delivered 256×144 for wrong room, right outcome.mp4
[02:20:07.616] ShellThumbnail: Shell delivered 256×144 for wanna strip and get more comfortable.mp4
[02:20:07.617] ShellThumbnail: Shell delivered 256×144 for you don't seem to know your girlfriend....mp4
[02:20:07.618] ShellThumbnail: Shell delivered 256×144 for Vampired_-_Octokuro_Finding_The_Dollhouse_prntrx.blogspot.com.mp4
[02:20:07.619] ShellThumbnail: Shell delivered 256×144 for [BlackedRaw] Chloe Amour (Insatiable Chloe Ditches BF For A Night Of BBC _ 01.29.2024).mp4
[02:20:07.620] ShellThumbnail: Shell delivered 256×144 for [PornhubFans 720p] My Boyfriend Fucked my Ass for the First Time after he found out I Cheated, and he came inside!.mp4
[02:20:08.754] Playlist: jumping to index 0 (ipc=True)
[02:20:08.755] MpvIpcClient: wrote {"command":["playlist-play-index",0]}
[02:20:09.202] Playlist: jumping to index 0 (ipc=True)
[02:20:09.203] MpvIpcClient: wrote {"command":["playlist-play-index",0]}
[02:20:09.394] Playlist: jumping to index 0 (ipc=True)
[02:20:09.394] MpvIpcClient: wrote {"command":["playlist-play-index",0]}
[02:20:09.562] Playlist: jumping to index 0 (ipc=True)
[02:20:09.562] MpvIpcClient: wrote {"command":["playlist-play-index",0]}
[02:20:09.884] Playlist: jumping to index 1 (ipc=True)
[02:20:09.884] MpvIpcClient: wrote {"command":["playlist-play-index",1]}
[02:20:10.042] Playlist: jumping to index 1 (ipc=True)
[02:20:10.042] MpvIpcClient: wrote {"command":["playlist-play-index",1]}
[02:20:10.203] Playlist: jumping to index 1 (ipc=True)
[02:20:10.203] MpvIpcClient: wrote {"command":["playlist-play-index",1]}
[02:20:10.347] Playlist: jumping to index 1 (ipc=True)
[02:20:10.347] MpvIpcClient: wrote {"command":["playlist-play-index",1]}
[02:20:10.631] Playlist: jumping to index 2 (ipc=True)
[02:20:10.632] MpvIpcClient: wrote {"command":["playlist-play-index",2]}
[02:20:10.906] Playlist: jumping to index 2 (ipc=True)
[02:20:10.907] MpvIpcClient: wrote {"command":["playlist-play-index",2]}
[02:20:11.003] Playlist: jumping to index 2 (ipc=True)
[02:20:11.004] MpvIpcClient: wrote {"command":["playlist-play-index",2]}
[02:20:11.627] Playlist: jumping to index 2 (ipc=True)
[02:20:11.627] MpvIpcClient: wrote {"command":["playlist-play-index",2]}
[02:20:11.894] Playlist: jumping to index 2 (ipc=True)
[02:20:11.895] MpvIpcClient: wrote {"command":["playlist-play-index",2]}
[02:20:18.500] MpvIpcClient disposed
[02:20:18.520] ThumbServer: disposed
[02:20:18.939] Session stopped — entering pre-warm hide
[02:20:20.036] MpvIpcClient disposed
[02:20:20.036] Window closed
[02:20:39.773] App starting
[02:20:39.777] Subtitle preference loaded: mode=default, lang=(none)
[02:20:40.119] Keyboard hook handle: 0x391007
[02:20:40.119] Mouse hook handle: 0x4B13F9
[02:20:40.121] OnLoadedCore start
[02:20:42.223] ChildHwnd = 0x100FBE
[02:20:42.223] Calling AttachAsync
[02:20:42.234] AttachAsync succeeded
[02:20:42.234] Connecting IPC to pipe: pitflix-wid-3e5683bc65bf4adc92cfb5b68ccd6c10
[02:20:42.263] MpvIpcClient connected to \\.\pipe\pitflix-wid-3e5683bc65bf4adc92cfb5b68ccd6c10
[02:20:42.437] OnLoadedCore complete
[02:20:42.582] MpvIpcClient connected to \\.\pipe\pitflix-thumb-039fe2e95fce443a83bf676c1fbc6c36
[02:20:42.592] BuildFolderPlaylist: scanned 29 video file(s) in 'F:\Series\Engilsh\The Pitt'
[02:20:42.592] MpvIpcClient: wrote {"command":["playlist-clear"]}
[02:20:42.593] MpvIpcClient: wrote {"command":["playlist-move",0,3]}
[02:20:42.594] BuildFolderPlaylist: queued 29 files; current at idx 2 — prev/next now visible
[02:20:42.936] ThumbServer: ready for 'The Pitt S02E06 720p 10bit WEBRip 2CH x265 HEVC-PSA.mkv'
[02:20:44.478] WS: playing file changed → 'The Pitt S02E06 720p 10bit WEBRip 2CH x265 HEVC-PSA.mkv' (dur=2955.8)
[02:20:48.519] ShellThumbnail: invoking screenshot-script for 'The Pitt S02E15 720p 10bit WEBRip 2CH x265 HEVC-PSA.mkv'
[02:20:48.529] ShellThumbnail: invoking screenshot-script for 'The.Pitt.S01E07.720p.10bit.WEBRip.2CH.x265.HEVC-PSA.mkv'
[02:20:48.545] ShellThumbnail: invoking screenshot-script for 'The.Pitt.S01E05.720p.10bit.WEBRip.2CH.x265.HEVC-PSA.mkv'
[02:20:48.662] ShellThumbnail: invoking screenshot-script for 'The.Pitt.S01E08.720p.10bit.WEBRip.2CH.x265.HEVC-PSA.mkv'
[02:20:48.743] Playlist: jumping to index 1 (ipc=True)
[02:20:48.810] ThumbServer: bulk scan aborted (user navigated)
[02:20:49.315] ShellThumbnail: invoking screenshot-script for 'The.Pitt.S01E09.720p.10bit.WEBRip.2CH.x265.HEVC-PSA.mkv'
[02:20:49.321] ShellThumbnail: invoking screenshot-script for 'The Pitt S02E13 720p 10bit WEBRip 2CH x265 HEVC-PSA.mkv'
[02:20:49.322] ShellThumbnail: invoking screenshot-script for 'The Pitt S02E12 720p 10bit WEBRip 2CH x265 HEVC-PSA.mkv'
[02:20:49.322] ShellThumbnail: invoking screenshot-script for 'The.Pitt.S01E06.720p.10bit.WEBRip.2CH.x265.HEVC-PSA.mkv'
[02:20:49.322] ShellThumbnail: invoking screenshot-script for 'The Pitt S02E10 720p 10bit WEBRip 2CH x265 HEVC-PSA.mkv'
[02:20:49.392] ShellThumbnail: screenshot-script SUCCESS for The Pitt S02E15 720p 10bit WEBRip 2CH x265 HEVC-PSA.mkv
[02:20:49.415] MpvIpcClient: wrote {"command":["playlist-play-index",1]}
[02:20:49.422] ShellThumbnail: screenshot-script SUCCESS for The.Pitt.S01E05.720p.10bit.WEBRip.2CH.x265.HEVC-PSA.mkv
[02:20:49.422] ShellThumbnail: screenshot-script SUCCESS for The.Pitt.S01E08.720p.10bit.WEBRip.2CH.x265.HEVC-PSA.mkv
[02:20:49.430] ShellThumbnail: screenshot-script SUCCESS for The.Pitt.S01E07.720p.10bit.WEBRip.2CH.x265.HEVC-PSA.mkv
[02:20:50.045] ShellThumbnail: screenshot-script SUCCESS for The.Pitt.S01E01.720p.10bit.WEBRip.2CH.x265.HEVC-PSA.mkv
[02:20:50.064] WS: playing file changed → 'The Pitt S02E05 720p 10bit WEBRip 2CH x265 HEVC-PSA.mkv' (dur=2644.9)
[02:20:50.108] ShellThumbnail: invoking screenshot-script for 'The Pitt S02E06 720p 10bit WEBRip 2CH x265 HEVC-PSA.mkv'
[02:20:50.265] MpvIpcClient disposed
[02:20:50.265] ThumbServer: disposed
[02:20:50.306] ShellThumbnail: screenshot-script SUCCESS for The.Pitt.S01E09.720p.10bit.WEBRip.2CH.x265.HEVC-PSA.mkv
[02:20:50.319] MpvIpcClient.SendAsync error: Cannot access a closed pipe.
[02:20:50.319] ThumbServer.ProduceAsync(2150) failed: Object reference not set to an instance of an object.
[02:20:50.374] ShellThumbnail: screenshot-script SUCCESS for The Pitt S02E05 720p 10bit WEBRip 2CH x265 HEVC-PSA.mkv
[02:20:50.376] ShellThumbnail: screenshot-script SUCCESS for The Pitt S02E12 720p 10bit WEBRip 2CH x265 HEVC-PSA.mkv
[02:20:50.411] ShellThumbnail: screenshot-script SUCCESS for The Pitt S02E13 720p 10bit WEBRip 2CH x265 HEVC-PSA.mkv
[02:20:50.455] [Task] System.AggregateException: A Task's exception(s) were not observed either by Waiting on the Task or accessing its Exception property. As a result, the unobserved exception was rethrown by the finalizer thread. (Cannot access a disposed object.
Object name: 'System.Threading.SemaphoreSlim'.)
 ---> System.ObjectDisposedException: Cannot access a disposed object.
Object name: 'System.Threading.SemaphoreSlim'.
   at System.Threading.SemaphoreSlim.Release(Int32 releaseCount)
   at PitflixPlayer.MpvIpcClient.SendAsync(Object[] command) in F:\PitFilx-app\PitflixPlayer\MpvIpcClient.cs:line 96
   --- End of inner exception stack trace ---
[02:20:50.473] ShellThumbnail: invoking screenshot-script for 'The Pitt S02E09 720p 10bit WEBRip 2CH x265 HEVC-PSA.mkv'
[02:20:50.480] ShellThumbnail: invoking screenshot-script for 'The.Pitt.S01E04.720p.10bit.WEBRip.2CH.x265.HEVC-PSA.mkv'
[02:20:50.483] ShellThumbnail: invoking screenshot-script for 'The.Pitt.S01E02.720p.10bit.WEBRip.2CH.x265.HEVC-PSA.mkv'
[02:20:50.485] ShellThumbnail: invoking screenshot-script for 'The.Pitt.S01E03.720p.10bit.WEBRip.2CH.x265.HEVC-PSA.mkv'
[02:20:50.501] ShellThumbnail: invoking screenshot-script for 'The.Pitt.S01E10.720p.10bit.WEBRip.2CH.x265.HEVC-PSA.mkv'
[02:20:50.654] MpvIpcClient connected to \\.\pipe\pitflix-thumb-5ae6792195e1442a84841a1932bb70ef
[02:20:50.679] ShellThumbnail: screenshot-script SUCCESS for The.Pitt.S01E06.720p.10bit.WEBRip.2CH.x265.HEVC-PSA.mkv
[02:20:50.998] ShellThumbnail: screenshot-script SUCCESS for The Pitt S02E06 720p 10bit WEBRip 2CH x265 HEVC-PSA.mkv
[02:20:51.014] ThumbServer: ready for 'The Pitt S02E05 720p 10bit WEBRip 2CH x265 HEVC-PSA.mkv'
[02:20:51.198] ShellThumbnail: screenshot-script SUCCESS for The Pitt S02E09 720p 10bit WEBRip 2CH x265 HEVC-PSA.mkv
[02:20:51.250] ShellThumbnail: screenshot-script SUCCESS for The.Pitt.S01E03.720p.10bit.WEBRip.2CH.x265.HEVC-PSA.mkv
[02:20:51.288] ShellThumbnail: screenshot-script SUCCESS for The.Pitt.S01E10.720p.10bit.WEBRip.2CH.x265.HEVC-PSA.mkv
[02:20:51.290] ShellThumbnail: invoking screenshot-script for 'The.Pitt.S01E11.720p.10bit.WEBRip.2CH.x265.HEVC-PSA.mkv'
[02:20:51.422] ShellThumbnail: invoking screenshot-script for 'The.Pitt.S01E12.720p.10bit.WEBRip.2CH.x265.HEVC-PSA.mkv'
[02:20:51.426] ShellThumbnail: screenshot-script SUCCESS for The.Pitt.S01E04.720p.10bit.WEBRip.2CH.x265.HEVC-PSA.mkv
[02:20:51.485] ShellThumbnail: screenshot-script SUCCESS for The.Pitt.S01E02.720p.10bit.WEBRip.2CH.x265.HEVC-PSA.mkv
[02:20:51.667] ShellThumbnail: invoking screenshot-script for 'The.Pitt.S01E14.720p.10bit.WEBRip.2CH.x265.HEVC-PSA.mkv'
[02:20:51.668] ShellThumbnail: invoking screenshot-script for 'The.Pitt.S02E01.720p.10bit.WEBRip.2CH.x265.HEVC-PSA.mkv'
[02:20:51.672] ShellThumbnail: invoking screenshot-script for 'The.Pitt.S01E15.720p.10bit.WEBRip.2CH.x265.HEVC-PSA.mkv'
[02:20:51.795] ShellThumbnail: invoking screenshot-script for 'The.Pitt.S02E02.720p.10bit.WEBRip.2CH.x265.HEVC-PSA.mkv'
[02:20:51.867] ShellThumbnail: screenshot-script SUCCESS for The.Pitt.S01E12.720p.10bit.WEBRip.2CH.x265.HEVC-PSA.mkv
[02:20:51.886] ShellThumbnail: screenshot-script SUCCESS for The.Pitt.S01E11.720p.10bit.WEBRip.2CH.x265.HEVC-PSA.mkv
[02:20:52.178] ShellThumbnail: invoking screenshot-script for 'The Pitt S02E14 720p 10bit WEBRip 2CH x265 HEVC-PSA.mkv'
[02:20:52.289] ShellThumbnail: invoking screenshot-script for 'The.Pitt.S02E04.720p.10bit.WEBRip.2CH.x265.HEVC-PSA.mkv'
[02:20:52.678] ShellThumbnail: screenshot-script SUCCESS for The.Pitt.S02E01.720p.10bit.WEBRip.2CH.x265.HEVC-PSA.mkv
[02:20:52.817] ShellThumbnail: screenshot-script SUCCESS for The.Pitt.S02E02.720p.10bit.WEBRip.2CH.x265.HEVC-PSA.mkv
[02:20:52.851] ShellThumbnail: invoking screenshot-script for 'The Pitt S02E07 720p 10bit WEBRip 2CH x265 HEVC-PSA.mkv'
[02:20:52.863] ShellThumbnail: screenshot-script SUCCESS for The.Pitt.S01E13.720p.10bit.WEBRip.2CH.x265.HEVC-PSA.mkv
[02:20:52.923] ShellThumbnail: screenshot-script SUCCESS for The.Pitt.S01E15.720p.10bit.WEBRip.2CH.x265.HEVC-PSA.mkv
[02:20:52.934] ShellThumbnail: screenshot-script SUCCESS for The.Pitt.S02E04.720p.10bit.WEBRip.2CH.x265.HEVC-PSA.mkv
[02:20:52.950] ShellThumbnail: screenshot-script SUCCESS for The.Pitt.S01E14.720p.10bit.WEBRip.2CH.x265.HEVC-PSA.mkv
[02:20:52.984] ShellThumbnail: invoking screenshot-script for 'The Pitt S02E08 720p 10bit WEBRip 2CH x265 HEVC-PSA.mkv'
[02:20:53.099] ShellThumbnail: invoking screenshot-script for 'The Pitt S02E03 720p 10bit WEBRip 2CH x265 HEVC-PSA.mkv'
[02:20:53.128] ShellThumbnail: screenshot-script SUCCESS for The Pitt S02E14 720p 10bit WEBRip 2CH x265 HEVC-PSA.mkv
[02:20:53.419] ShellThumbnail: screenshot-script SUCCESS for The Pitt S02E08 720p 10bit WEBRip 2CH x265 HEVC-PSA.mkv
[02:20:53.508] ShellThumbnail: screenshot-script SUCCESS for The Pitt S02E03 720p 10bit WEBRip 2CH x265 HEVC-PSA.mkv
[02:20:53.660] ShellThumbnail: screenshot-script SUCCESS for The Pitt S02E07 720p 10bit WEBRip 2CH x265 HEVC-PSA.mkv
[02:20:56.200] ThumbServer: bulk pre-gen filled 167 buckets for 'The Pitt S02E05 720p 10bit WEBRip 2CH x265 HEVC-PSA.mkv'
[02:21:03.507] Playlist: jumping to index 2 (ipc=True)
[02:21:03.507] MpvIpcClient: wrote {"command":["playlist-play-index",2]}
[02:21:03.705] WS: playing file changed → 'The Pitt S02E06 720p 10bit WEBRip 2CH x265 HEVC-PSA.mkv' (dur=2955.8)
[02:21:03.705] MpvIpcClient disposed
[02:21:03.706] ThumbServer: disposed
[02:21:03.965] MpvIpcClient connected to \\.\pipe\pitflix-thumb-adecd516c7894123bc82e7147775cba5
[02:21:04.317] ThumbServer: ready for 'The Pitt S02E06 720p 10bit WEBRip 2CH x265 HEVC-PSA.mkv'
[02:21:05.619] Playlist: jumping to index 0 (ipc=True)
[02:21:05.620] MpvIpcClient: wrote {"command":["playlist-play-index",0]}
[02:21:05.729] WS: playing file changed → 'The Pitt S02E03 720p 10bit WEBRip 2CH x265 HEVC-PSA.mkv' (dur=2699.3)
[02:21:05.730] MpvIpcClient disposed
[02:21:05.730] ThumbServer: disposed
[02:21:05.989] MpvIpcClient connected to \\.\pipe\pitflix-thumb-0a44d08895034a2baede8cf573b7a7ca
[02:21:06.341] ThumbServer: ready for 'The Pitt S02E03 720p 10bit WEBRip 2CH x265 HEVC-PSA.mkv'
[02:21:14.122] Playlist: jumping to index 4 (ipc=True)
[02:21:14.152] ThumbServer: bulk scan aborted (user navigated)
[02:21:14.155] MpvIpcClient: wrote {"command":["playlist-play-index",4]}
[02:21:14.396] ThumbServer: bulk pre-gen filled 360 buckets for 'The Pitt S02E03 720p 10bit WEBRip 2CH x265 HEVC-PSA.mkv'
[02:21:19.405] MpvIpcClient disposed
[02:21:19.411] ThumbServer: disposed
[02:21:19.877] Session stopped — entering pre-warm hide
[02:21:20.919] MpvIpcClient disposed
[02:21:20.919] Window closed
[02:25:29.542] App starting
[02:25:29.548] Subtitle preference loaded: mode=default, lang=(none)
[02:25:29.886] Keyboard hook handle: 0x6A14E9
[02:25:29.886] Mouse hook handle: 0xA9137D
[02:25:29.888] OnLoadedCore start
[02:25:31.998] ChildHwnd = 0x1213D8
[02:25:31.998] Calling AttachAsync
[02:25:32.013] AttachAsync succeeded
[02:25:32.013] Connecting IPC to pipe: pitflix-wid-0af10be992634ad493f81f587941c20c
[02:25:32.050] MpvIpcClient connected to \\.\pipe\pitflix-wid-0af10be992634ad493f81f587941c20c
[02:25:32.231] OnLoadedCore complete
[02:25:32.375] MpvIpcClient connected to \\.\pipe\pitflix-thumb-ea73afd3cf084dc3be4a6880420b8be6
[02:25:32.392] BuildFolderPlaylist: scanned 29 video file(s) in 'F:\Series\Engilsh\The Pitt'
[02:25:32.393] MpvIpcClient: wrote {"command":["playlist-clear"]}
[02:25:32.394] MpvIpcClient: wrote {"command":["playlist-move",0,4]}
[02:25:32.394] BuildFolderPlaylist: queued 29 files; current at idx 3 — prev/next now visible
[02:25:32.727] ThumbServer: ready for 'The Pitt S02E07 720p 10bit WEBRip 2CH x265 HEVC-PSA.mkv'
[02:25:34.279] WS: playing file changed → 'The Pitt S02E07 720p 10bit WEBRip 2CH x265 HEVC-PSA.mkv' (dur=3181.3)
[02:25:36.657] ThumbServer: bulk pre-gen filled 41 buckets for 'The Pitt S02E07 720p 10bit WEBRip 2CH x265 HEVC-PSA.mkv'
[02:25:41.032] Playlist: jumping to index 2 (ipc=True)
[02:25:41.034] MpvIpcClient: wrote {"command":["playlist-play-index",2]}
[02:25:41.355] WS: playing file changed → 'The Pitt S02E06 720p 10bit WEBRip 2CH x265 HEVC-PSA.mkv' (dur=2955.8)
[02:25:41.356] MpvIpcClient disposed
[02:25:41.356] ThumbServer: disposed
[02:25:41.612] MpvIpcClient connected to \\.\pipe\pitflix-thumb-5a54276283804bf099b5be28817e1966
[02:25:41.994] ThumbServer: ready for 'The Pitt S02E06 720p 10bit WEBRip 2CH x265 HEVC-PSA.mkv'
[02:25:48.280] Playlist: jumping to index 0 (ipc=True)
[02:25:48.316] ThumbServer: bulk scan aborted (user navigated)
[02:25:48.335] MpvIpcClient: wrote {"command":["playlist-play-index",0]}
[02:25:48.539] ThumbServer: bulk pre-gen filled 284 buckets for 'The Pitt S02E06 720p 10bit WEBRip 2CH x265 HEVC-PSA.mkv'
[02:25:49.438] WS: playing file changed → 'The Pitt S02E03 720p 10bit WEBRip 2CH x265 HEVC-PSA.mkv' (dur=2699.3)
[02:25:49.438] MpvIpcClient disposed
[02:25:49.439] ThumbServer: disposed
[02:25:49.694] MpvIpcClient connected to \\.\pipe\pitflix-thumb-92b278900c4f49c4be30e2fc6cc7962e
[02:25:50.045] ThumbServer: ready for 'The Pitt S02E03 720p 10bit WEBRip 2CH x265 HEVC-PSA.mkv'
[02:25:52.487] Playlist: jumping to index 1 (ipc=True)
[02:25:52.516] ThumbServer: bulk scan aborted (user navigated)
[02:25:52.517] MpvIpcClient: wrote {"command":["playlist-play-index",1]}
[02:25:52.531] ThumbServer: bulk pre-gen filled 0 buckets for 'The Pitt S02E03 720p 10bit WEBRip 2CH x265 HEVC-PSA.mkv'
[02:25:52.870] Playlist: jumping to index 1 (ipc=True)
[02:25:52.871] MpvIpcClient: wrote {"command":["playlist-play-index",1]}
[02:25:54.023] Playlist: jumping to index 1 (ipc=True)
[02:25:54.023] MpvIpcClient: wrote {"command":["playlist-play-index",1]}
[02:25:54.245] Playlist: jumping to index 1 (ipc=True)
[02:25:54.248] MpvIpcClient: wrote {"command":["playlist-play-index",1]}
[02:25:55.768] Playlist: jumping to index 1 (ipc=True)
[02:25:55.768] MpvIpcClient: wrote {"command":["playlist-play-index",1]}
[02:25:56.616] Playlist: jumping to index 1 (ipc=True)
[02:25:56.616] MpvIpcClient: wrote {"command":["playlist-play-index",1]}
[02:25:57.113] Playlist: jumping to index 1 (ipc=True)
[02:25:57.113] MpvIpcClient: wrote {"command":["playlist-play-index",1]}
[02:25:58.483] Playlist: jumping to index 1 (ipc=True)
[02:25:58.484] MpvIpcClient: wrote {"command":["playlist-play-index",1]}
[02:26:01.517] Playlist: jumping to index 4 (ipc=True)
[02:26:01.517] MpvIpcClient: wrote {"command":["playlist-play-index",4]}
[02:26:11.098] Playlist: jumping to index 4 (ipc=True)
[02:26:11.098] MpvIpcClient: wrote {"command":["playlist-play-index",4]}
[02:26:27.786] Session stopped — entering pre-warm hide
[02:26:27.891] MpvIpcClient disposed
[02:26:27.892] MpvIpcClient.SendAsync error: The operation was canceled.
[02:26:27.892] ThumbServer: disposed
[02:26:29.406] MpvIpcClient disposed
[02:26:29.406] Window closed
[02:26:29.409] EnterPreWarmHide
[02:26:33.093] App starting
[02:26:33.098] Subtitle preference loaded: mode=default, lang=(none)
[02:26:33.445] Keyboard hook handle: 0xD30509
[02:26:33.445] Mouse hook handle: 0xDD0595
[02:26:33.447] OnLoadedCore start
[02:26:35.543] ChildHwnd = 0xA0F74
[02:26:35.543] Calling AttachAsync
[02:26:35.555] AttachAsync succeeded
[02:26:35.555] Connecting IPC to pipe: pitflix-wid-e9b025176c5c48cda1b64e065fce2897
[02:26:35.582] MpvIpcClient connected to \\.\pipe\pitflix-wid-e9b025176c5c48cda1b64e065fce2897
[02:26:35.766] OnLoadedCore complete
[02:26:35.905] MpvIpcClient connected to \\.\pipe\pitflix-thumb-80fa3d65902d4741852db1a172f61bb8
[02:26:35.924] BuildFolderPlaylist: scanned 29 video file(s) in 'F:\Series\Engilsh\The Pitt'
[02:26:35.924] MpvIpcClient: wrote {"command":["playlist-clear"]}
[02:26:35.925] MpvIpcClient: wrote {"command":["playlist-move",0,3]}
[02:26:35.926] BuildFolderPlaylist: queued 29 files; current at idx 2 — prev/next now visible
[02:26:36.257] ThumbServer: ready for 'The Pitt S02E06 720p 10bit WEBRip 2CH x265 HEVC-PSA.mkv'
[02:26:37.812] WS: playing file changed → 'The Pitt S02E06 720p 10bit WEBRip 2CH x265 HEVC-PSA.mkv' (dur=2955.8)
[02:26:39.480] ThumbServer: bulk pre-gen filled 0 buckets for 'The Pitt S02E06 720p 10bit WEBRip 2CH x265 HEVC-PSA.mkv'
[02:26:49.155] Playlist: jumping to index 1 (ipc=True)
[02:26:49.156] MpvIpcClient: wrote {"command":["playlist-play-index",1]}
[02:26:49.928] WS: playing file changed → 'The Pitt S02E05 720p 10bit WEBRip 2CH x265 HEVC-PSA.mkv' (dur=2644.9)
[02:26:49.928] MpvIpcClient disposed
[02:26:49.929] ThumbServer: disposed
[02:26:50.187] MpvIpcClient connected to \\.\pipe\pitflix-thumb-662654b2c6b34fd4b6d9f4b8e4dac9ab
[02:26:50.539] ThumbServer: ready for 'The Pitt S02E05 720p 10bit WEBRip 2CH x265 HEVC-PSA.mkv'
[02:26:50.541] ThumbServer: bulk already done for 'The Pitt S02E05 720p 10bit WEBRip 2CH x265 HEVC-PSA.mkv' — skipping ffmpeg
[02:26:55.613] Playlist: jumping to index 2 (ipc=True)
[02:26:55.613] MpvIpcClient: wrote {"command":["playlist-play-index",2]}
[02:26:56.009] WS: playing file changed → 'The Pitt S02E06 720p 10bit WEBRip 2CH x265 HEVC-PSA.mkv' (dur=2955.8)
[02:26:56.010] MpvIpcClient disposed
[02:26:56.010] ThumbServer: disposed
[02:26:56.270] MpvIpcClient connected to \\.\pipe\pitflix-thumb-50a0f3d39d204b92ab86545141686db7
[02:26:56.623] ThumbServer: ready for 'The Pitt S02E06 720p 10bit WEBRip 2CH x265 HEVC-PSA.mkv'
[02:26:56.624] ThumbServer: bulk already done for 'The Pitt S02E06 720p 10bit WEBRip 2CH x265 HEVC-PSA.mkv' — skipping ffmpeg
[02:27:06.564] MpvIpcClient disposed
[02:27:06.582] ThumbServer: disposed
[02:27:06.617] ThumbServer.ProduceAsync(1460) failed: Object reference not set to an instance of an object.
[02:27:07.104] Session stopped — entering pre-warm hide
[02:27:08.090] MpvIpcClient disposed
[02:27:08.090] Window closed
[02:38:10.415] App starting
[02:38:10.423] Subtitle preference loaded: mode=default, lang=(none)
[02:38:10.787] Keyboard hook handle: 0x12714F1
[02:38:10.788] Mouse hook handle: 0x6FA09A3
[02:38:10.790] OnLoadedCore start
[02:38:12.890] ChildHwnd = 0x1012E4
[02:38:12.992] Calling AttachAsync
[02:38:13.008] AttachAsync succeeded
[02:38:13.008] Connecting IPC to pipe: pitflix-wid-f749ae74ef8f4556bc920966bb1a2615
[02:38:13.038] MpvIpcClient connected to \\.\pipe\pitflix-wid-f749ae74ef8f4556bc920966bb1a2615
[02:38:13.198] OnLoadedCore complete
[02:38:13.361] BuildFolderPlaylist: scanned 29 video file(s) in 'F:\Series\Engilsh\The Pitt'
[02:38:13.361] MpvIpcClient: wrote {"command":["playlist-clear"]}
[02:38:13.362] MpvIpcClient: wrote {"command":["playlist-move",0,3]}
[02:38:13.363] BuildFolderPlaylist: queued 29 files; current at idx 2 — prev/next now visible
[02:38:15.255] WS: playing file changed → 'The Pitt S02E06 720p 10bit WEBRip 2CH x265 HEVC-PSA.mkv' (dur=2955.8)
[02:38:15.963] MpvIpcClient connected to \\.\pipe\pitflix-thumb-b1ce34543006468a94751bd829444c42
[02:38:16.318] ThumbServer: ready for 'The Pitt S02E06 720p 10bit WEBRip 2CH x265 HEVC-PSA.mkv'
[02:38:16.324] ThumbServer: bulk already done for 'The Pitt S02E06 720p 10bit WEBRip 2CH x265 HEVC-PSA.mkv' — skipping ffmpeg
[02:38:21.626] Playlist: jumping to index 3 (ipc=True)
[02:38:21.627] MpvIpcClient disposed
[02:38:21.628] ThumbServer: disposed
[02:38:21.630] MpvIpcClient: wrote {"command":["playlist-play-index",3]}
[02:38:22.331] WS: playing file changed → 'The Pitt S02E07 720p 10bit WEBRip 2CH x265 HEVC-PSA.mkv' (dur=3181.3)
[02:38:25.099] MpvIpcClient connected to \\.\pipe\pitflix-thumb-50341c720e94421db7a33744281ab90e
[02:38:25.452] ThumbServer: ready for 'The Pitt S02E07 720p 10bit WEBRip 2CH x265 HEVC-PSA.mkv'
[02:38:25.454] ThumbServer: bulk already done for 'The Pitt S02E07 720p 10bit WEBRip 2CH x265 HEVC-PSA.mkv' — skipping ffmpeg
[02:38:28.291] Playlist: jumping to index 0 (ipc=True)
[02:38:28.291] MpvIpcClient disposed
[02:38:28.292] ThumbServer: disposed
[02:38:28.295] MpvIpcClient: wrote {"command":["playlist-play-index",0]}
[02:38:28.394] WS: playing file changed → 'The Pitt S02E03 720p 10bit WEBRip 2CH x265 HEVC-PSA.mkv' (dur=3181.3)
[02:38:31.161] MpvIpcClient connected to \\.\pipe\pitflix-thumb-0c180ff8cdfe45b9ac29cb4cb731280a
[02:38:31.513] ThumbServer: ready for 'The Pitt S02E03 720p 10bit WEBRip 2CH x265 HEVC-PSA.mkv'
[02:38:33.532] ThumbServer: bulk pre-gen filled 0 buckets for 'The Pitt S02E03 720p 10bit WEBRip 2CH x265 HEVC-PSA.mkv'
[02:38:41.882] MpvIpcClient disposed
[02:38:41.887] ThumbServer: disposed
[02:38:42.549] Session stopped — entering pre-warm hide
[02:38:43.402] MpvIpcClient disposed
[02:38:43.402] Window closed
[02:44:56.783] App starting
[02:44:56.790] Subtitle preference loaded: mode=default, lang=(none)
[02:44:57.242] Keyboard hook handle: 0xDD90E1F
[02:44:57.242] Mouse hook handle: 0x13014F1
[02:44:57.244] OnLoadedCore start
[02:44:59.342] ChildHwnd = 0x8122E
[02:44:59.342] Calling AttachAsync
[02:44:59.359] AttachAsync succeeded
[02:44:59.359] Connecting IPC to pipe: pitflix-wid-9594a897385546f1b429d0047cd480dd
[02:44:59.394] MpvIpcClient connected to \\.\pipe\pitflix-wid-9594a897385546f1b429d0047cd480dd
[02:44:59.581] OnLoadedCore complete
[02:44:59.734] BuildFolderPlaylist: scanned 29 video file(s) in 'F:\Series\Engilsh\The Pitt'
[02:44:59.734] MpvIpcClient: wrote {"command":["playlist-clear"]}
[02:44:59.736] MpvIpcClient: wrote {"command":["playlist-move",0,3]}
[02:44:59.737] BuildFolderPlaylist: queued 29 files; current at idx 2 — prev/next now visible
[02:45:01.638] WS: playing file changed → 'The Pitt S02E06 720p 10bit WEBRip 2CH x265 HEVC-PSA.mkv' (dur=2955.8)
[02:45:02.348] MpvIpcClient connected to \\.\pipe\pitflix-thumb-f838df02252744409e005273ed76a916
[02:45:02.704] ThumbServer: ready for 'The Pitt S02E06 720p 10bit WEBRip 2CH x265 HEVC-PSA.mkv'
[02:45:02.709] ThumbServer: bulk already done for 'The Pitt S02E06 720p 10bit WEBRip 2CH x265 HEVC-PSA.mkv' — skipping ffmpeg
[02:45:13.485] Playlist: jumping to index 1 (ipc=True)
[02:45:13.486] MpvIpcClient disposed
[02:45:13.486] MpvIpcClient: wrote {"command":["playlist-play-index",1]}
[02:45:13.487] ThumbServer: disposed
[02:45:13.767] WS: playing file changed → 'The Pitt S02E05 720p 10bit WEBRip 2CH x265 HEVC-PSA.mkv' (dur=2644.9)
[02:45:16.540] MpvIpcClient connected to \\.\pipe\pitflix-thumb-9aea2f94b4e74ef28ed4b9aaa5807af8
[02:45:16.893] ThumbServer: ready for 'The Pitt S02E05 720p 10bit WEBRip 2CH x265 HEVC-PSA.mkv'
[02:45:16.894] ThumbServer: bulk already done for 'The Pitt S02E05 720p 10bit WEBRip 2CH x265 HEVC-PSA.mkv' — skipping ffmpeg
[02:45:18.783] Playlist: jumping to index 0 (ipc=True)
[02:45:18.783] MpvIpcClient disposed
[02:45:18.784] ThumbServer: disposed
[02:45:18.786] MpvIpcClient: wrote {"command":["playlist-play-index",0]}
[02:45:18.794] ThumbServer.ProduceAsync(95) failed: Object reference not set to an instance of an object.
[02:45:19.827] WS: playing file changed → 'The Pitt S02E03 720p 10bit WEBRip 2CH x265 HEVC-PSA.mkv' (dur=2699.3)
[02:45:22.605] MpvIpcClient connected to \\.\pipe\pitflix-thumb-e97235204c9b4365b04d0af4b98c506e
[02:45:22.959] ThumbServer: ready for 'The Pitt S02E03 720p 10bit WEBRip 2CH x265 HEVC-PSA.mkv'
[02:45:22.961] ThumbServer: bulk already done for 'The Pitt S02E03 720p 10bit WEBRip 2CH x265 HEVC-PSA.mkv' — skipping ffmpeg
[02:45:30.153] MpvIpcClient disposed
[02:45:30.154] ThumbServer: disposed
[02:45:30.925] Session stopped — entering pre-warm hide
[02:45:31.680] MpvIpcClient disposed
[02:45:31.681] Window closed
[03:02:37.087] App starting
[03:02:37.096] Subtitle preference loaded: mode=default, lang=(none)
[03:02:37.518] Keyboard hook handle: 0x104913A5
[03:02:37.518] Mouse hook handle: 0x11D7149F
[03:02:37.521] OnLoadedCore start
[03:02:39.628] ChildHwnd = 0x101272
[03:02:39.628] Calling AttachAsync
[03:02:39.643] AttachAsync succeeded
[03:02:39.643] Connecting IPC to pipe: pitflix-wid-068fa5badba546c29d554d885e84ba9c
[03:02:39.668] MpvIpcClient connected to \\.\pipe\pitflix-wid-068fa5badba546c29d554d885e84ba9c
[03:02:39.836] OnLoadedCore complete
[03:02:39.990] BuildFolderPlaylist: scanned 29 video file(s) in 'F:\Series\Engilsh\The Pitt'
[03:02:39.991] MpvIpcClient: wrote {"command":["playlist-clear"]}
[03:02:39.992] MpvIpcClient: wrote {"command":["playlist-move",0,3]}
[03:02:39.992] BuildFolderPlaylist: queued 29 files; current at idx 2 — prev/next now visible
[03:02:41.892] WS: playing file changed → 'The Pitt S02E06 720p 10bit WEBRip 2CH x265 HEVC-PSA.mkv' (dur=2955.8)
[03:02:55.491] Playlist: jumping to index 1 (ipc=True)
[03:02:55.492] MpvIpcClient: wrote {"command":["playlist-play-index",1]}
[03:02:56.033] WS: playing file changed → 'The Pitt S02E05 720p 10bit WEBRip 2CH x265 HEVC-PSA.mkv' (dur=2644.9)
[03:03:06.591] Playlist: jumping to index 3 (ipc=True)
[03:03:06.592] MpvIpcClient: wrote {"command":["playlist-play-index",3]}
[03:03:09.184] Playlist: jumping to index 0 (ipc=True)
[03:03:09.184] MpvIpcClient: wrote {"command":["playlist-play-index",0]}
[03:03:14.156] Session stopped — entering pre-warm hide
[03:03:15.048] MpvIpcClient disposed
[03:03:15.048] Window closed
[03:33:12.542] App starting
[03:33:12.548] Subtitle preference loaded: mode=default, lang=(none)
[03:33:13.043] Keyboard hook handle: 0xE0A0561
[03:33:13.044] Mouse hook handle: 0xD5613CB
[03:33:13.046] OnLoadedCore start
[03:33:15.170] ChildHwnd = 0x2A0756
[03:33:15.170] Calling AttachAsync
[03:33:15.185] AttachAsync succeeded
[03:33:15.185] Connecting IPC to pipe: pitflix-wid-6415ae297cf04d5e843034ac3a722f13
[03:33:15.219] MpvIpcClient connected to \\.\pipe\pitflix-wid-6415ae297cf04d5e843034ac3a722f13
[03:33:15.411] OnLoadedCore complete
[03:33:15.569] BuildFolderPlaylist: scanned 29 video file(s) in 'F:\Series\Engilsh\The Pitt'
[03:33:15.569] MpvIpcClient: wrote {"command":["playlist-clear"]}
[03:33:15.570] MpvIpcClient: wrote {"command":["playlist-move",0,3]}
[03:33:15.570] BuildFolderPlaylist: queued 29 files; current at idx 2 — prev/next now visible
[03:33:16.523] Seek IGNORED on mouse-up: _duration=0.0 (timeline disabled — backend never reported a duration for this file)
[03:33:17.032] Seek IGNORED on mouse-up: _duration=0.0 (timeline disabled — backend never reported a duration for this file)
[03:33:17.416] Seek IGNORED on mouse-up: _duration=0.0 (timeline disabled — backend never reported a duration for this file)
[03:33:17.468] WS: playing file changed → 'The Pitt S02E06 720p 10bit WEBRip 2CH x265 HEVC-PSA.mkv' (dur=2955.8)
[03:33:20.262] Playlist: jumping to index 1 (ipc=True)
[03:33:20.263] MpvIpcClient: wrote {"command":["playlist-play-index",1]}
[03:33:20.485] WS: playing file changed → 'The Pitt S02E05 720p 10bit WEBRip 2CH x265 HEVC-PSA.mkv' (dur=2955.8)
[03:33:25.296] Playlist: jumping to index 2 (ipc=True)
[03:33:25.296] MpvIpcClient: wrote {"command":["playlist-play-index",2]}
[03:33:25.532] WS: playing file changed → 'The Pitt S02E06 720p 10bit WEBRip 2CH x265 HEVC-PSA.mkv' (dur=2955.8)
[03:33:28.817] Playlist: jumping to index 3 (ipc=True)
[03:33:28.818] MpvIpcClient: wrote {"command":["playlist-play-index",3]}
[03:33:29.570] WS: playing file changed → 'The Pitt S02E07 720p 10bit WEBRip 2CH x265 HEVC-PSA.mkv' (dur=3181.3)
[03:33:34.611] Session stopped — entering pre-warm hide
[03:33:36.077] MpvIpcClient disposed
[03:33:36.077] Window closed
[03:46:07.664] App starting
[03:46:07.672] Subtitle preference loaded: mode=default, lang=(none)
[03:46:08.075] Keyboard hook handle: 0x329014E9
[03:46:08.075] Mouse hook handle: 0x1BD41273
[03:46:08.077] OnLoadedCore start
[03:46:10.156] ChildHwnd = 0x1E0D52
[03:46:10.156] Calling AttachAsync
[03:46:10.170] AttachAsync succeeded
[03:46:10.171] Connecting IPC to pipe: pitflix-wid-8028bcd5a338425f9a2f84a7aedd96b9
[03:46:10.196] MpvIpcClient connected to \\.\pipe\pitflix-wid-8028bcd5a338425f9a2f84a7aedd96b9
[03:46:10.403] OnLoadedCore complete
[03:46:10.574] BuildFolderPlaylist: scanned 29 video file(s) in 'F:\Series\Engilsh\The Pitt'
[03:46:10.574] MpvIpcClient: wrote {"command":["playlist-clear"]}
[03:46:10.580] MpvIpcClient: wrote {"command":["playlist-move",0,3]}
[03:46:10.581] BuildFolderPlaylist: queued 29 files; current at idx 2 — prev/next now visible
[03:46:12.466] WS: playing file changed → 'The Pitt S02E06 720p 10bit WEBRip 2CH x265 HEVC-PSA.mkv' (dur=2955.8)
[03:46:20.583] Playlist: jumping to index 3 (ipc=True)
[03:46:20.584] MpvIpcClient: wrote {"command":["playlist-play-index",3]}
[03:46:21.552] WS: playing file changed → 'The Pitt S02E07 720p 10bit WEBRip 2CH x265 HEVC-PSA.mkv' (dur=3181.3)
[03:46:25.491] Playlist: jumping to index 1 (ipc=True)
[03:46:25.492] MpvIpcClient: wrote {"command":["playlist-play-index",1]}
[03:46:26.605] WS: playing file changed → 'The Pitt S02E05 720p 10bit WEBRip 2CH x265 HEVC-PSA.mkv' (dur=2644.9)
[03:46:31.751] Playlist: jumping to index 0 (ipc=True)
[03:46:31.752] MpvIpcClient: wrote {"command":["playlist-play-index",0]}
[03:46:32.676] WS: playing file changed → 'The Pitt S02E03 720p 10bit WEBRip 2CH x265 HEVC-PSA.mkv' (dur=2699.3)
[03:46:39.753] Playlist: jumping to index 19 (ipc=True)
[03:46:39.754] MpvIpcClient: wrote {"command":["playlist-play-index",19]}
[03:46:40.748] WS: playing file changed → 'The.Pitt.S01E09.720p.10bit.WEBRip.2CH.x265.HEVC-PSA.mkv' (dur=2683.7)
[03:46:44.282] ThumbWorker: scanned 'The.Pitt.S01E09.720p.10bit.WEBRip.2CH.x265.HEVC-PSA.mkv' → 27 new frames
[03:46:53.263] Playlist: jumping to index 24 (ipc=True)
[03:46:53.264] MpvIpcClient: wrote {"command":["playlist-play-index",24]}
[03:46:53.880] WS: playing file changed → 'The.Pitt.S01E14.720p.10bit.WEBRip.2CH.x265.HEVC-PSA.mkv' (dur=2660.8)
[03:46:56.056] Playlist: jumping to index 25 (ipc=True)
[03:46:56.057] MpvIpcClient: wrote {"command":["playlist-play-index",25]}
[03:46:56.915] WS: playing file changed → 'The.Pitt.S01E15.720p.10bit.WEBRip.2CH.x265.HEVC-PSA.mkv' (dur=3599.2)
[03:46:57.172] ThumbWorker: scan of 'The.Pitt.S01E14.720p.10bit.WEBRip.2CH.x265.HEVC-PSA.mkv' aborted (navigated away)
[03:46:58.264] Playlist: jumping to index 27 (ipc=True)
[03:46:58.265] MpvIpcClient: wrote {"command":["playlist-play-index",27]}
[03:46:58.934] WS: playing file changed → 'The.Pitt.S02E02.720p.10bit.WEBRip.2CH.x265.HEVC-PSA.mkv' (dur=2761.6)
[03:47:08.356] ThumbWorker: scanned 'The.Pitt.S02E02.720p.10bit.WEBRip.2CH.x265.HEVC-PSA.mkv' → 228 new frames
[03:47:16.129] Playlist: jumping to index 26 (ipc=True)
[03:47:16.130] MpvIpcClient: wrote {"command":["playlist-play-index",26]}
[03:47:17.105] WS: playing file changed → 'The.Pitt.S02E01.720p.10bit.WEBRip.2CH.x265.HEVC-PSA.mkv' (dur=3159.9)
[03:47:19.202] Playlist: jumping to index 28 (ipc=True)
[03:47:19.202] MpvIpcClient: wrote {"command":["playlist-play-index",28]}
[03:47:20.141] WS: playing file changed → 'The.Pitt.S02E04.720p.10bit.WEBRip.2CH.x265.HEVC-PSA.mkv' (dur=2930.3)
[03:47:20.409] ThumbWorker: scan of 'The.Pitt.S02E01.720p.10bit.WEBRip.2CH.x265.HEVC-PSA.mkv' aborted (navigated away)
[03:47:23.618] ThumbWorker: scanned 'The.Pitt.S02E04.720p.10bit.WEBRip.2CH.x265.HEVC-PSA.mkv' → 5 new frames
[03:47:30.239] Session stopped — entering pre-warm hide
[03:47:31.699] MpvIpcClient disposed
[03:47:31.699] Window closed
[03:54:09.284] App starting
[03:54:09.289] Subtitle preference loaded: mode=default, lang=(none)
[03:54:09.655] Keyboard hook handle: 0x2C17111D
[03:54:09.655] Mouse hook handle: 0xEC8133F
[03:54:09.658] OnLoadedCore start
[03:54:11.766] ChildHwnd = 0xA13A8
[03:54:11.766] Calling AttachAsync
[03:54:11.777] AttachAsync succeeded
[03:54:11.777] Connecting IPC to pipe: pitflix-wid-cd2475846761482f867c13946daee0d8
[03:54:11.817] MpvIpcClient connected to \\.\pipe\pitflix-wid-cd2475846761482f867c13946daee0d8
[03:54:12.040] OnLoadedCore complete
[03:54:12.194] BuildFolderPlaylist: scanned 43 video file(s) in 'H:\R.G. Catalyst\Pro Evolution Soccer 2013'
[03:54:12.195] MpvIpcClient: wrote {"command":["playlist-clear"]}
[03:54:12.231] MpvIpcClient: wrote {"command":["playlist-move",0,11]}
[03:54:12.232] BuildFolderPlaylist: queued 43 files; current at idx 10 — prev/next now visible
[03:54:14.095] WS: playing file changed → 'Gabbie carter bz 3.mp4' (dur=1963.7)
[03:54:22.541] ThumbWorker: scanned 'Gabbie carter bz 3.mp4' → 393 new frames
[03:54:22.773] ShellThumbnail: Shell delivered 256×144 for Gabbie carter bz 3.mp4
[03:54:22.774] ShellThumbnail: Shell delivered 256×144 for just be open minded.mp4
[03:54:22.776] ShellThumbnail: Shell delivered 256×144 for thanks for helping making history.mp4
[03:54:22.777] ShellThumbnail: Shell delivered 256×144 for PureTaboo_-_Leana_Lovings_-_The_List.mp4
[03:54:22.779] ShellThumbnail: Shell delivered 256×144 for admiring the person from inside.mp4
[03:54:22.780] ShellThumbnail: Shell delivered 256×144 for how to chop the morning wood.mp4
[03:54:22.780] ShellThumbnail: Shell delivered 256×144 for tackling every angle.mp4
[03:54:22.781] ShellThumbnail: Shell delivered 256×144 for her tits are the golden ticket.mp4
[03:54:22.784] ShellThumbnail: Shell delivered 256×144 for PureTaboo.23.06.27.Leana.Lovings.XXX.1080p.mp4
[03:54:22.784] ShellThumbnail: Shell delivered 256×144 for mommysgirl.26.01.24.lexi.luna.and.leana.lovings.fuckingsession.com.mp4
[03:54:22.787] ShellThumbnail: Shell delivered 256×144 for mommysgirl.26.01.31.little.puck.and.hailey.rose.fuckingsession.com.mp4
[03:54:22.788] ShellThumbnail: Shell delivered 256×144 for do you imagine fucking me.mp4
[03:54:22.789] ShellThumbnail: Shell delivered 256×144 for Curvy brunette fingering girl eavesdropping on mom part one.mp4
[03:54:22.789] ShellThumbnail: Shell delivered 256×144 for Two Fantastic Brunette Girls (720).mp4
[03:54:22.791] ShellThumbnail: Shell delivered 256×144 for a date that's more than a date.mp4
[03:54:22.792] ShellThumbnail: Shell delivered 256×144 for vampired.26.03.06.leana.lovings.and.lucy.mochi.the.last.woman.on.earth.fuckingsession.com.mp4
[03:54:22.793] ShellThumbnail: Shell delivered 256×144 for investigating with your mouth, officer.mp4
[03:54:22.803] ShellThumbnail: Shell delivered 256×144 for Emma butt(порно.mp4
[03:54:22.803] ShellThumbnail: Shell delivered 256×144 for [BlackedRaw] Chloe Amour (Insatiable Chloe Ditches BF For A Night Of BBC _ 01.29.2024).mp4
[03:54:22.804] ShellThumbnail: Shell delivered 256×144 for [PornhubFans 720p] My Boyfriend Fucked my Ass for the First Time after he found out I Cheated, and he came inside!.mp4
[03:54:22.804] ShellThumbnail: Shell delivered 256×144 for so much good ass.mp4
[03:54:22.806] ShellThumbnail: Shell delivered 256×144 for how would you rate your stamina.mp4
[03:54:22.806] ShellThumbnail: Shell delivered 256×144 for put some fire on the chocolate.mp4
[03:54:22.806] ShellThumbnail: Shell delivered 256×144 for PureTaboo_-_Leana_Lovings_The_Boy_Who_Cried_Step.mp4
[03:54:26.549] ShellThumbnail: Shell delivered 256×144 for Big Tit Temptress Alison Tyler Performs HOT AF Mesmerizing Titty Show.mp4
[03:54:26.550] ShellThumbnail: Shell delivered 256×144 for are you thirsty from all that hard work.mp4
[03:54:26.551] ShellThumbnail: Shell delivered 256×144 for admiring the person from inside.mp4
[03:54:26.551] ShellThumbnail: Shell delivered 256×144 for Blair williams [pornmir, порно, new porn, hd 1080 blonde.mp4
[03:54:26.552] ShellThumbnail: Shell delivered 256×144 for Elly clutch, zoey di giacomo truth or dare threesome .mp4
[03:54:26.553] ShellThumbnail: Shell delivered 256×144 for Curvy brunette fingering girl eavesdropping on mom part one.mp4
[03:54:26.555] ShellThumbnail: Shell delivered 256×144 for do you imagine fucking me.mp4
[03:54:26.556] ShellThumbnail: Shell delivered 256×144 for Emma butt(порно.mp4
[03:54:26.557] ShellThumbnail: Shell delivered 256×144 for her tits are the golden ticket.mp4
[03:54:26.558] ShellThumbnail: Shell delivered 256×144 for Gabbie carter bz 3.mp4
[03:54:26.559] ShellThumbnail: Shell delivered 256×144 for Gabbie carter (gabbiecartertv double d business woman means business).mp4
[03:54:26.559] ShellThumbnail: Shell delivered 256×144 for just be open minded.mp4
[03:54:26.560] ShellThumbnail: Shell delivered 256×144 for her version of due diligence.mp4
[03:54:26.561] ShellThumbnail: Shell delivered 256×144 for investigating with your mouth, officer.mp4
[03:54:26.561] ShellThumbnail: Shell delivered 256×144 for how would you rate your stamina.mp4
[03:54:26.562] ShellThumbnail: Shell delivered 256×144 for how to chop the morning wood.mp4
[03:54:26.563] ShellThumbnail: Shell delivered 256×144 for put some fire on the chocolate.mp4
[03:54:26.564] ShellThumbnail: Shell delivered 256×144 for people to share time with.mp4
[03:54:26.565] ShellThumbnail: Shell delivered 256×144 for Mind If I Join (720).mp4
[03:54:26.565] ShellThumbnail: Shell delivered 256×144 for PureTaboo_-_Leana_Lovings_-_The_List.mp4
[03:54:26.566] ShellThumbnail: Shell delivered 256×144 for round enough to get behind.mp4
[03:54:26.566] ShellThumbnail: Shell delivered 256×144 for mommysgirl.26.01.24.lexi.luna.and.leana.lovings.fuckingsession.com.mp4
[03:54:26.567] ShellThumbnail: Shell delivered 256×144 for PureTaboo_-_Leana_Lovings_The_Boy_Who_Cried_Step.mp4
[03:54:26.568] ShellThumbnail: Shell delivered 256×144 for PureTaboo.23.06.27.Leana.Lovings.XXX.1080p.mp4
[03:54:26.569] ShellThumbnail: Shell delivered 256×144 for the anime effect.mp4
[03:54:26.569] ShellThumbnail: Shell delivered 256×144 for so much good ass.mp4
[03:54:26.570] ShellThumbnail: Shell delivered 256×144 for Stepsister secretly slipped under my blanket at night....mp4
[03:54:26.570] ShellThumbnail: Shell delivered 256×144 for thanks for helping making history.mp4
[03:54:26.571] ShellThumbnail: Shell delivered 256×144 for tackling every angle.mp4
[03:54:26.572] ShellThumbnail: Shell delivered 256×144 for Two Fantastic Brunette Girls (720).mp4
[03:54:26.573] ShellThumbnail: Shell delivered 256×144 for under her business casual.mp4
[03:54:26.573] ShellThumbnail: Shell delivered 256×144 for Vampired.26.02.06.Little.Puck.And.Veronica.Leal.Refuge.XXX.720p.mp4
[03:54:26.574] ShellThumbnail: Shell delivered 256×144 for vampired.25.09.19.octokuro.and.rheina.ohara.controlling.the.half.breed.fuckingsession.com.mp4
[03:54:26.574] ShellThumbnail: Shell delivered 256×144 for wanna strip and get more comfortable.mp4
[03:54:26.575] ShellThumbnail: Shell delivered 256×144 for vampired.26.03.06.leana.lovings.and.lucy.mochi.the.last.woman.on.earth.fuckingsession.com.mp4
[03:54:26.575] ShellThumbnail: Shell delivered 256×144 for Vampired_-_Octokuro_Finding_The_Dollhouse_prntrx.blogspot.com.mp4
[03:54:26.576] ShellThumbnail: Shell delivered 256×144 for we each have one, girl.mp4
[03:54:26.577] ShellThumbnail: Shell delivered 256×144 for wrong room, right outcome.mp4
[03:54:26.577] ShellThumbnail: Shell delivered 256×144 for you don't seem to know your girlfriend....mp4
[03:54:26.578] ShellThumbnail: Shell delivered 256×144 for [BlackedRaw] Chloe Amour (Insatiable Chloe Ditches BF For A Night Of BBC _ 01.29.2024).mp4
[03:54:26.579] ShellThumbnail: Shell delivered 256×144 for [PornhubFans 720p] My Boyfriend Fucked my Ass for the First Time after he found out I Cheated, and he came inside!.mp4
[03:56:36.081] Playlist: jumping to index 3 (ipc=True)
[03:56:36.082] MpvIpcClient: wrote {"command":["playlist-play-index",3]}
[03:56:37.082] WS: playing file changed → 'Big Tit Temptress Alison Tyler Performs HOT AF Mesmerizing Titty Show.mp4' (dur=2222.0)
[03:56:37.089] ShellThumbnail: Shell delivered 256×144 for Big Tit Temptress Alison Tyler Performs HOT AF Mesmerizing Titty Show.mp4
[03:56:37.090] ShellThumbnail: Shell delivered 256×144 for admiring the person from inside.mp4
[03:56:37.090] ShellThumbnail: Shell delivered 256×144 for a date that's more than a date.mp4
[03:56:37.091] ShellThumbnail: Shell delivered 256×144 for are you thirsty from all that hard work.mp4
[03:56:37.092] ShellThumbnail: Shell delivered 256×144 for Blair williams [pornmir, порно, new porn, hd 1080 blonde.mp4
[03:56:37.093] ShellThumbnail: Shell delivered 256×144 for Emma butt(порно.mp4
[03:56:37.095] ShellThumbnail: Shell delivered 256×144 for Elly clutch, zoey di giacomo truth or dare threesome .mp4
[03:56:37.095] ShellThumbnail: Shell delivered 256×144 for Curvy brunette fingering girl eavesdropping on mom part one.mp4
[03:56:37.096] ShellThumbnail: Shell delivered 256×144 for do you imagine fucking me.mp4
[03:56:37.097] ShellThumbnail: Shell delivered 256×144 for her tits are the golden ticket.mp4
[03:56:37.097] ShellThumbnail: Shell delivered 256×144 for her version of due diligence.mp4
[03:56:37.097] ShellThumbnail: Shell delivered 256×144 for Gabbie carter (gabbiecartertv double d business woman means business).mp4
[03:56:37.098] ShellThumbnail: Shell delivered 256×144 for how to chop the morning wood.mp4
[03:56:37.099] ShellThumbnail: Shell delivered 256×144 for how would you rate your stamina.mp4
[03:56:37.099] ShellThumbnail: Shell delivered 256×144 for investigating with your mouth, officer.mp4
[03:56:37.100] ShellThumbnail: Shell delivered 256×144 for just be open minded.mp4
[03:56:37.101] ShellThumbnail: Shell delivered 256×144 for Mind If I Join (720).mp4
[03:56:37.101] ShellThumbnail: Shell delivered 256×144 for mommysgirl.26.01.24.lexi.luna.and.leana.lovings.fuckingsession.com.mp4
[03:56:37.102] ShellThumbnail: Shell delivered 256×144 for mommysgirl.26.01.31.little.puck.and.hailey.rose.fuckingsession.com.mp4
[03:56:37.103] ShellThumbnail: Shell delivered 256×144 for people to share time with.mp4
[03:56:37.103] ShellThumbnail: Shell delivered 256×144 for PureTaboo.23.06.27.Leana.Lovings.XXX.1080p.mp4
[03:56:37.104] ShellThumbnail: Shell delivered 256×144 for PureTaboo_-_Leana_Lovings_-_The_List.mp4
[03:56:37.104] ShellThumbnail: Shell delivered 256×144 for PureTaboo_-_Leana_Lovings_The_Boy_Who_Cried_Step.mp4
[03:56:37.105] ShellThumbnail: Shell delivered 256×144 for put some fire on the chocolate.mp4
[03:56:37.106] ShellThumbnail: Shell delivered 256×144 for round enough to get behind.mp4
[03:56:37.106] ShellThumbnail: Shell delivered 256×144 for so much good ass.mp4
[03:56:37.107] ShellThumbnail: Shell delivered 256×144 for Stepsister secretly slipped under my blanket at night....mp4
[03:56:37.113] ShellThumbnail: Shell delivered 256×144 for tackling every angle.mp4
[03:56:37.114] ShellThumbnail: Shell delivered 256×144 for Vampired.26.02.06.Little.Puck.And.Veronica.Leal.Refuge.XXX.720p.mp4
[03:56:37.114] ShellThumbnail: Shell delivered 256×144 for thanks for helping making history.mp4
[03:56:37.114] ShellThumbnail: Shell delivered 256×144 for Two Fantastic Brunette Girls (720).mp4
[03:56:37.115] ShellThumbnail: Shell delivered 256×144 for we each have one, girl.mp4
[03:56:37.115] ShellThumbnail: Shell delivered 256×144 for wrong room, right outcome.mp4
[03:56:37.117] ShellThumbnail: Shell delivered 256×144 for you don't seem to know your girlfriend....mp4
[03:56:37.117] ShellThumbnail: Shell delivered 256×144 for [PornhubFans 720p] My Boyfriend Fucked my Ass for the First Time after he found out I Cheated, and he came inside!.mp4
[03:56:37.118] ShellThumbnail: Shell delivered 256×144 for [BlackedRaw] Chloe Amour (Insatiable Chloe Ditches BF For A Night Of BBC _ 01.29.2024).mp4
[03:56:37.937] Playlist: jumping to index 6 (ipc=True)
[03:56:37.938] MpvIpcClient: wrote {"command":["playlist-play-index",6]}
[03:56:39.091] WS: playing file changed → 'do you imagine fucking me.mp4' (dur=3584.5)
[03:56:39.097] ShellThumbnail: Shell delivered 256×144 for a date that's more than a date.mp4
[03:56:39.098] ShellThumbnail: Shell delivered 256×144 for admiring the person from inside.mp4
[03:56:39.099] ShellThumbnail: Shell delivered 256×144 for Big Tit Temptress Alison Tyler Performs HOT AF Mesmerizing Titty Show.mp4
[03:56:39.100] ShellThumbnail: Shell delivered 256×144 for Blair williams [pornmir, порно, new porn, hd 1080 blonde.mp4
[03:56:39.101] ShellThumbnail: Shell delivered 256×144 for are you thirsty from all that hard work.mp4
[03:56:39.102] ShellThumbnail: Shell delivered 256×144 for Curvy brunette fingering girl eavesdropping on mom part one.mp4
[03:56:39.103] ShellThumbnail: Shell delivered 256×144 for do you imagine fucking me.mp4
[03:56:39.104] ShellThumbnail: Shell delivered 256×144 for Emma butt(порно.mp4
[03:56:39.105] ShellThumbnail: Shell delivered 256×144 for Gabbie carter (gabbiecartertv double d business woman means business).mp4
[03:56:39.106] ShellThumbnail: Shell delivered 256×144 for Elly clutch, zoey di giacomo truth or dare threesome .mp4
[03:56:39.106] ShellThumbnail: Shell delivered 256×144 for Gabbie carter bz 3.mp4
[03:56:39.107] ShellThumbnail: Shell delivered 256×144 for her tits are the golden ticket.mp4
[03:56:39.109] ShellThumbnail: Shell delivered 256×144 for how to chop the morning wood.mp4
[03:56:39.110] ShellThumbnail: Shell delivered 256×144 for her version of due diligence.mp4
[03:56:39.111] ShellThumbnail: Shell delivered 256×144 for investigating with your mouth, officer.mp4
[03:56:39.111] ShellThumbnail: Shell delivered 256×144 for Mind If I Join (720).mp4
[03:56:39.112] ShellThumbnail: Shell delivered 256×144 for mommysgirl.26.01.24.lexi.luna.and.leana.lovings.fuckingsession.com.mp4
[03:56:39.113] ShellThumbnail: Shell delivered 256×144 for mommysgirl.26.01.31.little.puck.and.hailey.rose.fuckingsession.com.mp4
[03:56:39.113] ShellThumbnail: Shell delivered 256×144 for people to share time with.mp4
[03:56:39.114] ShellThumbnail: Shell delivered 256×144 for PureTaboo.23.06.27.Leana.Lovings.XXX.1080p.mp4
[03:56:39.114] ShellThumbnail: Shell delivered 256×144 for just be open minded.mp4
[03:56:39.115] ShellThumbnail: Shell delivered 256×144 for PureTaboo_-_Leana_Lovings_-_The_List.mp4
[03:56:39.115] ShellThumbnail: Shell delivered 256×144 for Two Fantastic Brunette Girls (720).mp4
[03:56:39.116] ShellThumbnail: Shell delivered 256×144 for round enough to get behind.mp4
[03:56:39.117] ShellThumbnail: Shell delivered 256×144 for so much good ass.mp4
[03:56:39.117] ShellThumbnail: Shell delivered 256×144 for Stepsister secretly slipped under my blanket at night....mp4
[03:56:39.118] ShellThumbnail: Shell delivered 256×144 for thanks for helping making history.mp4
[03:56:39.119] ShellThumbnail: Shell delivered 256×144 for put some fire on the chocolate.mp4
[03:56:39.119] ShellThumbnail: Shell delivered 256×144 for tackling every angle.mp4
[03:56:39.119] ShellThumbnail: Shell delivered 256×144 for Vampired.26.02.06.Little.Puck.And.Veronica.Leal.Refuge.XXX.720p.mp4
[03:56:39.120] ShellThumbnail: Shell delivered 256×144 for vampired.25.09.19.octokuro.and.rheina.ohara.controlling.the.half.breed.fuckingsession.com.mp4
[03:56:39.122] ShellThumbnail: Shell delivered 256×144 for the anime effect.mp4
[03:56:39.123] ShellThumbnail: Shell delivered 256×144 for wanna strip and get more comfortable.mp4
[03:56:39.123] ShellThumbnail: Shell delivered 256×144 for PureTaboo_-_Leana_Lovings_The_Boy_Who_Cried_Step.mp4
[03:56:39.123] ShellThumbnail: Shell delivered 256×144 for vampired.26.03.06.leana.lovings.and.lucy.mochi.the.last.woman.on.earth.fuckingsession.com.mp4
[03:56:39.124] ShellThumbnail: Shell delivered 256×144 for under her business casual.mp4
[03:56:39.124] ShellThumbnail: Shell delivered 256×144 for wrong room, right outcome.mp4
[03:56:39.125] ShellThumbnail: Shell delivered 256×144 for Vampired_-_Octokuro_Finding_The_Dollhouse_prntrx.blogspot.com.mp4
[03:56:39.125] ShellThumbnail: Shell delivered 256×144 for you don't seem to know your girlfriend....mp4
[03:56:39.126] ShellThumbnail: Shell delivered 256×144 for we each have one, girl.mp4
[03:56:39.127] ShellThumbnail: Shell delivered 256×144 for [BlackedRaw] Chloe Amour (Insatiable Chloe Ditches BF For A Night Of BBC _ 01.29.2024).mp4
[03:56:39.133] ShellThumbnail: Shell delivered 256×144 for [PornhubFans 720p] My Boyfriend Fucked my Ass for the First Time after he found out I Cheated, and he came inside!.mp4
[03:56:39.786] Playlist: jumping to index 8 (ipc=True)
[03:56:39.787] MpvIpcClient: wrote {"command":["playlist-play-index",8]}
[03:56:40.098] WS: playing file changed → 'Emma butt(порно.mp4' (dur=1747.8)
[03:56:40.104] ShellThumbnail: Shell delivered 256×144 for a date that's more than a date.mp4
[03:56:40.105] ShellThumbnail: Shell delivered 256×144 for admiring the person from inside.mp4
[03:56:40.106] ShellThumbnail: Shell delivered 256×144 for Blair williams [pornmir, порно, new porn, hd 1080 blonde.mp4
[03:56:40.107] ShellThumbnail: Shell delivered 256×144 for are you thirsty from all that hard work.mp4
[03:56:40.108] ShellThumbnail: Shell delivered 256×144 for Curvy brunette fingering girl eavesdropping on mom part one.mp4
[03:56:40.109] ShellThumbnail: Shell delivered 256×144 for Emma butt(порно.mp4
[03:56:40.110] ShellThumbnail: Shell delivered 256×144 for Big Tit Temptress Alison Tyler Performs HOT AF Mesmerizing Titty Show.mp4
[03:56:40.111] ShellThumbnail: Shell delivered 256×144 for do you imagine fucking me.mp4
[03:56:40.111] ShellThumbnail: Shell delivered 256×144 for Gabbie carter bz 3.mp4
[03:56:40.112] ShellThumbnail: Shell delivered 256×144 for Gabbie carter (gabbiecartertv double d business woman means business).mp4
[03:56:40.113] ShellThumbnail: Shell delivered 256×144 for Elly clutch, zoey di giacomo truth or dare threesome .mp4
[03:56:40.114] ShellThumbnail: Shell delivered 256×144 for her version of due diligence.mp4
[03:56:40.115] ShellThumbnail: Shell delivered 256×144 for how would you rate your stamina.mp4
[03:56:40.116] ShellThumbnail: Shell delivered 256×144 for how to chop the morning wood.mp4
[03:56:40.116] ShellThumbnail: Shell delivered 256×144 for Mind If I Join (720).mp4
[03:56:40.117] ShellThumbnail: Shell delivered 256×144 for investigating with your mouth, officer.mp4
[03:56:40.117] ShellThumbnail: Shell delivered 256×144 for her tits are the golden ticket.mp4
[03:56:40.118] ShellThumbnail: Shell delivered 256×144 for just be open minded.mp4
[03:56:40.119] ShellThumbnail: Shell delivered 256×144 for PureTaboo.23.06.27.Leana.Lovings.XXX.1080p.mp4
[03:56:40.120] ShellThumbnail: Shell delivered 256×144 for people to share time with.mp4
[03:56:40.120] ShellThumbnail: Shell delivered 256×144 for PureTaboo_-_Leana_Lovings_-_The_List.mp4
[03:56:40.121] ShellThumbnail: Shell delivered 256×144 for mommysgirl.26.01.31.little.puck.and.hailey.rose.fuckingsession.com.mp4
[03:56:40.121] ShellThumbnail: Shell delivered 256×144 for tackling every angle.mp4
[03:56:40.122] ShellThumbnail: Shell delivered 256×144 for mommysgirl.26.01.24.lexi.luna.and.leana.lovings.fuckingsession.com.mp4
[03:56:40.122] ShellThumbnail: Shell delivered 256×144 for Stepsister secretly slipped under my blanket at night....mp4
[03:56:40.123] ShellThumbnail: Shell delivered 256×144 for Two Fantastic Brunette Girls (720).mp4
[03:56:40.123] ShellThumbnail: Shell delivered 256×144 for the anime effect.mp4
[03:56:40.124] ShellThumbnail: Shell delivered 256×144 for so much good ass.mp4
[03:56:40.125] ShellThumbnail: Shell delivered 256×144 for round enough to get behind.mp4
[03:56:40.125] ShellThumbnail: Shell delivered 256×144 for put some fire on the chocolate.mp4
[03:56:40.126] ShellThumbnail: Shell delivered 256×144 for under her business casual.mp4
[03:56:40.126] ShellThumbnail: Shell delivered 256×144 for PureTaboo_-_Leana_Lovings_The_Boy_Who_Cried_Step.mp4
[03:56:40.127] ShellThumbnail: Shell delivered 256×144 for Vampired.26.02.06.Little.Puck.And.Veronica.Leal.Refuge.XXX.720p.mp4
[03:56:40.128] ShellThumbnail: Shell delivered 256×144 for Vampired_-_Octokuro_Finding_The_Dollhouse_prntrx.blogspot.com.mp4
[03:56:40.128] ShellThumbnail: Shell delivered 256×144 for vampired.26.03.06.leana.lovings.and.lucy.mochi.the.last.woman.on.earth.fuckingsession.com.mp4
[03:56:40.129] ShellThumbnail: Shell delivered 256×144 for vampired.25.09.19.octokuro.and.rheina.ohara.controlling.the.half.breed.fuckingsession.com.mp4
[03:56:40.130] ShellThumbnail: Shell delivered 256×144 for thanks for helping making history.mp4
[03:56:40.130] ShellThumbnail: Shell delivered 256×144 for [BlackedRaw] Chloe Amour (Insatiable Chloe Ditches BF For A Night Of BBC _ 01.29.2024).mp4
[03:56:40.131] ShellThumbnail: Shell delivered 256×144 for we each have one, girl.mp4
[03:56:40.132] ShellThumbnail: Shell delivered 256×144 for wanna strip and get more comfortable.mp4
[03:56:40.132] ShellThumbnail: Shell delivered 256×144 for you don't seem to know your girlfriend....mp4
[03:56:40.133] ShellThumbnail: Shell delivered 256×144 for wrong room, right outcome.mp4
[03:56:40.134] ShellThumbnail: Shell delivered 256×144 for [PornhubFans 720p] My Boyfriend Fucked my Ass for the First Time after he found out I Cheated, and he came inside!.mp4
[03:56:41.146] Playlist: jumping to index 11 (ipc=True)
[03:56:41.147] MpvIpcClient: wrote {"command":["playlist-play-index",11]}
[03:56:42.036] Playlist: jumping to index 12 (ipc=True)
[03:56:42.036] MpvIpcClient: wrote {"command":["playlist-play-index",12]}
[03:56:42.113] WS: playing file changed → 'her tits are the golden ticket.mp4' (dur=2702.1)
[03:56:42.121] ShellThumbnail: Shell delivered 256×144 for a date that's more than a date.mp4
[03:56:42.123] ShellThumbnail: Shell delivered 256×144 for Big Tit Temptress Alison Tyler Performs HOT AF Mesmerizing Titty Show.mp4
[03:56:42.123] ShellThumbnail: Shell delivered 256×144 for Blair williams [pornmir, порно, new porn, hd 1080 blonde.mp4
[03:56:42.124] ShellThumbnail: Shell delivered 256×144 for Curvy brunette fingering girl eavesdropping on mom part one.mp4
[03:56:42.126] ShellThumbnail: Shell delivered 256×144 for do you imagine fucking me.mp4
[03:56:42.127] ShellThumbnail: Shell delivered 256×144 for admiring the person from inside.mp4
[03:56:42.131] ShellThumbnail: Shell delivered 256×144 for her tits are the golden ticket.mp4
[03:56:42.132] ShellThumbnail: Shell delivered 256×144 for Emma butt(порно.mp4
[03:56:42.132] ShellThumbnail: Shell delivered 256×144 for her version of due diligence.mp4
[03:56:42.133] ShellThumbnail: Shell delivered 256×144 for are you thirsty from all that hard work.mp4
[03:56:42.133] ShellThumbnail: Shell delivered 256×144 for Gabbie carter (gabbiecartertv double d business woman means business).mp4
[03:56:42.134] ShellThumbnail: Shell delivered 256×144 for how to chop the morning wood.mp4
[03:56:42.136] ShellThumbnail: Shell delivered 256×144 for Gabbie carter bz 3.mp4
[03:56:42.136] ShellThumbnail: Shell delivered 256×144 for Elly clutch, zoey di giacomo truth or dare threesome .mp4
[03:56:42.137] ShellThumbnail: Shell delivered 256×144 for just be open minded.mp4
[03:56:42.138] ShellThumbnail: Shell delivered 256×144 for how would you rate your stamina.mp4
[03:56:42.139] ShellThumbnail: Shell delivered 256×144 for people to share time with.mp4
[03:56:42.140] ShellThumbnail: Shell delivered 256×144 for mommysgirl.26.01.31.little.puck.and.hailey.rose.fuckingsession.com.mp4
[03:56:42.141] ShellThumbnail: Shell delivered 256×144 for PureTaboo_-_Leana_Lovings_-_The_List.mp4
[03:56:42.141] ShellThumbnail: Shell delivered 256×144 for PureTaboo.23.06.27.Leana.Lovings.XXX.1080p.mp4
[03:56:42.142] ShellThumbnail: Shell delivered 256×144 for PureTaboo_-_Leana_Lovings_The_Boy_Who_Cried_Step.mp4
[03:56:42.143] ShellThumbnail: Shell delivered 256×144 for Mind If I Join (720).mp4
[03:56:42.144] ShellThumbnail: Shell delivered 256×144 for put some fire on the chocolate.mp4
[03:56:42.145] ShellThumbnail: Shell delivered 256×144 for mommysgirl.26.01.24.lexi.luna.and.leana.lovings.fuckingsession.com.mp4
[03:56:42.146] ShellThumbnail: Shell delivered 256×144 for tackling every angle.mp4
[03:56:42.147] ShellThumbnail: Shell delivered 256×144 for round enough to get behind.mp4
[03:56:42.148] ShellThumbnail: Shell delivered 256×144 for thanks for helping making history.mp4
[03:56:42.149] ShellThumbnail: Shell delivered 256×144 for Stepsister secretly slipped under my blanket at night....mp4
[03:56:42.149] ShellThumbnail: Shell delivered 256×144 for investigating with your mouth, officer.mp4
[03:56:42.150] ShellThumbnail: Shell delivered 256×144 for Two Fantastic Brunette Girls (720).mp4
[03:56:42.151] ShellThumbnail: Shell delivered 256×144 for under her business casual.mp4
[03:56:42.152] ShellThumbnail: Shell delivered 256×144 for so much good ass.mp4
[03:56:42.163] ShellThumbnail: Shell delivered 256×144 for vampired.25.09.19.octokuro.and.rheina.ohara.controlling.the.half.breed.fuckingsession.com.mp4
[03:56:42.164] ShellThumbnail: Shell delivered 256×144 for [PornhubFans 720p] My Boyfriend Fucked my Ass for the First Time after he found out I Cheated, and he came inside!.mp4
[03:56:42.164] ShellThumbnail: Shell delivered 256×144 for you don't seem to know your girlfriend....mp4
[03:56:42.164] ShellThumbnail: Shell delivered 256×144 for wanna strip and get more comfortable.mp4
[03:56:42.164] ShellThumbnail: Shell delivered 256×144 for Vampired_-_Octokuro_Finding_The_Dollhouse_prntrx.blogspot.com.mp4
[03:56:42.780] Playlist: jumping to index 10 (ipc=True)
[03:56:42.780] MpvIpcClient: wrote {"command":["playlist-play-index",10]}
[03:56:43.118] WS: playing file changed → 'Gabbie carter bz 3.mp4' (dur=1963.7)
[03:56:43.126] ShellThumbnail: Shell delivered 256×144 for are you thirsty from all that hard work.mp4
[03:56:43.127] ShellThumbnail: Shell delivered 256×144 for Blair williams [pornmir, порно, new porn, hd 1080 blonde.mp4
[03:56:43.128] ShellThumbnail: Shell delivered 256×144 for admiring the person from inside.mp4
[03:56:43.129] ShellThumbnail: Shell delivered 256×144 for a date that's more than a date.mp4
[03:56:43.130] ShellThumbnail: Shell delivered 256×144 for Big Tit Temptress Alison Tyler Performs HOT AF Mesmerizing Titty Show.mp4
[03:56:43.131] ShellThumbnail: Shell delivered 256×144 for Gabbie carter (gabbiecartertv double d business woman means business).mp4
[03:56:43.132] ShellThumbnail: Shell delivered 256×144 for do you imagine fucking me.mp4
[03:56:43.133] ShellThumbnail: Shell delivered 256×144 for Emma butt(порно.mp4
[03:56:43.134] ShellThumbnail: Shell delivered 256×144 for Curvy brunette fingering girl eavesdropping on mom part one.mp4
[03:56:43.135] ShellThumbnail: Shell delivered 256×144 for her tits are the golden ticket.mp4
[03:56:43.136] ShellThumbnail: Shell delivered 256×144 for Gabbie carter bz 3.mp4
[03:56:43.137] ShellThumbnail: Shell delivered 256×144 for her version of due diligence.mp4
[03:56:43.138] ShellThumbnail: Shell delivered 256×144 for how would you rate your stamina.mp4
[03:56:43.138] ShellThumbnail: Shell delivered 256×144 for Elly clutch, zoey di giacomo truth or dare threesome .mp4
[03:56:43.139] ShellThumbnail: Shell delivered 256×144 for investigating with your mouth, officer.mp4
[03:56:43.139] ShellThumbnail: Shell delivered 256×144 for mommysgirl.26.01.24.lexi.luna.and.leana.lovings.fuckingsession.com.mp4
[03:56:43.140] ShellThumbnail: Shell delivered 256×144 for people to share time with.mp4
[03:56:43.141] ShellThumbnail: Shell delivered 256×144 for PureTaboo.23.06.27.Leana.Lovings.XXX.1080p.mp4
[03:56:43.141] ShellThumbnail: Shell delivered 256×144 for Mind If I Join (720).mp4
[03:56:43.142] ShellThumbnail: Shell delivered 256×144 for just be open minded.mp4
[03:56:43.142] ShellThumbnail: Shell delivered 256×144 for PureTaboo_-_Leana_Lovings_-_The_List.mp4
[03:56:43.143] ShellThumbnail: Shell delivered 256×144 for mommysgirl.26.01.31.little.puck.and.hailey.rose.fuckingsession.com.mp4
[03:56:43.143] ShellThumbnail: Shell delivered 256×144 for PureTaboo_-_Leana_Lovings_The_Boy_Who_Cried_Step.mp4
[03:56:43.144] ShellThumbnail: Shell delivered 256×144 for put some fire on the chocolate.mp4
[03:56:43.145] ShellThumbnail: Shell delivered 256×144 for tackling every angle.mp4
[03:56:43.145] ShellThumbnail: Shell delivered 256×144 for so much good ass.mp4
[03:56:43.146] ShellThumbnail: Shell delivered 256×144 for the anime effect.mp4
[03:56:43.146] ShellThumbnail: Shell delivered 256×144 for round enough to get behind.mp4
[03:56:43.147] ShellThumbnail: Shell delivered 256×144 for Stepsister secretly slipped under my blanket at night....mp4
[03:56:43.148] ShellThumbnail: Shell delivered 256×144 for Two Fantastic Brunette Girls (720).mp4
[03:56:43.149] ShellThumbnail: Shell delivered 256×144 for thanks for helping making history.mp4
[03:56:43.149] ShellThumbnail: Shell delivered 256×144 for Vampired.26.02.06.Little.Puck.And.Veronica.Leal.Refuge.XXX.720p.mp4
[03:56:43.150] ShellThumbnail: Shell delivered 256×144 for vampired.26.03.06.leana.lovings.and.lucy.mochi.the.last.woman.on.earth.fuckingsession.com.mp4
[03:56:43.150] ShellThumbnail: Shell delivered 256×144 for under her business casual.mp4
[03:56:43.151] ShellThumbnail: Shell delivered 256×144 for vampired.25.09.19.octokuro.and.rheina.ohara.controlling.the.half.breed.fuckingsession.com.mp4
[03:56:43.152] ShellThumbnail: Shell delivered 256×144 for wanna strip and get more comfortable.mp4
[03:56:43.152] ShellThumbnail: Shell delivered 256×144 for we each have one, girl.mp4
[03:56:43.153] ShellThumbnail: Shell delivered 256×144 for wrong room, right outcome.mp4
[03:56:43.153] ShellThumbnail: Shell delivered 256×144 for Vampired_-_Octokuro_Finding_The_Dollhouse_prntrx.blogspot.com.mp4
[03:56:43.154] ShellThumbnail: Shell delivered 256×144 for you don't seem to know your girlfriend....mp4
[03:56:43.155] ShellThumbnail: Shell delivered 256×144 for [BlackedRaw] Chloe Amour (Insatiable Chloe Ditches BF For A Night Of BBC _ 01.29.2024).mp4
[03:56:43.156] ShellThumbnail: Shell delivered 256×144 for [PornhubFans 720p] My Boyfriend Fucked my Ass for the First Time after he found out I Cheated, and he came inside!.mp4
[03:56:43.812] Playlist: jumping to index 8 (ipc=True)
[03:56:43.813] MpvIpcClient: wrote {"command":["playlist-play-index",8]}
[03:56:44.125] WS: playing file changed → 'Emma butt(порно.mp4' (dur=1747.8)
[03:56:44.137] ShellThumbnail: Shell delivered 256×144 for admiring the person from inside.mp4
[03:56:44.137] ShellThumbnail: Shell delivered 256×144 for Curvy brunette fingering girl eavesdropping on mom part one.mp4
[03:56:44.137] ShellThumbnail: Shell delivered 256×144 for are you thirsty from all that hard work.mp4
[03:56:44.137] ShellThumbnail: Shell delivered 256×144 for do you imagine fucking me.mp4
[03:56:44.137] ShellThumbnail: Shell delivered 256×144 for Gabbie carter (gabbiecartertv double d business woman means business).mp4
[03:56:44.141] ShellThumbnail: Shell delivered 256×144 for her version of due diligence.mp4
[03:56:44.142] ShellThumbnail: Shell delivered 256×144 for how to chop the morning wood.mp4
[03:56:44.143] ShellThumbnail: Shell delivered 256×144 for how would you rate your stamina.mp4
[03:56:44.143] ShellThumbnail: Shell delivered 256×144 for just be open minded.mp4
[03:56:44.144] ShellThumbnail: Shell delivered 256×144 for investigating with your mouth, officer.mp4
[03:56:44.145] ShellThumbnail: Shell delivered 256×144 for Mind If I Join (720).mp4
[03:56:44.145] ShellThumbnail: Shell delivered 256×144 for mommysgirl.26.01.24.lexi.luna.and.leana.lovings.fuckingsession.com.mp4
[03:56:44.146] ShellThumbnail: Shell delivered 256×144 for mommysgirl.26.01.31.little.puck.and.hailey.rose.fuckingsession.com.mp4
[03:56:44.147] ShellThumbnail: Shell delivered 256×144 for people to share time with.mp4
[03:56:44.148] ShellThumbnail: Shell delivered 256×144 for PureTaboo.23.06.27.Leana.Lovings.XXX.1080p.mp4
[03:56:44.149] ShellThumbnail: Shell delivered 256×144 for PureTaboo_-_Leana_Lovings_The_Boy_Who_Cried_Step.mp4
[03:56:44.150] ShellThumbnail: Shell delivered 256×144 for PureTaboo_-_Leana_Lovings_-_The_List.mp4
[03:56:44.150] ShellThumbnail: Shell delivered 256×144 for put some fire on the chocolate.mp4
[03:56:44.151] ShellThumbnail: Shell delivered 256×144 for round enough to get behind.mp4
[03:56:44.152] ShellThumbnail: Shell delivered 256×144 for so much good ass.mp4
[03:56:44.152] ShellThumbnail: Shell delivered 256×144 for Stepsister secretly slipped under my blanket at night....mp4
[03:56:44.153] ShellThumbnail: Shell delivered 256×144 for tackling every angle.mp4
[03:56:44.153] ShellThumbnail: Shell delivered 256×144 for thanks for helping making history.mp4
[03:56:44.154] ShellThumbnail: Shell delivered 256×144 for the anime effect.mp4
[03:56:44.155] ShellThumbnail: Shell delivered 256×144 for Two Fantastic Brunette Girls (720).mp4
[03:56:44.156] ShellThumbnail: Shell delivered 256×144 for under her business casual.mp4
[03:56:44.156] ShellThumbnail: Shell delivered 256×144 for vampired.25.09.19.octokuro.and.rheina.ohara.controlling.the.half.breed.fuckingsession.com.mp4
[03:56:44.157] ShellThumbnail: Shell delivered 256×144 for Vampired.26.02.06.Little.Puck.And.Veronica.Leal.Refuge.XXX.720p.mp4
[03:56:44.157] ShellThumbnail: Shell delivered 256×144 for vampired.26.03.06.leana.lovings.and.lucy.mochi.the.last.woman.on.earth.fuckingsession.com.mp4
[03:56:44.158] ShellThumbnail: Shell delivered 256×144 for Vampired_-_Octokuro_Finding_The_Dollhouse_prntrx.blogspot.com.mp4
[03:56:44.159] ShellThumbnail: Shell delivered 256×144 for wanna strip and get more comfortable.mp4
[03:56:44.159] ShellThumbnail: Shell delivered 256×144 for we each have one, girl.mp4
[03:56:44.160] ShellThumbnail: Shell delivered 256×144 for wrong room, right outcome.mp4
[03:56:44.160] ShellThumbnail: Shell delivered 256×144 for you don't seem to know your girlfriend....mp4
[03:56:44.161] ShellThumbnail: Shell delivered 256×144 for [BlackedRaw] Chloe Amour (Insatiable Chloe Ditches BF For A Night Of BBC _ 01.29.2024).mp4
[03:56:44.166] ShellThumbnail: Shell delivered 256×144 for [PornhubFans 720p] My Boyfriend Fucked my Ass for the First Time after he found out I Cheated, and he came inside!.mp4
[03:56:44.925] Playlist: jumping to index 13 (ipc=True)
[03:56:44.925] MpvIpcClient: wrote {"command":["playlist-play-index",13]}
[03:56:45.130] WS: playing file changed → 'how to chop the morning wood.mp4' (dur=1964.2)
[03:56:45.137] ShellThumbnail: Shell delivered 256×144 for admiring the person from inside.mp4
[03:56:45.137] ShellThumbnail: Shell delivered 256×144 for are you thirsty from all that hard work.mp4
[03:56:45.139] ShellThumbnail: Shell delivered 256×144 for Elly clutch, zoey di giacomo truth or dare threesome .mp4
[03:56:45.139] ShellThumbnail: Shell delivered 256×144 for Blair williams [pornmir, порно, new porn, hd 1080 blonde.mp4
[03:56:45.141] ShellThumbnail: Shell delivered 256×144 for Big Tit Temptress Alison Tyler Performs HOT AF Mesmerizing Titty Show.mp4
[03:56:45.141] ShellThumbnail: Shell delivered 256×144 for a date that's more than a date.mp4
[03:56:45.142] ShellThumbnail: Shell delivered 256×144 for Curvy brunette fingering girl eavesdropping on mom part one.mp4
[03:56:45.143] ShellThumbnail: Shell delivered 256×144 for do you imagine fucking me.mp4
[03:56:45.144] ShellThumbnail: Shell delivered 256×144 for Emma butt(порно.mp4
[03:56:45.145] ShellThumbnail: Shell delivered 256×144 for Gabbie carter (gabbiecartertv double d business woman means business).mp4
[03:56:45.146] ShellThumbnail: Shell delivered 256×144 for her version of due diligence.mp4
[03:56:45.146] ShellThumbnail: Shell delivered 256×144 for how to chop the morning wood.mp4
[03:56:45.147] ShellThumbnail: Shell delivered 256×144 for how would you rate your stamina.mp4
[03:56:45.148] ShellThumbnail: Shell delivered 256×144 for PureTaboo_-_Leana_Lovings_The_Boy_Who_Cried_Step.mp4
[03:56:45.148] ShellThumbnail: Shell delivered 256×144 for just be open minded.mp4
[03:56:45.149] ShellThumbnail: Shell delivered 256×144 for mommysgirl.26.01.31.little.puck.and.hailey.rose.fuckingsession.com.mp4
[03:56:45.149] ShellThumbnail: Shell delivered 256×144 for put some fire on the chocolate.mp4
[03:56:45.150] ShellThumbnail: Shell delivered 256×144 for Gabbie carter bz 3.mp4
[03:56:45.151] ShellThumbnail: Shell delivered 256×144 for people to share time with.mp4
[03:56:45.151] ShellThumbnail: Shell delivered 256×144 for Two Fantastic Brunette Girls (720).mp4
[03:56:45.152] ShellThumbnail: Shell delivered 256×144 for round enough to get behind.mp4
[03:56:45.152] ShellThumbnail: Shell delivered 256×144 for her tits are the golden ticket.mp4
[03:56:45.153] ShellThumbnail: Shell delivered 256×144 for Mind If I Join (720).mp4
[03:56:45.153] ShellThumbnail: Shell delivered 256×144 for PureTaboo_-_Leana_Lovings_-_The_List.mp4
[03:56:45.154] ShellThumbnail: Shell delivered 256×144 for so much good ass.mp4
[03:56:45.154] ShellThumbnail: Shell delivered 256×144 for investigating with your mouth, officer.mp4
[03:56:45.155] ShellThumbnail: Shell delivered 256×144 for Stepsister secretly slipped under my blanket at night....mp4
[03:56:45.155] ShellThumbnail: Shell delivered 256×144 for tackling every angle.mp4
[03:56:45.157] ShellThumbnail: Shell delivered 256×144 for thanks for helping making history.mp4
[03:56:45.157] ShellThumbnail: Shell delivered 256×144 for the anime effect.mp4
[03:56:45.157] ShellThumbnail: Shell delivered 256×144 for PureTaboo.23.06.27.Leana.Lovings.XXX.1080p.mp4
[03:56:45.158] ShellThumbnail: Shell delivered 256×144 for mommysgirl.26.01.24.lexi.luna.and.leana.lovings.fuckingsession.com.mp4
[03:56:45.159] ShellThumbnail: Shell delivered 256×144 for vampired.25.09.19.octokuro.and.rheina.ohara.controlling.the.half.breed.fuckingsession.com.mp4
[03:56:45.159] ShellThumbnail: Shell delivered 256×144 for under her business casual.mp4
[03:56:45.162] ShellThumbnail: Shell delivered 256×144 for Vampired.26.02.06.Little.Puck.And.Veronica.Leal.Refuge.XXX.720p.mp4
[03:56:45.162] ShellThumbnail: Shell delivered 256×144 for Vampired_-_Octokuro_Finding_The_Dollhouse_prntrx.blogspot.com.mp4
[03:56:45.163] ShellThumbnail: Shell delivered 256×144 for wanna strip and get more comfortable.mp4
[03:56:45.163] ShellThumbnail: Shell delivered 256×144 for we each have one, girl.mp4
[03:56:45.164] ShellThumbnail: Shell delivered 256×144 for wrong room, right outcome.mp4
[03:56:45.164] ShellThumbnail: Shell delivered 256×144 for you don't seem to know your girlfriend....mp4
[03:56:45.165] ShellThumbnail: Shell delivered 256×144 for [BlackedRaw] Chloe Amour (Insatiable Chloe Ditches BF For A Night Of BBC _ 01.29.2024).mp4
[03:56:45.166] ShellThumbnail: Shell delivered 256×144 for [PornhubFans 720p] My Boyfriend Fucked my Ass for the First Time after he found out I Cheated, and he came inside!.mp4
[03:56:52.061] ThumbWorker: scanned 'how to chop the morning wood.mp4' → 216 new frames
[03:56:55.649] Playlist: jumping to index 15 (ipc=True)
[03:56:55.650] MpvIpcClient: wrote {"command":["playlist-play-index",15]}
[03:56:56.216] WS: playing file changed → 'investigating with your mouth, officer.mp4' (dur=2365.7)
[03:56:56.223] ShellThumbnail: Shell delivered 256×144 for a date that's more than a date.mp4
[03:56:56.224] ShellThumbnail: Shell delivered 256×144 for admiring the person from inside.mp4
[03:56:56.225] ShellThumbnail: Shell delivered 256×144 for are you thirsty from all that hard work.mp4
[03:56:56.225] ShellThumbnail: Shell delivered 256×144 for Big Tit Temptress Alison Tyler Performs HOT AF Mesmerizing Titty Show.mp4
[03:56:56.226] ShellThumbnail: Shell delivered 256×144 for Curvy brunette fingering girl eavesdropping on mom part one.mp4
[03:56:56.226] ShellThumbnail: Shell delivered 256×144 for Blair williams [pornmir, порно, new porn, hd 1080 blonde.mp4
[03:56:56.227] ShellThumbnail: Shell delivered 256×144 for do you imagine fucking me.mp4
[03:56:56.228] ShellThumbnail: Shell delivered 256×144 for Elly clutch, zoey di giacomo truth or dare threesome .mp4
[03:56:56.228] ShellThumbnail: Shell delivered 256×144 for Emma butt(порно.mp4
[03:56:56.229] ShellThumbnail: Shell delivered 256×144 for Gabbie carter (gabbiecartertv double d business woman means business).mp4
[03:56:56.230] ShellThumbnail: Shell delivered 256×144 for her tits are the golden ticket.mp4
[03:56:56.231] ShellThumbnail: Shell delivered 256×144 for Gabbie carter bz 3.mp4
[03:56:56.231] ShellThumbnail: Shell delivered 256×144 for her version of due diligence.mp4
[03:56:56.232] ShellThumbnail: Shell delivered 256×144 for how to chop the morning wood.mp4
[03:56:56.233] ShellThumbnail: Shell delivered 256×144 for how would you rate your stamina.mp4
[03:56:56.234] ShellThumbnail: Shell delivered 256×144 for investigating with your mouth, officer.mp4
[03:56:56.234] ShellThumbnail: Shell delivered 256×144 for Mind If I Join (720).mp4
[03:56:56.240] ShellThumbnail: Shell delivered 256×144 for just be open minded.mp4
[03:56:56.240] ShellThumbnail: Shell delivered 256×144 for PureTaboo_-_Leana_Lovings_The_Boy_Who_Cried_Step.mp4
[03:56:56.240] ShellThumbnail: Shell delivered 256×144 for put some fire on the chocolate.mp4
[03:56:56.241] ShellThumbnail: Shell delivered 256×144 for so much good ass.mp4
[03:56:56.241] ShellThumbnail: Shell delivered 256×144 for Stepsister secretly slipped under my blanket at night....mp4
[03:56:56.242] ShellThumbnail: Shell delivered 256×144 for tackling every angle.mp4
[03:56:56.244] ShellThumbnail: Shell delivered 256×144 for thanks for helping making history.mp4
[03:56:56.245] ShellThumbnail: Shell delivered 256×144 for Two Fantastic Brunette Girls (720).mp4
[03:56:56.245] ShellThumbnail: Shell delivered 256×144 for under her business casual.mp4
[03:56:56.246] ShellThumbnail: Shell delivered 256×144 for the anime effect.mp4
[03:56:56.247] ShellThumbnail: Shell delivered 256×144 for vampired.26.03.06.leana.lovings.and.lucy.mochi.the.last.woman.on.earth.fuckingsession.com.mp4
[03:56:56.248] ShellThumbnail: Shell delivered 256×144 for wanna strip and get more comfortable.mp4
[03:56:56.248] ShellThumbnail: Shell delivered 256×144 for vampired.25.09.19.octokuro.and.rheina.ohara.controlling.the.half.breed.fuckingsession.com.mp4
[03:56:56.249] ShellThumbnail: Shell delivered 256×144 for Vampired.26.02.06.Little.Puck.And.Veronica.Leal.Refuge.XXX.720p.mp4
[03:56:56.249] ShellThumbnail: Shell delivered 256×144 for Vampired_-_Octokuro_Finding_The_Dollhouse_prntrx.blogspot.com.mp4
[03:56:56.250] ShellThumbnail: Shell delivered 256×144 for we each have one, girl.mp4
[03:56:56.250] ShellThumbnail: Shell delivered 256×144 for you don't seem to know your girlfriend....mp4
[03:56:56.251] ShellThumbnail: Shell delivered 256×144 for wrong room, right outcome.mp4
[03:56:56.252] ShellThumbnail: Shell delivered 256×144 for [BlackedRaw] Chloe Amour (Insatiable Chloe Ditches BF For A Night Of BBC _ 01.29.2024).mp4
[03:56:56.252] ShellThumbnail: Shell delivered 256×144 for [PornhubFans 720p] My Boyfriend Fucked my Ass for the First Time after he found out I Cheated, and he came inside!.mp4
[03:57:04.574] ThumbWorker: scanned 'investigating with your mouth, officer.mp4' → 253 new frames
[03:58:34.480] Playlist: jumping to index 14 (ipc=True)
[03:58:34.481] MpvIpcClient: wrote {"command":["playlist-play-index",14]}
[03:58:35.892] WS: playing file changed → 'how would you rate your stamina.mp4' (dur=1996.3)
[03:58:35.900] ShellThumbnail: Shell delivered 256×144 for admiring the person from inside.mp4
[03:58:35.901] ShellThumbnail: Shell delivered 256×144 for are you thirsty from all that hard work.mp4
[03:58:35.901] ShellThumbnail: Shell delivered 256×144 for Big Tit Temptress Alison Tyler Performs HOT AF Mesmerizing Titty Show.mp4
[03:58:35.903] ShellThumbnail: Shell delivered 256×144 for Curvy brunette fingering girl eavesdropping on mom part one.mp4
[03:58:35.904] ShellThumbnail: Shell delivered 256×144 for Blair williams [pornmir, порно, new porn, hd 1080 blonde.mp4
[03:58:35.905] ShellThumbnail: Shell delivered 256×144 for Elly clutch, zoey di giacomo truth or dare threesome .mp4
[03:58:35.906] ShellThumbnail: Shell delivered 256×144 for do you imagine fucking me.mp4
[03:58:35.907] ShellThumbnail: Shell delivered 256×144 for Gabbie carter (gabbiecartertv double d business woman means business).mp4
[03:58:35.908] ShellThumbnail: Shell delivered 256×144 for her version of due diligence.mp4
[03:58:35.909] ShellThumbnail: Shell delivered 256×144 for Emma butt(порно.mp4
[03:58:35.910] ShellThumbnail: Shell delivered 256×144 for her tits are the golden ticket.mp4
[03:58:35.910] ShellThumbnail: Shell delivered 256×144 for Gabbie carter bz 3.mp4
[03:58:35.910] ShellThumbnail: Shell delivered 256×144 for how would you rate your stamina.mp4
[03:58:35.912] ShellThumbnail: Shell delivered 256×144 for investigating with your mouth, officer.mp4
[03:58:35.912] ShellThumbnail: Shell delivered 256×144 for just be open minded.mp4
[03:58:35.913] ShellThumbnail: Shell delivered 256×144 for how to chop the morning wood.mp4
[03:58:35.914] ShellThumbnail: Shell delivered 256×144 for Mind If I Join (720).mp4
[03:58:35.915] ShellThumbnail: Shell delivered 256×144 for mommysgirl.26.01.31.little.puck.and.hailey.rose.fuckingsession.com.mp4
[03:58:35.915] ShellThumbnail: Shell delivered 256×144 for mommysgirl.26.01.24.lexi.luna.and.leana.lovings.fuckingsession.com.mp4
[03:58:35.916] ShellThumbnail: Shell delivered 256×144 for people to share time with.mp4
[03:58:35.916] ShellThumbnail: Shell delivered 256×144 for PureTaboo.23.06.27.Leana.Lovings.XXX.1080p.mp4
[03:58:35.924] ShellThumbnail: Shell delivered 256×144 for PureTaboo_-_Leana_Lovings_-_The_List.mp4
[03:58:35.924] ShellThumbnail: Shell delivered 256×144 for tackling every angle.mp4
[03:58:35.924] ShellThumbnail: Shell delivered 256×144 for PureTaboo_-_Leana_Lovings_The_Boy_Who_Cried_Step.mp4
[03:58:35.924] ShellThumbnail: Shell delivered 256×144 for Two Fantastic Brunette Girls (720).mp4
[03:58:35.925] ShellThumbnail: Shell delivered 256×144 for under her business casual.mp4
[03:58:35.926] ShellThumbnail: Shell delivered 256×144 for vampired.25.09.19.octokuro.and.rheina.ohara.controlling.the.half.breed.fuckingsession.com.mp4
[03:58:35.927] ShellThumbnail: Shell delivered 256×144 for Vampired.26.02.06.Little.Puck.And.Veronica.Leal.Refuge.XXX.720p.mp4
[03:58:35.929] ShellThumbnail: Shell delivered 256×144 for vampired.26.03.06.leana.lovings.and.lucy.mochi.the.last.woman.on.earth.fuckingsession.com.mp4
[03:58:35.930] ShellThumbnail: Shell delivered 256×144 for Vampired_-_Octokuro_Finding_The_Dollhouse_prntrx.blogspot.com.mp4
[03:58:35.930] ShellThumbnail: Shell delivered 256×144 for wanna strip and get more comfortable.mp4
[03:58:35.931] ShellThumbnail: Shell delivered 256×144 for wrong room, right outcome.mp4
[03:58:35.931] ShellThumbnail: Shell delivered 256×144 for we each have one, girl.mp4
[03:58:35.932] ShellThumbnail: Shell delivered 256×144 for you don't seem to know your girlfriend....mp4
[03:58:35.933] ShellThumbnail: Shell delivered 256×144 for [BlackedRaw] Chloe Amour (Insatiable Chloe Ditches BF For A Night Of BBC _ 01.29.2024).mp4
[03:58:35.933] ShellThumbnail: Shell delivered 256×144 for [PornhubFans 720p] My Boyfriend Fucked my Ass for the First Time after he found out I Cheated, and he came inside!.mp4
[03:58:42.095] ThumbWorker: scanned 'how would you rate your stamina.mp4' → 220 new frames
[03:58:47.262] Playlist: jumping to index 12 (ipc=True)
[03:58:47.262] MpvIpcClient: wrote {"command":["playlist-play-index",12]}
[03:58:47.990] WS: playing file changed → 'her version of due diligence.mp4' (dur=1998.3)
[03:58:47.999] ShellThumbnail: Shell delivered 256×144 for Curvy brunette fingering girl eavesdropping on mom part one.mp4
[03:58:48.001] ShellThumbnail: Shell delivered 256×144 for Big Tit Temptress Alison Tyler Performs HOT AF Mesmerizing Titty Show.mp4
[03:58:48.004] ShellThumbnail: Shell delivered 256×144 for Elly clutch, zoey di giacomo truth or dare threesome .mp4
[03:58:48.004] ShellThumbnail: Shell delivered 256×144 for admiring the person from inside.mp4
[03:58:48.005] ShellThumbnail: Shell delivered 256×144 for do you imagine fucking me.mp4
[03:58:48.007] ShellThumbnail: Shell delivered 256×144 for a date that's more than a date.mp4
[03:58:48.007] ShellThumbnail: Shell delivered 256×144 for Blair williams [pornmir, порно, new porn, hd 1080 blonde.mp4
[03:58:48.008] ShellThumbnail: Shell delivered 256×144 for her tits are the golden ticket.mp4
[03:58:48.009] ShellThumbnail: Shell delivered 256×144 for are you thirsty from all that hard work.mp4
[03:58:48.009] ShellThumbnail: Shell delivered 256×144 for Gabbie carter (gabbiecartertv double d business woman means business).mp4
[03:58:48.010] ShellThumbnail: Shell delivered 256×144 for her version of due diligence.mp4
[03:58:48.011] ShellThumbnail: Shell delivered 256×144 for how to chop the morning wood.mp4
[03:58:48.012] ShellThumbnail: Shell delivered 256×144 for just be open minded.mp4
[03:58:48.012] ShellThumbnail: Shell delivered 256×144 for Mind If I Join (720).mp4
[03:58:48.013] ShellThumbnail: Shell delivered 256×144 for PureTaboo.23.06.27.Leana.Lovings.XXX.1080p.mp4
[03:58:48.013] ShellThumbnail: Shell delivered 256×144 for round enough to get behind.mp4
[03:58:48.014] ShellThumbnail: Shell delivered 256×144 for people to share time with.mp4
[03:58:48.014] ShellThumbnail: Shell delivered 256×144 for so much good ass.mp4
[03:58:48.015] ShellThumbnail: Shell delivered 256×144 for Two Fantastic Brunette Girls (720).mp4
[03:58:48.015] ShellThumbnail: Shell delivered 256×144 for Stepsister secretly slipped under my blanket at night....mp4
[03:58:48.016] ShellThumbnail: Shell delivered 256×144 for mommysgirl.26.01.24.lexi.luna.and.leana.lovings.fuckingsession.com.mp4
[03:58:48.016] ShellThumbnail: Shell delivered 256×144 for mommysgirl.26.01.31.little.puck.and.hailey.rose.fuckingsession.com.mp4
[03:58:48.017] ShellThumbnail: Shell delivered 256×144 for put some fire on the chocolate.mp4
[03:58:48.017] ShellThumbnail: Shell delivered 256×144 for vampired.25.09.19.octokuro.and.rheina.ohara.controlling.the.half.breed.fuckingsession.com.mp4
[03:58:48.018] ShellThumbnail: Shell delivered 256×144 for Gabbie carter bz 3.mp4
[03:58:48.020] ShellThumbnail: Shell delivered 256×144 for investigating with your mouth, officer.mp4
[03:58:48.020] ShellThumbnail: Shell delivered 256×144 for the anime effect.mp4
[03:58:48.021] ShellThumbnail: Shell delivered 256×144 for thanks for helping making history.mp4
[03:58:48.022] ShellThumbnail: Shell delivered 256×144 for PureTaboo_-_Leana_Lovings_The_Boy_Who_Cried_Step.mp4
[03:58:48.022] ShellThumbnail: Shell delivered 256×144 for PureTaboo_-_Leana_Lovings_-_The_List.mp4
[03:58:48.023] ShellThumbnail: Shell delivered 256×144 for how would you rate your stamina.mp4
[03:58:48.024] ShellThumbnail: Shell delivered 256×144 for under her business casual.mp4
[03:58:48.024] ShellThumbnail: Shell delivered 256×144 for Vampired.26.02.06.Little.Puck.And.Veronica.Leal.Refuge.XXX.720p.mp4
[03:58:48.024] ShellThumbnail: Shell delivered 256×144 for vampired.26.03.06.leana.lovings.and.lucy.mochi.the.last.woman.on.earth.fuckingsession.com.mp4
[03:58:48.026] ShellThumbnail: Shell delivered 256×144 for Emma butt(порно.mp4
[03:58:48.026] ShellThumbnail: Shell delivered 256×144 for tackling every angle.mp4
[03:58:48.027] ShellThumbnail: Shell delivered 256×144 for Vampired_-_Octokuro_Finding_The_Dollhouse_prntrx.blogspot.com.mp4
[03:58:48.027] ShellThumbnail: Shell delivered 256×144 for wanna strip and get more comfortable.mp4
[03:58:48.028] ShellThumbnail: Shell delivered 256×144 for we each have one, girl.mp4
[03:58:48.028] ShellThumbnail: Shell delivered 256×144 for wrong room, right outcome.mp4
[03:58:48.029] ShellThumbnail: Shell delivered 256×144 for you don't seem to know your girlfriend....mp4
[03:58:48.029] ShellThumbnail: Shell delivered 256×144 for [PornhubFans 720p] My Boyfriend Fucked my Ass for the First Time after he found out I Cheated, and he came inside!.mp4
[03:58:48.030] ShellThumbnail: Shell delivered 256×144 for [BlackedRaw] Chloe Amour (Insatiable Chloe Ditches BF For A Night Of BBC _ 01.29.2024).mp4
[03:58:54.032] Playlist: jumping to index 1 (ipc=True)
[03:58:54.033] MpvIpcClient: wrote {"command":["playlist-play-index",1]}
[03:58:55.043] WS: playing file changed → 'admiring the person from inside.mp4' (dur=2149.6)
[03:58:55.049] ShellThumbnail: Shell delivered 256×144 for a date that's more than a date.mp4
[03:58:55.050] ShellThumbnail: Shell delivered 256×144 for admiring the person from inside.mp4
[03:58:55.051] ShellThumbnail: Shell delivered 256×144 for Blair williams [pornmir, порно, new porn, hd 1080 blonde.mp4
[03:58:55.052] ShellThumbnail: Shell delivered 256×144 for are you thirsty from all that hard work.mp4
[03:58:55.053] ShellThumbnail: Shell delivered 256×144 for Big Tit Temptress Alison Tyler Performs HOT AF Mesmerizing Titty Show.mp4
[03:58:55.053] ShellThumbnail: Shell delivered 256×144 for Curvy brunette fingering girl eavesdropping on mom part one.mp4
[03:58:55.055] ShellThumbnail: Shell delivered 256×144 for Elly clutch, zoey di giacomo truth or dare threesome .mp4
[03:58:55.055] ShellThumbnail: Shell delivered 256×144 for do you imagine fucking me.mp4
[03:58:55.056] ShellThumbnail: Shell delivered 256×144 for Gabbie carter (gabbiecartertv double d business woman means business).mp4
[03:58:55.057] ShellThumbnail: Shell delivered 256×144 for Emma butt(порно.mp4
[03:58:55.058] ShellThumbnail: Shell delivered 256×144 for her tits are the golden ticket.mp4
[03:58:55.059] ShellThumbnail: Shell delivered 256×144 for how to chop the morning wood.mp4
[03:58:55.059] ShellThumbnail: Shell delivered 256×144 for just be open minded.mp4
[03:58:55.066] ShellThumbnail: Shell delivered 256×144 for how would you rate your stamina.mp4
[03:58:55.067] ShellThumbnail: Shell delivered 256×144 for mommysgirl.26.01.24.lexi.luna.and.leana.lovings.fuckingsession.com.mp4
[03:58:55.067] ShellThumbnail: Shell delivered 256×144 for tackling every angle.mp4
[03:58:55.067] ShellThumbnail: Shell delivered 256×144 for Mind If I Join (720).mp4
[03:58:55.068] ShellThumbnail: Shell delivered 256×144 for PureTaboo_-_Leana_Lovings_-_The_List.mp4
[03:58:55.068] ShellThumbnail: Shell delivered 256×144 for put some fire on the chocolate.mp4
[03:58:55.069] ShellThumbnail: Shell delivered 256×144 for Stepsister secretly slipped under my blanket at night....mp4
[03:58:55.070] ShellThumbnail: Shell delivered 256×144 for mommysgirl.26.01.31.little.puck.and.hailey.rose.fuckingsession.com.mp4
[03:58:55.070] ShellThumbnail: Shell delivered 256×144 for so much good ass.mp4
[03:58:55.071] ShellThumbnail: Shell delivered 256×144 for Two Fantastic Brunette Girls (720).mp4
[03:58:55.073] ShellThumbnail: Shell delivered 256×144 for Vampired.26.02.06.Little.Puck.And.Veronica.Leal.Refuge.XXX.720p.mp4
[03:58:55.073] ShellThumbnail: Shell delivered 256×144 for under her business casual.mp4
[03:58:55.074] ShellThumbnail: Shell delivered 256×144 for vampired.25.09.19.octokuro.and.rheina.ohara.controlling.the.half.breed.fuckingsession.com.mp4
[03:58:55.075] ShellThumbnail: Shell delivered 256×144 for the anime effect.mp4
[03:58:55.076] ShellThumbnail: Shell delivered 256×144 for vampired.26.03.06.leana.lovings.and.lucy.mochi.the.last.woman.on.earth.fuckingsession.com.mp4
[03:58:55.076] ShellThumbnail: Shell delivered 256×144 for Vampired_-_Octokuro_Finding_The_Dollhouse_prntrx.blogspot.com.mp4
[03:58:55.077] ShellThumbnail: Shell delivered 256×144 for wanna strip and get more comfortable.mp4
[03:58:55.078] ShellThumbnail: Shell delivered 256×144 for we each have one, girl.mp4
[03:58:55.078] ShellThumbnail: Shell delivered 256×144 for wrong room, right outcome.mp4
[03:58:55.079] ShellThumbnail: Shell delivered 256×144 for you don't seem to know your girlfriend....mp4
[03:58:55.080] ShellThumbnail: Shell delivered 256×144 for [BlackedRaw] Chloe Amour (Insatiable Chloe Ditches BF For A Night Of BBC _ 01.29.2024).mp4
[03:58:55.080] ShellThumbnail: Shell delivered 256×144 for [PornhubFans 720p] My Boyfriend Fucked my Ass for the First Time after he found out I Cheated, and he came inside!.mp4
[03:58:55.157] ThumbWorker: scan of 'her version of due diligence.mp4' aborted (navigated away)
[03:58:57.169] Playlist: jumping to index 0 (ipc=True)
[03:58:57.170] MpvIpcClient: wrote {"command":["playlist-play-index",0]}
[03:58:58.068] WS: playing file changed → 'a date that's more than a date.mp4' (dur=2605.0)
[03:58:58.074] ShellThumbnail: Shell delivered 256×144 for admiring the person from inside.mp4
[03:58:58.075] ShellThumbnail: Shell delivered 256×144 for Big Tit Temptress Alison Tyler Performs HOT AF Mesmerizing Titty Show.mp4
[03:58:58.075] ShellThumbnail: Shell delivered 256×144 for a date that's more than a date.mp4
[03:58:58.076] ShellThumbnail: Shell delivered 256×144 for Curvy brunette fingering girl eavesdropping on mom part one.mp4
[03:58:58.077] ShellThumbnail: Shell delivered 256×144 for are you thirsty from all that hard work.mp4
[03:58:58.078] ShellThumbnail: Shell delivered 256×144 for Blair williams [pornmir, порно, new porn, hd 1080 blonde.mp4
[03:58:58.079] ShellThumbnail: Shell delivered 256×144 for Gabbie carter (gabbiecartertv double d business woman means business).mp4
[03:58:58.080] ShellThumbnail: Shell delivered 256×144 for do you imagine fucking me.mp4
[03:58:58.081] ShellThumbnail: Shell delivered 256×144 for Gabbie carter bz 3.mp4
[03:58:58.081] ShellThumbnail: Shell delivered 256×144 for her version of due diligence.mp4
[03:58:58.082] ShellThumbnail: Shell delivered 256×144 for Emma butt(порно.mp4
[03:58:58.083] ShellThumbnail: Shell delivered 256×144 for Elly clutch, zoey di giacomo truth or dare threesome .mp4
[03:58:58.084] ShellThumbnail: Shell delivered 256×144 for her tits are the golden ticket.mp4
[03:58:58.084] ShellThumbnail: Shell delivered 256×144 for how to chop the morning wood.mp4
[03:58:58.085] ShellThumbnail: Shell delivered 256×144 for Mind If I Join (720).mp4
[03:58:58.086] ShellThumbnail: Shell delivered 256×144 for just be open minded.mp4
[03:58:58.086] ShellThumbnail: Shell delivered 256×144 for how would you rate your stamina.mp4
[03:58:58.087] ShellThumbnail: Shell delivered 256×144 for investigating with your mouth, officer.mp4
[03:58:58.087] ShellThumbnail: Shell delivered 256×144 for PureTaboo_-_Leana_Lovings_-_The_List.mp4
[03:58:58.094] ShellThumbnail: Shell delivered 256×144 for mommysgirl.26.01.31.little.puck.and.hailey.rose.fuckingsession.com.mp4
[03:58:58.094] ShellThumbnail: Shell delivered 256×144 for Two Fantastic Brunette Girls (720).mp4
[03:58:58.094] ShellThumbnail: Shell delivered 256×144 for people to share time with.mp4
[03:58:58.094] ShellThumbnail: Shell delivered 256×144 for PureTaboo_-_Leana_Lovings_The_Boy_Who_Cried_Step.mp4
[03:58:58.094] ShellThumbnail: Shell delivered 256×144 for tackling every angle.mp4
[03:58:58.095] ShellThumbnail: Shell delivered 256×144 for so much good ass.mp4
[03:58:58.095] ShellThumbnail: Shell delivered 256×144 for under her business casual.mp4
[03:58:58.096] ShellThumbnail: Shell delivered 256×144 for vampired.25.09.19.octokuro.and.rheina.ohara.controlling.the.half.breed.fuckingsession.com.mp4
[03:58:58.097] ShellThumbnail: Shell delivered 256×144 for Vampired.26.02.06.Little.Puck.And.Veronica.Leal.Refuge.XXX.720p.mp4
[03:58:58.098] ShellThumbnail: Shell delivered 256×144 for Vampired_-_Octokuro_Finding_The_Dollhouse_prntrx.blogspot.com.mp4
[03:58:58.098] ShellThumbnail: Shell delivered 256×144 for vampired.26.03.06.leana.lovings.and.lucy.mochi.the.last.woman.on.earth.fuckingsession.com.mp4
[03:58:58.099] ShellThumbnail: Shell delivered 256×144 for wanna strip and get more comfortable.mp4
[03:58:58.099] ShellThumbnail: Shell delivered 256×144 for wrong room, right outcome.mp4
[03:58:58.100] ShellThumbnail: Shell delivered 256×144 for we each have one, girl.mp4
[03:58:58.101] ShellThumbnail: Shell delivered 256×144 for you don't seem to know your girlfriend....mp4
[03:58:58.101] ShellThumbnail: Shell delivered 256×144 for [BlackedRaw] Chloe Amour (Insatiable Chloe Ditches BF For A Night Of BBC _ 01.29.2024).mp4
[03:58:58.102] ShellThumbnail: Shell delivered 256×144 for [PornhubFans 720p] My Boyfriend Fucked my Ass for the First Time after he found out I Cheated, and he came inside!.mp4
[03:58:59.795] Playlist: jumping to index 3 (ipc=True)
[03:58:59.795] MpvIpcClient: wrote {"command":["playlist-play-index",3]}
[03:59:00.082] WS: playing file changed → 'Big Tit Temptress Alison Tyler Performs HOT AF Mesmerizing Titty Show.mp4' (dur=2222.0)
[03:59:00.092] ShellThumbnail: Shell delivered 256×144 for a date that's more than a date.mp4
[03:59:00.093] ShellThumbnail: Shell delivered 256×144 for admiring the person from inside.mp4
[03:59:00.093] ShellThumbnail: Shell delivered 256×144 for do you imagine fucking me.mp4
[03:59:00.094] ShellThumbnail: Shell delivered 256×144 for Gabbie carter (gabbiecartertv double d business woman means business).mp4
[03:59:00.095] ShellThumbnail: Shell delivered 256×144 for how to chop the morning wood.mp4
[03:59:00.096] ShellThumbnail: Shell delivered 256×144 for Big Tit Temptress Alison Tyler Performs HOT AF Mesmerizing Titty Show.mp4
[03:59:00.099] ShellThumbnail: Shell delivered 256×144 for Blair williams [pornmir, порно, new porn, hd 1080 blonde.mp4
[03:59:00.100] ShellThumbnail: Shell delivered 256×144 for Emma butt(порно.mp4
[03:59:00.101] ShellThumbnail: Shell delivered 256×144 for investigating with your mouth, officer.mp4
[03:59:00.101] ShellThumbnail: Shell delivered 256×144 for how would you rate your stamina.mp4
[03:59:00.103] ShellThumbnail: Shell delivered 256×144 for her version of due diligence.mp4
[03:59:00.103] ShellThumbnail: Shell delivered 256×144 for Curvy brunette fingering girl eavesdropping on mom part one.mp4
[03:59:00.104] ShellThumbnail: Shell delivered 256×144 for her tits are the golden ticket.mp4
[03:59:00.104] ShellThumbnail: Shell delivered 256×144 for Gabbie carter bz 3.mp4
[03:59:00.105] ShellThumbnail: Shell delivered 256×144 for Elly clutch, zoey di giacomo truth or dare threesome .mp4
[03:59:00.107] ShellThumbnail: Shell delivered 256×144 for just be open minded.mp4
[03:59:00.116] ShellThumbnail: Shell delivered 256×144 for PureTaboo_-_Leana_Lovings_-_The_List.mp4
[03:59:00.117] ShellThumbnail: Shell delivered 256×144 for put some fire on the chocolate.mp4
[03:59:00.117] ShellThumbnail: Shell delivered 256×144 for are you thirsty from all that hard work.mp4
[03:59:00.117] ShellThumbnail: Shell delivered 256×144 for thanks for helping making history.mp4
[03:59:00.119] ShellThumbnail: Shell delivered 256×144 for PureTaboo_-_Leana_Lovings_The_Boy_Who_Cried_Step.mp4
[03:59:00.119] ShellThumbnail: Shell delivered 256×144 for tackling every angle.mp4
[03:59:00.119] ShellThumbnail: Shell delivered 256×144 for vampired.25.09.19.octokuro.and.rheina.ohara.controlling.the.half.breed.fuckingsession.com.mp4
[03:59:00.120] ShellThumbnail: Shell delivered 256×144 for Vampired.26.02.06.Little.Puck.And.Veronica.Leal.Refuge.XXX.720p.mp4
[03:59:00.121] ShellThumbnail: Shell delivered 256×144 for vampired.26.03.06.leana.lovings.and.lucy.mochi.the.last.woman.on.earth.fuckingsession.com.mp4
[03:59:00.122] ShellThumbnail: Shell delivered 256×144 for wanna strip and get more comfortable.mp4
[03:59:00.123] ShellThumbnail: Shell delivered 256×144 for we each have one, girl.mp4
[03:59:00.124] ShellThumbnail: Shell delivered 256×144 for Vampired_-_Octokuro_Finding_The_Dollhouse_prntrx.blogspot.com.mp4
[03:59:00.125] ShellThumbnail: Shell delivered 256×144 for Two Fantastic Brunette Girls (720).mp4
[03:59:00.126] ShellThumbnail: Shell delivered 256×144 for under her business casual.mp4
[03:59:00.126] ShellThumbnail: Shell delivered 256×144 for wrong room, right outcome.mp4
[03:59:00.127] ShellThumbnail: Shell delivered 256×144 for you don't seem to know your girlfriend....mp4
[03:59:00.128] ShellThumbnail: Shell delivered 256×144 for [BlackedRaw] Chloe Amour (Insatiable Chloe Ditches BF For A Night Of BBC _ 01.29.2024).mp4
[03:59:00.129] ShellThumbnail: Shell delivered 256×144 for [PornhubFans 720p] My Boyfriend Fucked my Ass for the First Time after he found out I Cheated, and he came inside!.mp4
[03:59:01.052] Playlist: jumping to index 4 (ipc=True)
[03:59:01.052] MpvIpcClient: wrote {"command":["playlist-play-index",4]}
[03:59:02.096] WS: playing file changed → 'Blair williams [pornmir, порно, new porn, hd 1080 blonde.mp4' (dur=2670.5)
[03:59:02.102] ShellThumbnail: Shell delivered 256×144 for a date that's more than a date.mp4
[03:59:02.103] ShellThumbnail: Shell delivered 256×144 for are you thirsty from all that hard work.mp4
[03:59:02.104] ShellThumbnail: Shell delivered 256×144 for admiring the person from inside.mp4
[03:59:02.104] ShellThumbnail: Shell delivered 256×144 for Blair williams [pornmir, порно, new porn, hd 1080 blonde.mp4
[03:59:02.105] ShellThumbnail: Shell delivered 256×144 for Curvy brunette fingering girl eavesdropping on mom part one.mp4
[03:59:02.106] ShellThumbnail: Shell delivered 256×144 for Elly clutch, zoey di giacomo truth or dare threesome .mp4
[03:59:02.106] ShellThumbnail: Shell delivered 256×144 for Emma butt(порно.mp4
[03:59:02.107] ShellThumbnail: Shell delivered 256×144 for Big Tit Temptress Alison Tyler Performs HOT AF Mesmerizing Titty Show.mp4
[03:59:02.108] ShellThumbnail: Shell delivered 256×144 for Gabbie carter (gabbiecartertv double d business woman means business).mp4
[03:59:02.108] ShellThumbnail: Shell delivered 256×144 for Gabbie carter bz 3.mp4
[03:59:02.109] ShellThumbnail: Shell delivered 256×144 for her tits are the golden ticket.mp4
[03:59:02.110] ShellThumbnail: Shell delivered 256×144 for do you imagine fucking me.mp4
[03:59:02.111] ShellThumbnail: Shell delivered 256×144 for her version of due diligence.mp4
[03:59:02.112] ShellThumbnail: Shell delivered 256×144 for how to chop the morning wood.mp4
[03:59:02.113] ShellThumbnail: Shell delivered 256×144 for how would you rate your stamina.mp4
[03:59:02.113] ShellThumbnail: Shell delivered 256×144 for investigating with your mouth, officer.mp4
[03:59:02.114] ShellThumbnail: Shell delivered 256×144 for just be open minded.mp4
[03:59:02.115] ShellThumbnail: Shell delivered 256×144 for Mind If I Join (720).mp4
[03:59:02.116] ShellThumbnail: Shell delivered 256×144 for mommysgirl.26.01.24.lexi.luna.and.leana.lovings.fuckingsession.com.mp4
[03:59:02.116] ShellThumbnail: Shell delivered 256×144 for mommysgirl.26.01.31.little.puck.and.hailey.rose.fuckingsession.com.mp4
[03:59:02.117] ShellThumbnail: Shell delivered 256×144 for people to share time with.mp4
[03:59:02.118] ShellThumbnail: Shell delivered 256×144 for PureTaboo.23.06.27.Leana.Lovings.XXX.1080p.mp4
[03:59:02.118] ShellThumbnail: Shell delivered 256×144 for PureTaboo_-_Leana_Lovings_-_The_List.mp4
[03:59:02.119] ShellThumbnail: Shell delivered 256×144 for PureTaboo_-_Leana_Lovings_The_Boy_Who_Cried_Step.mp4
[03:59:02.120] ShellThumbnail: Shell delivered 256×144 for put some fire on the chocolate.mp4
[03:59:02.121] ShellThumbnail: Shell delivered 256×144 for round enough to get behind.mp4
[03:59:02.121] ShellThumbnail: Shell delivered 256×144 for so much good ass.mp4
[03:59:02.127] ShellThumbnail: Shell delivered 256×144 for Stepsister secretly slipped under my blanket at night....mp4
[03:59:02.127] ShellThumbnail: Shell delivered 256×144 for under her business casual.mp4
[03:59:02.127] ShellThumbnail: Shell delivered 256×144 for Vampired.26.02.06.Little.Puck.And.Veronica.Leal.Refuge.XXX.720p.mp4
[03:59:02.127] ShellThumbnail: Shell delivered 256×144 for tackling every angle.mp4
[03:59:02.128] ShellThumbnail: Shell delivered 256×144 for vampired.26.03.06.leana.lovings.and.lucy.mochi.the.last.woman.on.earth.fuckingsession.com.mp4
[03:59:02.128] ShellThumbnail: Shell delivered 256×144 for Vampired_-_Octokuro_Finding_The_Dollhouse_prntrx.blogspot.com.mp4
[03:59:02.129] ShellThumbnail: Shell delivered 256×144 for wanna strip and get more comfortable.mp4
[03:59:02.130] ShellThumbnail: Shell delivered 256×144 for we each have one, girl.mp4
[03:59:02.130] ShellThumbnail: Shell delivered 256×144 for you don't seem to know your girlfriend....mp4
[03:59:02.131] ShellThumbnail: Shell delivered 256×144 for [BlackedRaw] Chloe Amour (Insatiable Chloe Ditches BF For A Night Of BBC _ 01.29.2024).mp4
[03:59:02.132] ShellThumbnail: Shell delivered 256×144 for [PornhubFans 720p] My Boyfriend Fucked my Ass for the First Time after he found out I Cheated, and he came inside!.mp4
[03:59:02.132] ShellThumbnail: Shell delivered 256×144 for wrong room, right outcome.mp4
[03:59:03.189] Playlist: jumping to index 2 (ipc=True)
[03:59:03.189] MpvIpcClient: wrote {"command":["playlist-play-index",2]}
[03:59:04.117] WS: playing file changed → 'are you thirsty from all that hard work.mp4' (dur=2082.1)
[03:59:04.123] ShellThumbnail: Shell delivered 256×144 for admiring the person from inside.mp4
[03:59:04.123] ShellThumbnail: Shell delivered 256×144 for a date that's more than a date.mp4
[03:59:04.124] ShellThumbnail: Shell delivered 256×144 for are you thirsty from all that hard work.mp4
[03:59:04.125] ShellThumbnail: Shell delivered 256×144 for Curvy brunette fingering girl eavesdropping on mom part one.mp4
[03:59:04.126] ShellThumbnail: Shell delivered 256×144 for Blair williams [pornmir, порно, new porn, hd 1080 blonde.mp4
[03:59:04.127] ShellThumbnail: Shell delivered 256×144 for Big Tit Temptress Alison Tyler Performs HOT AF Mesmerizing Titty Show.mp4
[03:59:04.128] ShellThumbnail: Shell delivered 256×144 for do you imagine fucking me.mp4
[03:59:04.128] ShellThumbnail: Shell delivered 256×144 for Gabbie carter (gabbiecartertv double d business woman means business).mp4
[03:59:04.129] ShellThumbnail: Shell delivered 256×144 for Elly clutch, zoey di giacomo truth or dare threesome .mp4
[03:59:04.130] ShellThumbnail: Shell delivered 256×144 for Emma butt(порно.mp4
[03:59:04.131] ShellThumbnail: Shell delivered 256×144 for her tits are the golden ticket.mp4
[03:59:04.132] ShellThumbnail: Shell delivered 256×144 for Gabbie carter bz 3.mp4
[03:59:04.133] ShellThumbnail: Shell delivered 256×144 for how to chop the morning wood.mp4
[03:59:04.139] ShellThumbnail: Shell delivered 256×144 for her version of due diligence.mp4
[03:59:04.140] ShellThumbnail: Shell delivered 256×144 for mommysgirl.26.01.31.little.puck.and.hailey.rose.fuckingsession.com.mp4
[03:59:04.140] ShellThumbnail: Shell delivered 256×144 for people to share time with.mp4
[03:59:04.140] ShellThumbnail: Shell delivered 256×144 for just be open minded.mp4
[03:59:04.140] ShellThumbnail: Shell delivered 256×144 for PureTaboo.23.06.27.Leana.Lovings.XXX.1080p.mp4
[03:59:04.141] ShellThumbnail: Shell delivered 256×144 for round enough to get behind.mp4
[03:59:04.141] ShellThumbnail: Shell delivered 256×144 for Stepsister secretly slipped under my blanket at night....mp4
[03:59:04.142] ShellThumbnail: Shell delivered 256×144 for tackling every angle.mp4
[03:59:04.143] ShellThumbnail: Shell delivered 256×144 for so much good ass.mp4
[03:59:04.144] ShellThumbnail: Shell delivered 256×144 for the anime effect.mp4
[03:59:04.144] ShellThumbnail: Shell delivered 256×144 for mommysgirl.26.01.24.lexi.luna.and.leana.lovings.fuckingsession.com.mp4
[03:59:04.145] ShellThumbnail: Shell delivered 256×144 for under her business casual.mp4
[03:59:04.145] ShellThumbnail: Shell delivered 256×144 for vampired.25.09.19.octokuro.and.rheina.ohara.controlling.the.half.breed.fuckingsession.com.mp4
[03:59:04.146] ShellThumbnail: Shell delivered 256×144 for thanks for helping making history.mp4
[03:59:04.147] ShellThumbnail: Shell delivered 256×144 for we each have one, girl.mp4
[03:59:04.147] ShellThumbnail: Shell delivered 256×144 for Vampired_-_Octokuro_Finding_The_Dollhouse_prntrx.blogspot.com.mp4
[03:59:04.148] ShellThumbnail: Shell delivered 256×144 for wrong room, right outcome.mp4
[03:59:04.148] ShellThumbnail: Shell delivered 256×144 for Vampired.26.02.06.Little.Puck.And.Veronica.Leal.Refuge.XXX.720p.mp4
[03:59:04.149] ShellThumbnail: Shell delivered 256×144 for wanna strip and get more comfortable.mp4
[03:59:04.150] ShellThumbnail: Shell delivered 256×144 for Two Fantastic Brunette Girls (720).mp4
[03:59:04.150] ShellThumbnail: Shell delivered 256×144 for vampired.26.03.06.leana.lovings.and.lucy.mochi.the.last.woman.on.earth.fuckingsession.com.mp4
[03:59:04.151] ShellThumbnail: Shell delivered 256×144 for you don't seem to know your girlfriend....mp4
[03:59:04.151] ShellThumbnail: Shell delivered 256×144 for [PornhubFans 720p] My Boyfriend Fucked my Ass for the First Time after he found out I Cheated, and he came inside!.mp4
[03:59:04.152] ShellThumbnail: Shell delivered 256×144 for [BlackedRaw] Chloe Amour (Insatiable Chloe Ditches BF For A Night Of BBC _ 01.29.2024).mp4
[03:59:04.997] Playlist: jumping to index 5 (ipc=True)
[03:59:04.998] MpvIpcClient: wrote {"command":["playlist-play-index",5]}
[03:59:05.125] WS: playing file changed → 'Curvy brunette fingering girl eavesdropping on mom part one.mp4' (dur=1840.2)
[03:59:05.131] ShellThumbnail: Shell delivered 256×144 for a date that's more than a date.mp4
[03:59:05.132] ShellThumbnail: Shell delivered 256×144 for admiring the person from inside.mp4
[03:59:05.133] ShellThumbnail: Shell delivered 256×144 for are you thirsty from all that hard work.mp4
[03:59:05.134] ShellThumbnail: Shell delivered 256×144 for Big Tit Temptress Alison Tyler Performs HOT AF Mesmerizing Titty Show.mp4
[03:59:05.135] ShellThumbnail: Shell delivered 256×144 for Curvy brunette fingering girl eavesdropping on mom part one.mp4
[03:59:05.136] ShellThumbnail: Shell delivered 256×144 for Blair williams [pornmir, порно, new porn, hd 1080 blonde.mp4
[03:59:05.137] ShellThumbnail: Shell delivered 256×144 for do you imagine fucking me.mp4
[03:59:05.138] ShellThumbnail: Shell delivered 256×144 for Elly clutch, zoey di giacomo truth or dare threesome .mp4
[03:59:05.139] ShellThumbnail: Shell delivered 256×144 for Emma butt(порно.mp4
[03:59:05.155] ShellThumbnail: Shell delivered 256×144 for tackling every angle.mp4
[03:59:05.156] ShellThumbnail: Shell delivered 256×144 for Vampired.26.02.06.Little.Puck.And.Veronica.Leal.Refuge.XXX.720p.mp4
[03:59:05.156] ShellThumbnail: Shell delivered 256×144 for vampired.26.03.06.leana.lovings.and.lucy.mochi.the.last.woman.on.earth.fuckingsession.com.mp4
[03:59:05.156] ShellThumbnail: Shell delivered 256×144 for Vampired_-_Octokuro_Finding_The_Dollhouse_prntrx.blogspot.com.mp4
[03:59:05.156] ShellThumbnail: Shell delivered 256×144 for so much good ass.mp4
[03:59:05.156] ShellThumbnail: Shell delivered 256×144 for Two Fantastic Brunette Girls (720).mp4
[03:59:05.157] ShellThumbnail: Shell delivered 256×144 for we each have one, girl.mp4
[03:59:05.157] ShellThumbnail: Shell delivered 256×144 for wrong room, right outcome.mp4
[03:59:05.158] ShellThumbnail: Shell delivered 256×144 for you don't seem to know your girlfriend....mp4
[03:59:05.159] ShellThumbnail: Shell delivered 256×144 for [PornhubFans 720p] My Boyfriend Fucked my Ass for the First Time after he found out I Cheated, and he came inside!.mp4
[03:59:05.160] ShellThumbnail: Shell delivered 256×144 for [BlackedRaw] Chloe Amour (Insatiable Chloe Ditches BF For A Night Of BBC _ 01.29.2024).mp4
[03:59:07.342] Playlist: jumping to index 6 (ipc=True)
[03:59:07.343] MpvIpcClient: wrote {"command":["playlist-play-index",6]}
[03:59:08.146] WS: playing file changed → 'do you imagine fucking me.mp4' (dur=3584.5)
[03:59:08.153] ShellThumbnail: Shell delivered 256×144 for are you thirsty from all that hard work.mp4
[03:59:08.153] ShellThumbnail: Shell delivered 256×144 for a date that's more than a date.mp4
[03:59:08.159] ShellThumbnail: Shell delivered 256×144 for mommysgirl.26.01.24.lexi.luna.and.leana.lovings.fuckingsession.com.mp4
[03:59:08.160] ShellThumbnail: Shell delivered 256×144 for mommysgirl.26.01.31.little.puck.and.hailey.rose.fuckingsession.com.mp4
[03:59:08.161] ShellThumbnail: Shell delivered 256×144 for Gabbie carter (gabbiecartertv double d business woman means business).mp4
[03:59:08.162] ShellThumbnail: Shell delivered 256×144 for PureTaboo_-_Leana_Lovings_The_Boy_Who_Cried_Step.mp4
[03:59:08.163] ShellThumbnail: Shell delivered 256×144 for how would you rate your stamina.mp4
[03:59:08.164] ShellThumbnail: Shell delivered 256×144 for round enough to get behind.mp4
[03:59:08.165] ShellThumbnail: Shell delivered 256×144 for Emma butt(порно.mp4
[03:59:08.166] ShellThumbnail: Shell delivered 256×144 for Gabbie carter bz 3.mp4
[03:59:08.166] ShellThumbnail: Shell delivered 256×144 for Blair williams [pornmir, порно, new porn, hd 1080 blonde.mp4
[03:59:08.167] ShellThumbnail: Shell delivered 256×144 for Curvy brunette fingering girl eavesdropping on mom part one.mp4
[03:59:08.168] ShellThumbnail: Shell delivered 256×144 for just be open minded.mp4
[03:59:08.174] ShellThumbnail: Shell delivered 256×144 for her tits are the golden ticket.mp4
[03:59:08.174] ShellThumbnail: Shell delivered 256×144 for Big Tit Temptress Alison Tyler Performs HOT AF Mesmerizing Titty Show.mp4
[03:59:08.174] ShellThumbnail: Shell delivered 256×144 for admiring the person from inside.mp4
[03:59:08.174] ShellThumbnail: Shell delivered 256×144 for PureTaboo.23.06.27.Leana.Lovings.XXX.1080p.mp4
[03:59:08.175] ShellThumbnail: Shell delivered 256×144 for thanks for helping making history.mp4
[03:59:08.175] ShellThumbnail: Shell delivered 256×144 for tackling every angle.mp4
[03:59:08.176] ShellThumbnail: Shell delivered 256×144 for Two Fantastic Brunette Girls (720).mp4
[03:59:08.177] ShellThumbnail: Shell delivered 256×144 for the anime effect.mp4
[03:59:08.177] ShellThumbnail: Shell delivered 256×144 for under her business casual.mp4
[03:59:08.178] ShellThumbnail: Shell delivered 256×144 for vampired.25.09.19.octokuro.and.rheina.ohara.controlling.the.half.breed.fuckingsession.com.mp4
[03:59:08.179] ShellThumbnail: Shell delivered 256×144 for put some fire on the chocolate.mp4
[03:59:08.179] ShellThumbnail: Shell delivered 256×144 for vampired.26.03.06.leana.lovings.and.lucy.mochi.the.last.woman.on.earth.fuckingsession.com.mp4
[03:59:08.180] ShellThumbnail: Shell delivered 256×144 for her version of due diligence.mp4
[03:59:08.181] ShellThumbnail: Shell delivered 256×144 for Stepsister secretly slipped under my blanket at night....mp4
[03:59:08.182] ShellThumbnail: Shell delivered 256×144 for Vampired.26.02.06.Little.Puck.And.Veronica.Leal.Refuge.XXX.720p.mp4
[03:59:08.182] ShellThumbnail: Shell delivered 256×144 for investigating with your mouth, officer.mp4
[03:59:08.183] ShellThumbnail: Shell delivered 256×144 for PureTaboo_-_Leana_Lovings_-_The_List.mp4
[03:59:08.184] ShellThumbnail: Shell delivered 256×144 for Vampired_-_Octokuro_Finding_The_Dollhouse_prntrx.blogspot.com.mp4
[03:59:08.184] ShellThumbnail: Shell delivered 256×144 for wanna strip and get more comfortable.mp4
[03:59:08.185] ShellThumbnail: Shell delivered 256×144 for we each have one, girl.mp4
[03:59:08.186] ShellThumbnail: Shell delivered 256×144 for wrong room, right outcome.mp4
[03:59:08.186] ShellThumbnail: Shell delivered 256×144 for you don't seem to know your girlfriend....mp4
[03:59:08.187] ShellThumbnail: Shell delivered 256×144 for [BlackedRaw] Chloe Amour (Insatiable Chloe Ditches BF For A Night Of BBC _ 01.29.2024).mp4
[03:59:08.188] ShellThumbnail: Shell delivered 256×144 for [PornhubFans 720p] My Boyfriend Fucked my Ass for the First Time after he found out I Cheated, and he came inside!.mp4
[03:59:08.863] Playlist: jumping to index 2 (ipc=True)
[03:59:08.864] MpvIpcClient: wrote {"command":["playlist-play-index",2]}
[03:59:09.155] WS: playing file changed → 'are you thirsty from all that hard work.mp4' (dur=2082.1)
[03:59:09.167] ShellThumbnail: Shell delivered 256×144 for a date that's more than a date.mp4
[03:59:09.167] ShellThumbnail: Shell delivered 256×144 for Blair williams [pornmir, порно, new porn, hd 1080 blonde.mp4
[03:59:09.167] ShellThumbnail: Shell delivered 256×144 for Big Tit Temptress Alison Tyler Performs HOT AF Mesmerizing Titty Show.mp4
[03:59:09.167] ShellThumbnail: Shell delivered 256×144 for do you imagine fucking me.mp4
[03:59:09.173] ShellThumbnail: Shell delivered 256×144 for mommysgirl.26.01.24.lexi.luna.and.leana.lovings.fuckingsession.com.mp4
[03:59:09.175] ShellThumbnail: Shell delivered 256×144 for how would you rate your stamina.mp4
[03:59:09.177] ShellThumbnail: Shell delivered 256×144 for put some fire on the chocolate.mp4
[03:59:09.178] ShellThumbnail: Shell delivered 256×144 for the anime effect.mp4
[03:59:09.179] ShellThumbnail: Shell delivered 256×144 for investigating with your mouth, officer.mp4
[03:59:09.180] ShellThumbnail: Shell delivered 256×144 for just be open minded.mp4
[03:59:09.181] ShellThumbnail: Shell delivered 256×144 for her version of due diligence.mp4
[03:59:09.181] ShellThumbnail: Shell delivered 256×144 for Gabbie carter bz 3.mp4
[03:59:09.182] ShellThumbnail: Shell delivered 256×144 for Emma butt(порно.mp4
[03:59:09.183] ShellThumbnail: Shell delivered 256×144 for how to chop the morning wood.mp4
[03:59:09.184] ShellThumbnail: Shell delivered 256×144 for tackling every angle.mp4
[03:59:09.184] ShellThumbnail: Shell delivered 256×144 for thanks for helping making history.mp4
[03:59:09.185] ShellThumbnail: Shell delivered 256×144 for mommysgirl.26.01.31.little.puck.and.hailey.rose.fuckingsession.com.mp4
[03:59:09.185] ShellThumbnail: Shell delivered 256×144 for her tits are the golden ticket.mp4
[03:59:09.186] ShellThumbnail: Shell delivered 256×144 for PureTaboo_-_Leana_Lovings_The_Boy_Who_Cried_Step.mp4
[03:59:09.187] ShellThumbnail: Shell delivered 256×144 for so much good ass.mp4
[03:59:09.187] ShellThumbnail: Shell delivered 256×144 for vampired.25.09.19.octokuro.and.rheina.ohara.controlling.the.half.breed.fuckingsession.com.mp4
[03:59:09.188] ShellThumbnail: Shell delivered 256×144 for we each have one, girl.mp4
[03:59:09.189] ShellThumbnail: Shell delivered 256×144 for people to share time with.mp4
[03:59:09.189] ShellThumbnail: Shell delivered 256×144 for PureTaboo.23.06.27.Leana.Lovings.XXX.1080p.mp4
[03:59:09.190] ShellThumbnail: Shell delivered 256×144 for Vampired.26.02.06.Little.Puck.And.Veronica.Leal.Refuge.XXX.720p.mp4
[03:59:09.190] ShellThumbnail: Shell delivered 256×144 for wanna strip and get more comfortable.mp4
[03:59:09.196] ShellThumbnail: Shell delivered 256×144 for Gabbie carter (gabbiecartertv double d business woman means business).mp4
[03:59:09.196] ShellThumbnail: Shell delivered 256×144 for Elly clutch, zoey di giacomo truth or dare threesome .mp4
[03:59:09.197] ShellThumbnail: Shell delivered 256×144 for round enough to get behind.mp4
[03:59:09.197] ShellThumbnail: Shell delivered 256×144 for you don't seem to know your girlfriend....mp4
[03:59:09.198] ShellThumbnail: Shell delivered 256×144 for Stepsister secretly slipped under my blanket at night....mp4
[03:59:09.199] ShellThumbnail: Shell delivered 256×144 for [BlackedRaw] Chloe Amour (Insatiable Chloe Ditches BF For A Night Of BBC _ 01.29.2024).mp4
[03:59:09.200] ShellThumbnail: Shell delivered 256×144 for [PornhubFans 720p] My Boyfriend Fucked my Ass for the First Time after he found out I Cheated, and he came inside!.mp4
[03:59:10.455] Playlist: jumping to index 6 (ipc=True)
[03:59:10.456] MpvIpcClient: wrote {"command":["playlist-play-index",6]}
[03:59:11.163] WS: playing file changed → 'do you imagine fucking me.mp4' (dur=3584.5)
[03:59:11.168] ShellThumbnail: Shell delivered 256×144 for a date that's more than a date.mp4
[03:59:11.169] ShellThumbnail: Shell delivered 256×144 for Big Tit Temptress Alison Tyler Performs HOT AF Mesmerizing Titty Show.mp4
[03:59:11.169] ShellThumbnail: Shell delivered 256×144 for admiring the person from inside.mp4
[03:59:11.170] ShellThumbnail: Shell delivered 256×144 for are you thirsty from all that hard work.mp4
[03:59:11.170] ShellThumbnail: Shell delivered 256×144 for Blair williams [pornmir, порно, new porn, hd 1080 blonde.mp4
[03:59:11.171] ShellThumbnail: Shell delivered 256×144 for do you imagine fucking me.mp4
[03:59:11.172] ShellThumbnail: Shell delivered 256×144 for Curvy brunette fingering girl eavesdropping on mom part one.mp4
[03:59:11.172] ShellThumbnail: Shell delivered 256×144 for Elly clutch, zoey di giacomo truth or dare threesome .mp4
[03:59:11.173] ShellThumbnail: Shell delivered 256×144 for Emma butt(порно.mp4
[03:59:11.174] ShellThumbnail: Shell delivered 256×144 for Gabbie carter (gabbiecartertv double d business woman means business).mp4
[03:59:11.174] ShellThumbnail: Shell delivered 256×144 for Gabbie carter bz 3.mp4
[03:59:11.175] ShellThumbnail: Shell delivered 256×144 for her tits are the golden ticket.mp4
[03:59:11.176] ShellThumbnail: Shell delivered 256×144 for how to chop the morning wood.mp4
[03:59:11.176] ShellThumbnail: Shell delivered 256×144 for how would you rate your stamina.mp4
[03:59:11.177] ShellThumbnail: Shell delivered 256×144 for her version of due diligence.mp4
[03:59:11.178] ShellThumbnail: Shell delivered 256×144 for investigating with your mouth, officer.mp4
[03:59:11.179] ShellThumbnail: Shell delivered 256×144 for just be open minded.mp4
[03:59:11.179] ShellThumbnail: Shell delivered 256×144 for Mind If I Join (720).mp4
[03:59:11.180] ShellThumbnail: Shell delivered 256×144 for mommysgirl.26.01.24.lexi.luna.and.leana.lovings.fuckingsession.com.mp4
[03:59:11.181] ShellThumbnail: Shell delivered 256×144 for mommysgirl.26.01.31.little.puck.and.hailey.rose.fuckingsession.com.mp4
[03:59:11.183] ShellThumbnail: Shell delivered 256×144 for PureTaboo.23.06.27.Leana.Lovings.XXX.1080p.mp4
[03:59:11.185] ShellThumbnail: Shell delivered 256×144 for put some fire on the chocolate.mp4
[03:59:11.186] ShellThumbnail: Shell delivered 256×144 for round enough to get behind.mp4
[03:59:11.186] ShellThumbnail: Shell delivered 256×144 for so much good ass.mp4
[03:59:11.187] ShellThumbnail: Shell delivered 256×144 for Stepsister secretly slipped under my blanket at night....mp4
[03:59:11.188] ShellThumbnail: Shell delivered 256×144 for tackling every angle.mp4
[03:59:11.195] ShellThumbnail: Shell delivered 256×144 for wanna strip and get more comfortable.mp4
[03:59:11.216] ShellThumbnail: Shell delivered 256×144 for wrong room, right outcome.mp4
[03:59:11.217] ShellThumbnail: Shell delivered 256×144 for [BlackedRaw] Chloe Amour (Insatiable Chloe Ditches BF For A Night Of BBC _ 01.29.2024).mp4
[03:59:11.217] ShellThumbnail: Shell delivered 256×144 for you don't seem to know your girlfriend....mp4
[03:59:11.218] ShellThumbnail: Shell delivered 256×144 for [PornhubFans 720p] My Boyfriend Fucked my Ass for the First Time after he found out I Cheated, and he came inside!.mp4
[03:59:20.603] ThumbWorker: scanned 'do you imagine fucking me.mp4' → 466 new frames
[03:59:21.245] Session stopped — entering pre-warm hide
[03:59:22.494] MpvIpcClient disposed
[03:59:22.495] Window closed
[03:59:29.228] App starting
[03:59:29.236] Subtitle preference loaded: mode=default, lang=(none)
[03:59:29.674] Keyboard hook handle: 0x236F110B
[03:59:29.675] Mouse hook handle: 0x9F712A3
[03:59:29.678] OnLoadedCore start
[03:59:31.802] ChildHwnd = 0xD1270
[03:59:31.803] Calling AttachAsync
[03:59:31.813] AttachAsync succeeded
[03:59:31.813] Connecting IPC to pipe: pitflix-wid-388a2627ef4846ca8368e93df6452030
[03:59:31.842] MpvIpcClient connected to \\.\pipe\pitflix-wid-388a2627ef4846ca8368e93df6452030
[03:59:32.048] OnLoadedCore complete
[03:59:32.202] BuildFolderPlaylist: scanned 43 video file(s) in 'H:\R.G. Catalyst\Pro Evolution Soccer 2013'
[03:59:32.203] MpvIpcClient: wrote {"command":["playlist-clear"]}
[03:59:32.234] MpvIpcClient: wrote {"command":["playlist-move",0,10]}
[03:59:32.234] BuildFolderPlaylist: queued 43 files; current at idx 9 — prev/next now visible
[03:59:33.672] MpvIpcClient disposed
[03:59:33.672] Window closed
[03:59:33.773] BuildFolderPlaylist failed (non-fatal): A task was canceled.
[03:59:40.539] App starting
[03:59:40.545] Subtitle preference loaded: mode=default, lang=(none)
[03:59:40.977] Keyboard hook handle: 0x261F0985
[03:59:40.977] Mouse hook handle: 0x2118095B
[03:59:40.979] OnLoadedCore start
[03:59:43.101] ChildHwnd = 0xE1270
[03:59:43.101] Calling AttachAsync
[03:59:43.111] AttachAsync succeeded
[03:59:43.111] Connecting IPC to pipe: pitflix-wid-f7e11cae9a8f43d4ac5ec6eef282eea1
[03:59:43.139] MpvIpcClient connected to \\.\pipe\pitflix-wid-f7e11cae9a8f43d4ac5ec6eef282eea1
[03:59:43.339] OnLoadedCore complete
[03:59:43.498] BuildFolderPlaylist: scanned 29 video file(s) in 'H:\R.G. Catalyst\Pro Evolution Soccer 2013\New folder'
[03:59:43.498] MpvIpcClient: wrote {"command":["playlist-clear"]}
[03:59:43.502] MpvIpcClient: wrote {"command":["playlist-move",0,12]}
[03:59:43.502] BuildFolderPlaylist: queued 29 files; current at idx 11 — prev/next now visible
[03:59:45.395] WS: playing file changed → 'NEW SENSATIONS - Sad Teen Babysitter Finds Comfort With Big Dick Older Boss (Karlee Grey).mp4' (dur=2171.3)
[03:59:46.837] ShellThumbnail: Shell delivered 256×144 for Karlee Grey's Secret to Getting Ahead in Hollywood.mp4
[03:59:46.843] ShellThumbnail: Shell delivered 256×144 for NEW SENSATIONS - Sad Teen Babysitter Finds Comfort With Big Dick Older Boss (Karlee Grey).mp4
[03:59:46.883] ShellThumbnail: Shell delivered 256×144 for it would be you helping me, honey.mp4
[03:59:49.129] ShellThumbnail: Shell delivered 256×144 for ManyVids.25.03.28.Hailey.Rose.And.Jessica.Sodi.Two.Stunning.Babes.Show.Off.Their.Skills.In.All.Latina.3some.XXX.2160p.MP4-PXXBAY.mp4
[03:59:51.868] ShellThumbnail: Shell delivered 256×144 for MommysGirl_-_Alyx_Star_and_Queenie_Sateen_Time_To_Reconnect.mp4
[03:59:52.157] ShellThumbnail: Shell delivered 256×144 for my sweet boy likes mommy's ass.mp4
[03:59:52.342] ShellThumbnail: Shell delivered 256×144 for much better with friendly support.mp4
[03:59:52.344] ShellThumbnail: Shell delivered 256×144 for making-it-with-the-meter-maid-.mp4
[03:59:52.345] ShellThumbnail: Shell delivered 256×144 for Raylene and Liz Tyler - Passionate Lesbians - LatinaFever.mp4
[03:59:52.345] ShellThumbnail: Shell delivered 256×144 for NuruMassage.25.01.27.Kenzie.Taylor.Cubbi.Thompson.fuckingsession.com.mp4
[03:59:52.347] ShellThumbnail: Shell delivered 256×144 for SEXSELECTOR-ON THE REBOUND, ANGEL YOUNGS.mp4
[03:59:52.349] ShellThumbnail: Shell delivered 256×144 for Max_Fills_Hailey_Rose_Super_Hot_Couple_Swap_With_Francesca_Le_And_Mark_Wood_Manyvids.mp4
[03:59:52.349] ShellThumbnail: Shell delivered 256×144 for ManyVids.25.06.27.Hailey.Rose.And.Jewelz.Blu.Cum.Swapping.Like.Youve.Never.Seen.Before.XXX.2160p.MP4-P2P.mp4
[03:59:52.353] ShellThumbnail: Shell delivered 256×144 for it would be you helping me, honey.mp4
[03:59:52.357] ShellThumbnail: Shell delivered 256×144 for Karlee Grey's Secret to Getting Ahead in Hollywood.mp4
[03:59:52.362] ShellThumbnail: Shell delivered 256×144 for Keisha_Grey, Noelle_Easton, Johnny_Castle.mp4
[03:59:52.366] ShellThumbnail: Shell delivered 256×144 for Lesbian Best Friend Cheers Up Bride With Big Natural Tits.mp4
[03:59:52.388] ShellThumbnail: Shell delivered 256×144 for making-it-with-the-meter-maid-.mp4
[03:59:52.401] ShellThumbnail: Shell delivered 256×144 for ManyVids.25.03.28.Hailey.Rose.And.Jessica.Sodi.Two.Stunning.Babes.Show.Off.Their.Skills.In.All.Latina.3some.XXX.2160p.MP4-PXXBAY.mp4
[03:59:52.414] ShellThumbnail: Shell delivered 256×144 for ManyVids.25.06.27.Hailey.Rose.And.Jewelz.Blu.Cum.Swapping.Like.Youve.Never.Seen.Before.XXX.2160p.MP4-P2P.mp4
[03:59:52.422] ShellThumbnail: Shell delivered 256×144 for Slayed.25.07.29.Valentina.Nappi.And.Charlotte.Stokely.XXX.720p.mp4
[03:59:52.427] ShellThumbnail: Shell delivered 256×144 for Max_Fills_Hailey_Rose_Super_Hot_Couple_Swap_With_Francesca_Le_And_Mark_Wood_Manyvids.mp4
[03:59:52.433] ShellThumbnail: Shell delivered 256×144 for MommysGirl_-_Alyx_Star_and_Queenie_Sateen_Time_To_Reconnect.mp4
[03:59:52.450] ShellThumbnail: Shell delivered 256×144 for my sweet boy likes mommy's ass.mp4
[03:59:52.451] ShellThumbnail: Shell delivered 256×144 for much better with friendly support.mp4
[03:59:52.456] ShellThumbnail: Shell delivered 256×144 for NEW SENSATIONS - Sad Teen Babysitter Finds Comfort With Big Dick Older Boss (Karlee Grey).mp4
[03:59:52.473] ShellThumbnail: Shell delivered 256×144 for NuruMassage.25.01.27.Kenzie.Taylor.Cubbi.Thompson.fuckingsession.com.mp4
[03:59:52.487] ShellThumbnail: Shell delivered 256×144 for SEXSELECTOR-ON THE REBOUND, ANGEL YOUNGS.mp4
[03:59:52.498] ShellThumbnail: Shell delivered 256×144 for Slayed.25.07.29.Valentina.Nappi.And.Charlotte.Stokely.XXX.720p.mp4
[03:59:53.196] ShellThumbnail: Shell delivered 256×144 for Sisters hot best friend wants to sell me her used bed - Cami Strella.mp4
[03:59:53.198] ShellThumbnail: Shell delivered 256×144 for Stepmother asked him for a massage and he couldn't resist.mp4
[03:59:53.200] ShellThumbnail: Shell delivered 256×135 for some-me-time.mp4
[03:59:53.323] ShellThumbnail: Shell delivered 256×144 for The sober wife.mp4
[03:59:53.327] ShellThumbnail: Shell delivered 256×144 for Step Sis Helps Bro Take Dick Pic To Lose His Virginity.mp4
[03:59:53.327] ShellThumbnail: Shell delivered 256×144 for Step Bro Helps Sis With Her Photoshoot.mp4
[03:59:53.328] ShellThumbnail: Shell delivered 256×144 for Step Mom Gets Caught Gawking At Son's Morning Wood while FaceTiming Step Aunt.mp4
[03:59:53.329] ShellThumbnail: Shell delivered 256×144 for Step Mom Catches You Jerking Off To Step Sister On Web Cam.mp4
[03:59:55.427] ShellThumbnail: Shell delivered 256×144 for Teenagers who make you cheat.mp4
[03:59:55.682] ShellThumbnail: Shell delivered 256×144 for you've been very very good.mp4
[03:59:56.250] ShellThumbnail: Shell delivered 256×144 for Virgin Step Sister Wants To Learn How To Fuck.mp4
[03:59:56.333] ShellThumbnail: Shell delivered 256×144 for Sisters hot best friend wants to sell me her used bed - Cami Strella.mp4
[03:59:56.334] ShellThumbnail: Shell delivered 256×144 for walk more on your age alley.mp4
[03:59:56.335] ShellThumbnail: Shell delivered 256×144 for The sober wife.mp4
[03:59:56.335] ShellThumbnail: Shell delivered 256×144 for you think you'll have enough.mp4
[03:59:56.337] ShellThumbnail: Shell delivered 256×144 for Step Bro Helps Sis With Her Photoshoot.mp4
[03:59:56.337] ShellThumbnail: Shell delivered 256×144 for Step Mom Catches You Jerking Off To Step Sister On Web Cam.mp4
[03:59:56.420] ShellThumbnail: Shell delivered 256×135 for some-me-time.mp4
[03:59:59.127] ShellThumbnail: Shell delivered 256×144 for Step Sis Helps Bro Take Dick Pic To Lose His Virginity.mp4
[03:59:59.134] ShellThumbnail: Shell delivered 256×144 for Step Mom Gets Caught Gawking At Son's Morning Wood while FaceTiming Step Aunt.mp4
[03:59:59.136] ShellThumbnail: Shell delivered 256×144 for walk more on your age alley.mp4
[03:59:59.137] ShellThumbnail: Shell delivered 256×144 for Stepmother asked him for a massage and he couldn't resist.mp4
[03:59:59.139] ShellThumbnail: Shell delivered 256×144 for you've been very very good.mp4
[03:59:59.140] ShellThumbnail: Shell delivered 256×144 for you think you'll have enough.mp4
[03:59:59.141] ShellThumbnail: Shell delivered 256×144 for Teenagers who make you cheat.mp4
[03:59:59.259] ThumbWorker: scanned 'NEW SENSATIONS - Sad Teen Babysitter Finds Comfort With Big Dick Older Boss (Karlee Grey).mp4' → 435 new frames
[03:59:59.334] ShellThumbnail: Shell delivered 256×144 for Virgin Step Sister Wants To Learn How To Fuck.mp4
[04:00:08.535] Playlist: jumping to index 4 (ipc=True)
[04:00:08.536] MpvIpcClient: wrote {"command":["playlist-play-index",4]}
[04:00:09.568] WS: playing file changed → 'making-it-with-the-meter-maid-.mp4' (dur=2908.1)
[04:00:09.589] ShellThumbnail: Shell delivered 256×144 for it would be you helping me, honey.mp4
[04:00:09.590] ShellThumbnail: Shell delivered 256×144 for making-it-with-the-meter-maid-.mp4
[04:00:09.590] ShellThumbnail: Shell delivered 256×144 for much better with friendly support.mp4
[04:00:09.591] ShellThumbnail: Shell delivered 256×144 for ManyVids.25.06.27.Hailey.Rose.And.Jewelz.Blu.Cum.Swapping.Like.Youve.Never.Seen.Before.XXX.2160p.MP4-P2P.mp4
[04:00:09.593] ShellThumbnail: Shell delivered 256×144 for Karlee Grey's Secret to Getting Ahead in Hollywood.mp4
[04:00:09.593] ShellThumbnail: Shell delivered 256×144 for my sweet boy likes mommy's ass.mp4
[04:00:09.593] ShellThumbnail: Shell delivered 256×144 for MommysGirl_-_Alyx_Star_and_Queenie_Sateen_Time_To_Reconnect.mp4
[04:00:09.594] ShellThumbnail: Shell delivered 256×144 for Lesbian Best Friend Cheers Up Bride With Big Natural Tits.mp4
[04:00:09.595] ShellThumbnail: Shell delivered 256×144 for Max_Fills_Hailey_Rose_Super_Hot_Couple_Swap_With_Francesca_Le_And_Mark_Wood_Manyvids.mp4
[04:00:09.596] ShellThumbnail: Shell delivered 256×144 for ManyVids.25.03.28.Hailey.Rose.And.Jessica.Sodi.Two.Stunning.Babes.Show.Off.Their.Skills.In.All.Latina.3some.XXX.2160p.MP4-PXXBAY.mp4
[04:00:09.603] ShellThumbnail: Shell delivered 256×144 for NuruMassage.25.01.27.Kenzie.Taylor.Cubbi.Thompson.fuckingsession.com.mp4
[04:00:09.603] ShellThumbnail: Shell delivered 256×144 for SEXSELECTOR-ON THE REBOUND, ANGEL YOUNGS.mp4
[04:00:09.604] ShellThumbnail: Shell delivered 256×144 for Keisha_Grey, Noelle_Easton, Johnny_Castle.mp4
[04:00:09.630] ShellThumbnail: Shell delivered 256×144 for Step Mom Gets Caught Gawking At Son's Morning Wood while FaceTiming Step Aunt.mp4
[04:00:09.630] ShellThumbnail: Shell delivered 256×144 for Sisters hot best friend wants to sell me her used bed - Cami Strella.mp4
[04:00:09.631] ShellThumbnail: Shell delivered 256×144 for Step Bro Helps Sis With Her Photoshoot.mp4
[04:00:09.632] ShellThumbnail: Shell delivered 256×135 for some-me-time.mp4
[04:00:09.633] ShellThumbnail: Shell delivered 256×144 for Step Sis Helps Bro Take Dick Pic To Lose His Virginity.mp4
[04:00:09.633] ShellThumbnail: Shell delivered 256×144 for Teenagers who make you cheat.mp4
[04:00:09.633] ShellThumbnail: Shell delivered 256×144 for Stepmother asked him for a massage and he couldn't resist.mp4
[04:00:09.637] ShellThumbnail: Shell delivered 256×144 for you think you'll have enough.mp4
[04:00:09.967] Playlist: jumping to index 1 (ipc=True)
[04:00:09.967] MpvIpcClient: wrote {"command":["playlist-play-index",1]}
[04:00:10.575] WS: playing file changed → 'Karlee Grey's Secret to Getting Ahead in Hollywood.mp4' (dur=2055.1)
[04:00:10.581] ShellThumbnail: Shell delivered 256×144 for it would be you helping me, honey.mp4
[04:00:10.581] ShellThumbnail: Shell delivered 256×144 for Karlee Grey's Secret to Getting Ahead in Hollywood.mp4
[04:00:10.582] ShellThumbnail: Shell delivered 256×144 for Lesbian Best Friend Cheers Up Bride With Big Natural Tits.mp4
[04:00:10.583] ShellThumbnail: Shell delivered 256×144 for making-it-with-the-meter-maid-.mp4
[04:00:10.584] ShellThumbnail: Shell delivered 256×144 for Keisha_Grey, Noelle_Easton, Johnny_Castle.mp4
[04:00:10.585] ShellThumbnail: Shell delivered 256×144 for ManyVids.25.03.28.Hailey.Rose.And.Jessica.Sodi.Two.Stunning.Babes.Show.Off.Their.Skills.In.All.Latina.3some.XXX.2160p.MP4-PXXBAY.mp4
[04:00:10.586] ShellThumbnail: Shell delivered 256×144 for ManyVids.25.06.27.Hailey.Rose.And.Jewelz.Blu.Cum.Swapping.Like.Youve.Never.Seen.Before.XXX.2160p.MP4-P2P.mp4
[04:00:10.587] ShellThumbnail: Shell delivered 256×144 for MommysGirl_-_Alyx_Star_and_Queenie_Sateen_Time_To_Reconnect.mp4
[04:00:10.588] ShellThumbnail: Shell delivered 256×144 for Max_Fills_Hailey_Rose_Super_Hot_Couple_Swap_With_Francesca_Le_And_Mark_Wood_Manyvids.mp4
[04:00:10.588] ShellThumbnail: Shell delivered 256×144 for my sweet boy likes mommy's ass.mp4
[04:00:10.595] ShellThumbnail: Shell delivered 256×144 for SEXSELECTOR-ON THE REBOUND, ANGEL YOUNGS.mp4
[04:00:10.595] ShellThumbnail: Shell delivered 256×144 for Sisters hot best friend wants to sell me her used bed - Cami Strella.mp4
[04:00:10.595] ShellThumbnail: Shell delivered 256×144 for NEW SENSATIONS - Sad Teen Babysitter Finds Comfort With Big Dick Older Boss (Karlee Grey).mp4
[04:00:10.596] ShellThumbnail: Shell delivered 256×144 for The sober wife.mp4
[04:00:10.597] ShellThumbnail: Shell delivered 256×144 for Step Mom Catches You Jerking Off To Step Sister On Web Cam.mp4
[04:00:10.597] ShellThumbnail: Shell delivered 256×144 for Stepmother asked him for a massage and he couldn't resist.mp4
[04:00:10.597] ShellThumbnail: Shell delivered 256×144 for Step Sis Helps Bro Take Dick Pic To Lose His Virginity.mp4
[04:00:10.598] ShellThumbnail: Shell delivered 256×144 for Teenagers who make you cheat.mp4
[04:00:10.599] ShellThumbnail: Shell delivered 256×144 for Virgin Step Sister Wants To Learn How To Fuck.mp4
[04:00:10.599] ShellThumbnail: Shell delivered 256×144 for walk more on your age alley.mp4
[04:00:10.600] ShellThumbnail: Shell delivered 256×144 for you think you'll have enough.mp4
[04:00:10.601] ShellThumbnail: Shell delivered 256×144 for you've been very very good.mp4
[04:00:10.632] Playlist: jumping to index 2 (ipc=True)
[04:00:10.632] MpvIpcClient: wrote {"command":["playlist-play-index",2]}
[04:00:11.168] Playlist: jumping to index 3 (ipc=True)
[04:00:11.169] MpvIpcClient: wrote {"command":["playlist-play-index",3]}
[04:00:11.582] WS: playing file changed → 'Lesbian Best Friend Cheers Up Bride With Big Natural Tits.mp4' (dur=2055.1)
[04:00:11.588] ShellThumbnail: Shell delivered 256×144 for it would be you helping me, honey.mp4
[04:00:11.589] ShellThumbnail: Shell delivered 256×144 for Lesbian Best Friend Cheers Up Bride With Big Natural Tits.mp4
[04:00:11.590] ShellThumbnail: Shell delivered 256×144 for Karlee Grey's Secret to Getting Ahead in Hollywood.mp4
[04:00:11.591] ShellThumbnail: Shell delivered 256×144 for Keisha_Grey, Noelle_Easton, Johnny_Castle.mp4
[04:00:11.592] ShellThumbnail: Shell delivered 256×144 for ManyVids.25.03.28.Hailey.Rose.And.Jessica.Sodi.Two.Stunning.Babes.Show.Off.Their.Skills.In.All.Latina.3some.XXX.2160p.MP4-PXXBAY.mp4
[04:00:11.593] ShellThumbnail: Shell delivered 256×144 for making-it-with-the-meter-maid-.mp4
[04:00:11.595] ShellThumbnail: Shell delivered 256×144 for Max_Fills_Hailey_Rose_Super_Hot_Couple_Swap_With_Francesca_Le_And_Mark_Wood_Manyvids.mp4
[04:00:11.595] ShellThumbnail: Shell delivered 256×144 for ManyVids.25.06.27.Hailey.Rose.And.Jewelz.Blu.Cum.Swapping.Like.Youve.Never.Seen.Before.XXX.2160p.MP4-P2P.mp4
[04:00:11.596] ShellThumbnail: Shell delivered 256×144 for MommysGirl_-_Alyx_Star_and_Queenie_Sateen_Time_To_Reconnect.mp4
[04:00:11.597] ShellThumbnail: Shell delivered 256×144 for my sweet boy likes mommy's ass.mp4
[04:00:11.598] ShellThumbnail: Shell delivered 256×144 for Step Sis Helps Bro Take Dick Pic To Lose His Virginity.mp4
[04:00:11.599] ShellThumbnail: Shell delivered 256×144 for NuruMassage.25.01.27.Kenzie.Taylor.Cubbi.Thompson.fuckingsession.com.mp4
[04:00:11.600] ShellThumbnail: Shell delivered 256×144 for Raylene and Liz Tyler - Passionate Lesbians - LatinaFever.mp4
[04:00:11.600] ShellThumbnail: Shell delivered 256×144 for NEW SENSATIONS - Sad Teen Babysitter Finds Comfort With Big Dick Older Boss (Karlee Grey).mp4
[04:00:11.601] ShellThumbnail: Shell delivered 256×144 for much better with friendly support.mp4
[04:00:11.602] ShellThumbnail: Shell delivered 256×144 for Slayed.25.07.29.Valentina.Nappi.And.Charlotte.Stokely.XXX.720p.mp4
[04:00:11.603] ShellThumbnail: Shell delivered 256×144 for Sisters hot best friend wants to sell me her used bed - Cami Strella.mp4
[04:00:11.604] ShellThumbnail: Shell delivered 256×144 for SEXSELECTOR-ON THE REBOUND, ANGEL YOUNGS.mp4
[04:00:11.606] ShellThumbnail: Shell delivered 256×144 for Step Mom Gets Caught Gawking At Son's Morning Wood while FaceTiming Step Aunt.mp4
[04:00:11.607] ShellThumbnail: Shell delivered 256×144 for Stepmother asked him for a massage and he couldn't resist.mp4
[04:00:11.607] ShellThumbnail: Shell delivered 256×144 for you've been very very good.mp4
[04:00:11.607] ShellThumbnail: Shell delivered 256×144 for The sober wife.mp4
[04:00:11.608] ShellThumbnail: Shell delivered 256×144 for you think you'll have enough.mp4
[04:00:11.609] ShellThumbnail: Shell delivered 256×144 for Step Bro Helps Sis With Her Photoshoot.mp4
[04:00:11.610] ShellThumbnail: Shell delivered 256×144 for Teenagers who make you cheat.mp4
[04:00:11.611] ShellThumbnail: Shell delivered 256×144 for walk more on your age alley.mp4
[04:00:11.612] ShellThumbnail: Shell delivered 256×144 for Virgin Step Sister Wants To Learn How To Fuck.mp4
[04:00:11.613] ShellThumbnail: Shell delivered 256×144 for Step Mom Catches You Jerking Off To Step Sister On Web Cam.mp4
[04:00:11.614] ShellThumbnail: Shell delivered 256×135 for some-me-time.mp4
[04:00:11.825] Playlist: jumping to index 4 (ipc=True)
[04:00:11.826] MpvIpcClient: wrote {"command":["playlist-play-index",4]}
[04:00:12.591] WS: playing file changed → 'making-it-with-the-meter-maid-.mp4' (dur=2908.1)
[04:00:12.597] ShellThumbnail: Shell delivered 256×144 for Karlee Grey's Secret to Getting Ahead in Hollywood.mp4
[04:00:12.597] ShellThumbnail: Shell delivered 256×144 for making-it-with-the-meter-maid-.mp4
[04:00:12.598] ShellThumbnail: Shell delivered 256×144 for it would be you helping me, honey.mp4
[04:00:12.599] ShellThumbnail: Shell delivered 256×144 for Lesbian Best Friend Cheers Up Bride With Big Natural Tits.mp4
[04:00:12.600] ShellThumbnail: Shell delivered 256×144 for ManyVids.25.03.28.Hailey.Rose.And.Jessica.Sodi.Two.Stunning.Babes.Show.Off.Their.Skills.In.All.Latina.3some.XXX.2160p.MP4-PXXBAY.mp4
[04:00:12.607] ShellThumbnail: Shell delivered 256×144 for much better with friendly support.mp4
[04:00:12.607] ShellThumbnail: Shell delivered 256×144 for ManyVids.25.06.27.Hailey.Rose.And.Jewelz.Blu.Cum.Swapping.Like.Youve.Never.Seen.Before.XXX.2160p.MP4-P2P.mp4
[04:00:12.607] ShellThumbnail: Shell delivered 256×144 for NuruMassage.25.01.27.Kenzie.Taylor.Cubbi.Thompson.fuckingsession.com.mp4
[04:00:12.607] ShellThumbnail: Shell delivered 256×144 for MommysGirl_-_Alyx_Star_and_Queenie_Sateen_Time_To_Reconnect.mp4
[04:00:12.607] ShellThumbnail: Shell delivered 256×144 for Raylene and Liz Tyler - Passionate Lesbians - LatinaFever.mp4
[04:00:12.609] ShellThumbnail: Shell delivered 256×144 for Step Sis Helps Bro Take Dick Pic To Lose His Virginity.mp4
[04:00:12.610] ShellThumbnail: Shell delivered 256×144 for Max_Fills_Hailey_Rose_Super_Hot_Couple_Swap_With_Francesca_Le_And_Mark_Wood_Manyvids.mp4
[04:00:12.610] ShellThumbnail: Shell delivered 256×144 for Step Mom Gets Caught Gawking At Son's Morning Wood while FaceTiming Step Aunt.mp4
[04:00:12.611] ShellThumbnail: Shell delivered 256×144 for Teenagers who make you cheat.mp4
[04:00:12.611] ShellThumbnail: Shell delivered 256×135 for some-me-time.mp4
[04:00:12.612] ShellThumbnail: Shell delivered 256×144 for Sisters hot best friend wants to sell me her used bed - Cami Strella.mp4
[04:00:12.612] ShellThumbnail: Shell delivered 256×144 for Stepmother asked him for a massage and he couldn't resist.mp4
[04:00:12.613] ShellThumbnail: Shell delivered 256×144 for walk more on your age alley.mp4
[04:00:12.613] ShellThumbnail: Shell delivered 256×144 for Virgin Step Sister Wants To Learn How To Fuck.mp4
[04:00:12.614] ShellThumbnail: Shell delivered 256×144 for Step Mom Catches You Jerking Off To Step Sister On Web Cam.mp4
[04:00:12.615] ShellThumbnail: Shell delivered 256×144 for The sober wife.mp4
[04:00:12.615] ShellThumbnail: Shell delivered 256×144 for you've been very very good.mp4
[04:00:12.616] ShellThumbnail: Shell delivered 256×144 for you think you'll have enough.mp4
[04:00:13.808] Playlist: jumping to index 11 (ipc=True)
[04:00:13.809] MpvIpcClient: wrote {"command":["playlist-play-index",11]}
[04:00:14.608] WS: playing file changed → 'NEW SENSATIONS - Sad Teen Babysitter Finds Comfort With Big Dick Older Boss (Karlee Grey).mp4' (dur=2171.3)
[04:00:14.614] ShellThumbnail: Shell delivered 256×144 for Karlee Grey's Secret to Getting Ahead in Hollywood.mp4
[04:00:14.615] ShellThumbnail: Shell delivered 256×144 for Keisha_Grey, Noelle_Easton, Johnny_Castle.mp4
[04:00:14.616] ShellThumbnail: Shell delivered 256×144 for making-it-with-the-meter-maid-.mp4
[04:00:14.618] ShellThumbnail: Shell delivered 256×144 for it would be you helping me, honey.mp4
[04:00:14.619] ShellThumbnail: Shell delivered 256×144 for Lesbian Best Friend Cheers Up Bride With Big Natural Tits.mp4
[04:00:14.620] ShellThumbnail: Shell delivered 256×144 for ManyVids.25.06.27.Hailey.Rose.And.Jewelz.Blu.Cum.Swapping.Like.Youve.Never.Seen.Before.XXX.2160p.MP4-P2P.mp4
[04:00:14.621] ShellThumbnail: Shell delivered 256×144 for MommysGirl_-_Alyx_Star_and_Queenie_Sateen_Time_To_Reconnect.mp4
[04:00:14.622] ShellThumbnail: Shell delivered 256×144 for ManyVids.25.03.28.Hailey.Rose.And.Jessica.Sodi.Two.Stunning.Babes.Show.Off.Their.Skills.In.All.Latina.3some.XXX.2160p.MP4-PXXBAY.mp4
[04:00:14.623] ShellThumbnail: Shell delivered 256×144 for NuruMassage.25.01.27.Kenzie.Taylor.Cubbi.Thompson.fuckingsession.com.mp4
[04:00:14.624] ShellThumbnail: Shell delivered 256×144 for NEW SENSATIONS - Sad Teen Babysitter Finds Comfort With Big Dick Older Boss (Karlee Grey).mp4
[04:00:14.625] ShellThumbnail: Shell delivered 256×144 for my sweet boy likes mommy's ass.mp4
[04:00:14.625] ShellThumbnail: Shell delivered 256×135 for some-me-time.mp4
[04:00:14.626] ShellThumbnail: Shell delivered 256×144 for Sisters hot best friend wants to sell me her used bed - Cami Strella.mp4
[04:00:14.626] ShellThumbnail: Shell delivered 256×144 for Raylene and Liz Tyler - Passionate Lesbians - LatinaFever.mp4
[04:00:14.627] ShellThumbnail: Shell delivered 256×144 for Step Bro Helps Sis With Her Photoshoot.mp4
[04:00:14.628] ShellThumbnail: Shell delivered 256×144 for Slayed.25.07.29.Valentina.Nappi.And.Charlotte.Stokely.XXX.720p.mp4
[04:00:14.628] ShellThumbnail: Shell delivered 256×144 for Max_Fills_Hailey_Rose_Super_Hot_Couple_Swap_With_Francesca_Le_And_Mark_Wood_Manyvids.mp4
[04:00:14.629] ShellThumbnail: Shell delivered 256×144 for much better with friendly support.mp4
[04:00:14.630] ShellThumbnail: Shell delivered 256×144 for SEXSELECTOR-ON THE REBOUND, ANGEL YOUNGS.mp4
[04:00:14.631] ShellThumbnail: Shell delivered 256×144 for Step Mom Gets Caught Gawking At Son's Morning Wood while FaceTiming Step Aunt.mp4
[04:00:14.631] ShellThumbnail: Shell delivered 256×144 for Stepmother asked him for a massage and he couldn't resist.mp4
[04:00:14.632] ShellThumbnail: Shell delivered 256×144 for The sober wife.mp4
[04:00:14.633] ShellThumbnail: Shell delivered 256×144 for you've been very very good.mp4
[04:00:14.633] ShellThumbnail: Shell delivered 256×144 for Virgin Step Sister Wants To Learn How To Fuck.mp4
[04:00:14.634] ShellThumbnail: Shell delivered 256×144 for Step Sis Helps Bro Take Dick Pic To Lose His Virginity.mp4
[04:00:14.635] ShellThumbnail: Shell delivered 256×144 for Teenagers who make you cheat.mp4
[04:00:14.635] ShellThumbnail: Shell delivered 256×144 for Step Mom Catches You Jerking Off To Step Sister On Web Cam.mp4
[04:00:14.636] ShellThumbnail: Shell delivered 256×144 for you think you'll have enough.mp4
[04:00:14.637] ShellThumbnail: Shell delivered 256×144 for walk more on your age alley.mp4
[04:00:16.273] Playlist: jumping to index 14 (ipc=True)
[04:00:16.274] MpvIpcClient: wrote {"command":["playlist-play-index",14]}
[04:00:16.622] WS: playing file changed → 'SEXSELECTOR-ON THE REBOUND, ANGEL YOUNGS.mp4' (dur=2171.3)
[04:00:16.630] ShellThumbnail: Shell delivered 256×144 for Karlee Grey's Secret to Getting Ahead in Hollywood.mp4
[04:00:16.631] ShellThumbnail: Shell delivered 256×144 for Keisha_Grey, Noelle_Easton, Johnny_Castle.mp4
[04:00:16.633] ShellThumbnail: Shell delivered 256×144 for it would be you helping me, honey.mp4
[04:00:16.634] ShellThumbnail: Shell delivered 256×144 for making-it-with-the-meter-maid-.mp4
[04:00:16.635] ShellThumbnail: Shell delivered 256×144 for Lesbian Best Friend Cheers Up Bride With Big Natural Tits.mp4
[04:00:16.635] ShellThumbnail: Shell delivered 256×144 for ManyVids.25.03.28.Hailey.Rose.And.Jessica.Sodi.Two.Stunning.Babes.Show.Off.Their.Skills.In.All.Latina.3some.XXX.2160p.MP4-PXXBAY.mp4
[04:00:16.637] ShellThumbnail: Shell delivered 256×144 for ManyVids.25.06.27.Hailey.Rose.And.Jewelz.Blu.Cum.Swapping.Like.Youve.Never.Seen.Before.XXX.2160p.MP4-P2P.mp4
[04:00:16.637] ShellThumbnail: Shell delivered 256×144 for MommysGirl_-_Alyx_Star_and_Queenie_Sateen_Time_To_Reconnect.mp4
[04:00:16.638] ShellThumbnail: Shell delivered 256×144 for much better with friendly support.mp4
[04:00:16.638] ShellThumbnail: Shell delivered 256×144 for my sweet boy likes mommy's ass.mp4
[04:00:16.639] ShellThumbnail: Shell delivered 256×144 for NEW SENSATIONS - Sad Teen Babysitter Finds Comfort With Big Dick Older Boss (Karlee Grey).mp4
[04:00:16.640] ShellThumbnail: Shell delivered 256×144 for NuruMassage.25.01.27.Kenzie.Taylor.Cubbi.Thompson.fuckingsession.com.mp4
[04:00:16.641] ShellThumbnail: Shell delivered 256×144 for Sisters hot best friend wants to sell me her used bed - Cami Strella.mp4
[04:00:16.642] ShellThumbnail: Shell delivered 256×144 for Raylene and Liz Tyler - Passionate Lesbians - LatinaFever.mp4
[04:00:16.642] ShellThumbnail: Shell delivered 256×135 for some-me-time.mp4
[04:00:16.643] ShellThumbnail: Shell delivered 256×144 for Step Bro Helps Sis With Her Photoshoot.mp4
[04:00:16.643] ShellThumbnail: Shell delivered 256×144 for SEXSELECTOR-ON THE REBOUND, ANGEL YOUNGS.mp4
[04:00:16.644] ShellThumbnail: Shell delivered 256×144 for Step Mom Gets Caught Gawking At Son's Morning Wood while FaceTiming Step Aunt.mp4
[04:00:16.645] ShellThumbnail: Shell delivered 256×144 for Step Mom Catches You Jerking Off To Step Sister On Web Cam.mp4
[04:00:16.645] ShellThumbnail: Shell delivered 256×144 for Max_Fills_Hailey_Rose_Super_Hot_Couple_Swap_With_Francesca_Le_And_Mark_Wood_Manyvids.mp4
[04:00:16.646] ShellThumbnail: Shell delivered 256×144 for Stepmother asked him for a massage and he couldn't resist.mp4
[04:00:16.647] ShellThumbnail: Shell delivered 256×144 for The sober wife.mp4
[04:00:16.648] ShellThumbnail: Shell delivered 256×144 for Slayed.25.07.29.Valentina.Nappi.And.Charlotte.Stokely.XXX.720p.mp4
[04:00:16.649] ShellThumbnail: Shell delivered 256×144 for Virgin Step Sister Wants To Learn How To Fuck.mp4
[04:00:16.649] ShellThumbnail: Shell delivered 256×144 for walk more on your age alley.mp4
[04:00:16.650] ShellThumbnail: Shell delivered 256×144 for Step Sis Helps Bro Take Dick Pic To Lose His Virginity.mp4
[04:00:16.651] ShellThumbnail: Shell delivered 256×144 for Teenagers who make you cheat.mp4
[04:00:16.656] ShellThumbnail: Shell delivered 256×144 for you think you'll have enough.mp4
[04:00:16.656] ShellThumbnail: Shell delivered 256×144 for you've been very very good.mp4
[04:00:16.673] ThumbWorker: scan of 'making-it-with-the-meter-maid-.mp4' aborted (navigated away)
[04:00:18.538] Playlist: jumping to index 15 (ipc=True)
[04:00:18.539] MpvIpcClient: wrote {"command":["playlist-play-index",15]}
[04:00:19.638] WS: playing file changed → 'Sisters hot best friend wants to sell me her used bed - Cami Strella.mp4' (dur=868.9)
[04:00:19.645] ShellThumbnail: Shell delivered 256×144 for Karlee Grey's Secret to Getting Ahead in Hollywood.mp4
[04:00:19.646] ShellThumbnail: Shell delivered 256×144 for Lesbian Best Friend Cheers Up Bride With Big Natural Tits.mp4
[04:00:19.647] ShellThumbnail: Shell delivered 256×144 for Keisha_Grey, Noelle_Easton, Johnny_Castle.mp4
[04:00:19.648] ShellThumbnail: Shell delivered 256×144 for Max_Fills_Hailey_Rose_Super_Hot_Couple_Swap_With_Francesca_Le_And_Mark_Wood_Manyvids.mp4
[04:00:19.649] ShellThumbnail: Shell delivered 256×144 for ManyVids.25.06.27.Hailey.Rose.And.Jewelz.Blu.Cum.Swapping.Like.Youve.Never.Seen.Before.XXX.2160p.MP4-P2P.mp4
[04:00:19.649] ShellThumbnail: Shell delivered 256×144 for making-it-with-the-meter-maid-.mp4
[04:00:19.650] ShellThumbnail: Shell delivered 256×144 for ManyVids.25.03.28.Hailey.Rose.And.Jessica.Sodi.Two.Stunning.Babes.Show.Off.Their.Skills.In.All.Latina.3some.XXX.2160p.MP4-PXXBAY.mp4
[04:00:19.651] ShellThumbnail: Shell delivered 256×144 for MommysGirl_-_Alyx_Star_and_Queenie_Sateen_Time_To_Reconnect.mp4
[04:00:19.652] ShellThumbnail: Shell delivered 256×144 for it would be you helping me, honey.mp4
[04:00:19.653] ShellThumbnail: Shell delivered 256×144 for my sweet boy likes mommy's ass.mp4
[04:00:19.659] ShellThumbnail: Shell delivered 256×144 for NEW SENSATIONS - Sad Teen Babysitter Finds Comfort With Big Dick Older Boss (Karlee Grey).mp4
[04:00:19.660] ShellThumbnail: Shell delivered 256×144 for Stepmother asked him for a massage and he couldn't resist.mp4
[04:00:19.660] ShellThumbnail: Shell delivered 256×144 for Sisters hot best friend wants to sell me her used bed - Cami Strella.mp4
[04:00:19.660] ShellThumbnail: Shell delivered 256×144 for The sober wife.mp4
[04:00:19.660] ShellThumbnail: Shell delivered 256×144 for SEXSELECTOR-ON THE REBOUND, ANGEL YOUNGS.mp4
[04:00:19.660] ShellThumbnail: Shell delivered 256×144 for Raylene and Liz Tyler - Passionate Lesbians - LatinaFever.mp4
[04:00:19.660] ShellThumbnail: Shell delivered 256×144 for Virgin Step Sister Wants To Learn How To Fuck.mp4
[04:00:19.661] ShellThumbnail: Shell delivered 256×144 for Step Mom Gets Caught Gawking At Son's Morning Wood while FaceTiming Step Aunt.mp4
[04:00:19.661] ShellThumbnail: Shell delivered 256×144 for you've been very very good.mp4
[04:00:19.662] ShellThumbnail: Shell delivered 256×144 for you think you'll have enough.mp4
[04:00:19.663] ShellThumbnail: Shell delivered 256×144 for Step Sis Helps Bro Take Dick Pic To Lose His Virginity.mp4
[04:00:19.663] ShellThumbnail: Shell delivered 256×144 for walk more on your age alley.mp4
[04:00:19.664] ShellThumbnail: Shell delivered 256×144 for much better with friendly support.mp4
[04:00:19.665] ShellThumbnail: Shell delivered 256×144 for Teenagers who make you cheat.mp4
[04:00:19.665] ShellThumbnail: Shell delivered 256×144 for NuruMassage.25.01.27.Kenzie.Taylor.Cubbi.Thompson.fuckingsession.com.mp4
[04:00:20.949] Playlist: jumping to index 16 (ipc=True)
[04:00:20.949] MpvIpcClient: wrote {"command":["playlist-play-index",16]}
[04:00:21.652] WS: playing file changed → 'Slayed.25.07.29.Valentina.Nappi.And.Charlotte.Stokely.XXX.720p.mp4' (dur=2619.2)
[04:00:21.658] ShellThumbnail: Shell delivered 256×144 for Karlee Grey's Secret to Getting Ahead in Hollywood.mp4
[04:00:21.658] ShellThumbnail: Shell delivered 256×144 for Lesbian Best Friend Cheers Up Bride With Big Natural Tits.mp4
[04:00:21.658] ShellThumbnail: Shell delivered 256×144 for Keisha_Grey, Noelle_Easton, Johnny_Castle.mp4
[04:00:21.659] ShellThumbnail: Shell delivered 256×144 for MommysGirl_-_Alyx_Star_and_Queenie_Sateen_Time_To_Reconnect.mp4
[04:00:21.660] ShellThumbnail: Shell delivered 256×144 for much better with friendly support.mp4
[04:00:21.661] ShellThumbnail: Shell delivered 256×144 for making-it-with-the-meter-maid-.mp4
[04:00:21.661] ShellThumbnail: Shell delivered 256×144 for it would be you helping me, honey.mp4
[04:00:21.662] ShellThumbnail: Shell delivered 256×144 for ManyVids.25.03.28.Hailey.Rose.And.Jessica.Sodi.Two.Stunning.Babes.Show.Off.Their.Skills.In.All.Latina.3some.XXX.2160p.MP4-PXXBAY.mp4
[04:00:21.663] ShellThumbnail: Shell delivered 256×144 for Max_Fills_Hailey_Rose_Super_Hot_Couple_Swap_With_Francesca_Le_And_Mark_Wood_Manyvids.mp4
[04:00:21.663] ShellThumbnail: Shell delivered 256×144 for ManyVids.25.06.27.Hailey.Rose.And.Jewelz.Blu.Cum.Swapping.Like.Youve.Never.Seen.Before.XXX.2160p.MP4-P2P.mp4
[04:00:21.671] ShellThumbnail: Shell delivered 256×144 for NEW SENSATIONS - Sad Teen Babysitter Finds Comfort With Big Dick Older Boss (Karlee Grey).mp4
[04:00:21.671] ShellThumbnail: Shell delivered 256×144 for Step Bro Helps Sis With Her Photoshoot.mp4
[04:00:21.671] ShellThumbnail: Shell delivered 256×144 for my sweet boy likes mommy's ass.mp4
[04:00:21.671] ShellThumbnail: Shell delivered 256×144 for Step Sis Helps Bro Take Dick Pic To Lose His Virginity.mp4
[04:00:21.675] ShellThumbnail: Shell delivered 256×144 for Stepmother asked him for a massage and he couldn't resist.mp4
[04:00:21.676] ShellThumbnail: Shell delivered 256×144 for Teenagers who make you cheat.mp4
[04:00:21.676] ShellThumbnail: Shell delivered 256×144 for The sober wife.mp4
[04:00:21.677] ShellThumbnail: Shell delivered 256×144 for Virgin Step Sister Wants To Learn How To Fuck.mp4
[04:00:21.677] ShellThumbnail: Shell delivered 256×144 for you've been very very good.mp4
[04:00:21.678] ShellThumbnail: Shell delivered 256×144 for walk more on your age alley.mp4
[04:00:21.679] ShellThumbnail: Shell delivered 256×144 for you think you'll have enough.mp4
[04:00:23.284] Playlist: jumping to index 15 (ipc=True)
[04:00:23.285] MpvIpcClient: wrote {"command":["playlist-play-index",15]}
[04:00:23.667] WS: playing file changed → 'Sisters hot best friend wants to sell me her used bed - Cami Strella.mp4' (dur=868.9)
[04:00:23.673] ShellThumbnail: Shell delivered 256×144 for Lesbian Best Friend Cheers Up Bride With Big Natural Tits.mp4
[04:00:23.674] ShellThumbnail: Shell delivered 256×144 for making-it-with-the-meter-maid-.mp4
[04:00:23.675] ShellThumbnail: Shell delivered 256×144 for ManyVids.25.06.27.Hailey.Rose.And.Jewelz.Blu.Cum.Swapping.Like.Youve.Never.Seen.Before.XXX.2160p.MP4-P2P.mp4
[04:00:23.676] ShellThumbnail: Shell delivered 256×144 for it would be you helping me, honey.mp4
[04:00:23.676] ShellThumbnail: Shell delivered 256×144 for Karlee Grey's Secret to Getting Ahead in Hollywood.mp4
[04:00:23.677] ShellThumbnail: Shell delivered 256×144 for ManyVids.25.03.28.Hailey.Rose.And.Jessica.Sodi.Two.Stunning.Babes.Show.Off.Their.Skills.In.All.Latina.3some.XXX.2160p.MP4-PXXBAY.mp4
[04:00:23.678] ShellThumbnail: Shell delivered 256×144 for Max_Fills_Hailey_Rose_Super_Hot_Couple_Swap_With_Francesca_Le_And_Mark_Wood_Manyvids.mp4
[04:00:23.678] ShellThumbnail: Shell delivered 256×144 for much better with friendly support.mp4
[04:00:23.679] ShellThumbnail: Shell delivered 256×144 for my sweet boy likes mommy's ass.mp4
[04:00:23.687] ShellThumbnail: Shell delivered 256×144 for NEW SENSATIONS - Sad Teen Babysitter Finds Comfort With Big Dick Older Boss (Karlee Grey).mp4
[04:00:23.687] ShellThumbnail: Shell delivered 256×144 for SEXSELECTOR-ON THE REBOUND, ANGEL YOUNGS.mp4
[04:00:23.689] ShellThumbnail: Shell delivered 256×144 for Step Sis Helps Bro Take Dick Pic To Lose His Virginity.mp4
[04:00:23.691] ShellThumbnail: Shell delivered 256×144 for The sober wife.mp4
[04:00:23.691] ShellThumbnail: Shell delivered 256×144 for Stepmother asked him for a massage and he couldn't resist.mp4
[04:00:23.692] ShellThumbnail: Shell delivered 256×144 for Teenagers who make you cheat.mp4
[04:00:23.692] ShellThumbnail: Shell delivered 256×144 for Virgin Step Sister Wants To Learn How To Fuck.mp4
[04:00:23.693] ShellThumbnail: Shell delivered 256×144 for you've been very very good.mp4
[04:00:23.694] ShellThumbnail: Shell delivered 256×144 for you think you'll have enough.mp4
[04:00:23.694] ShellThumbnail: Shell delivered 256×144 for walk more on your age alley.mp4
[04:00:26.454] Playlist: jumping to index 16 (ipc=True)
[04:00:26.454] MpvIpcClient: wrote {"command":["playlist-play-index",16]}
[04:00:26.689] WS: playing file changed → 'Slayed.25.07.29.Valentina.Nappi.And.Charlotte.Stokely.XXX.720p.mp4' (dur=2619.2)
[04:00:26.695] ShellThumbnail: Shell delivered 256×144 for it would be you helping me, honey.mp4
[04:00:26.695] ShellThumbnail: Shell delivered 256×144 for Karlee Grey's Secret to Getting Ahead in Hollywood.mp4
[04:00:26.696] ShellThumbnail: Shell delivered 256×144 for Keisha_Grey, Noelle_Easton, Johnny_Castle.mp4
[04:00:26.697] ShellThumbnail: Shell delivered 256×144 for making-it-with-the-meter-maid-.mp4
[04:00:26.698] ShellThumbnail: Shell delivered 256×144 for Lesbian Best Friend Cheers Up Bride With Big Natural Tits.mp4
[04:00:26.699] ShellThumbnail: Shell delivered 256×144 for ManyVids.25.06.27.Hailey.Rose.And.Jewelz.Blu.Cum.Swapping.Like.Youve.Never.Seen.Before.XXX.2160p.MP4-P2P.mp4
[04:00:26.700] ShellThumbnail: Shell delivered 256×144 for MommysGirl_-_Alyx_Star_and_Queenie_Sateen_Time_To_Reconnect.mp4
[04:00:26.701] ShellThumbnail: Shell delivered 256×144 for Max_Fills_Hailey_Rose_Super_Hot_Couple_Swap_With_Francesca_Le_And_Mark_Wood_Manyvids.mp4
[04:00:26.701] ShellThumbnail: Shell delivered 256×144 for my sweet boy likes mommy's ass.mp4
[04:00:26.702] ShellThumbnail: Shell delivered 256×144 for Raylene and Liz Tyler - Passionate Lesbians - LatinaFever.mp4
[04:00:26.707] ShellThumbnail: Shell delivered 256×144 for SEXSELECTOR-ON THE REBOUND, ANGEL YOUNGS.mp4
[04:00:26.707] ShellThumbnail: Shell delivered 256×144 for Sisters hot best friend wants to sell me her used bed - Cami Strella.mp4
[04:00:26.707] ShellThumbnail: Shell delivered 256×144 for Step Mom Catches You Jerking Off To Step Sister On Web Cam.mp4
[04:00:26.707] ShellThumbnail: Shell delivered 256×144 for ManyVids.25.03.28.Hailey.Rose.And.Jessica.Sodi.Two.Stunning.Babes.Show.Off.Their.Skills.In.All.Latina.3some.XXX.2160p.MP4-PXXBAY.mp4
[04:00:26.708] ShellThumbnail: Shell delivered 256×135 for some-me-time.mp4
[04:00:26.709] ShellThumbnail: Shell delivered 256×144 for Virgin Step Sister Wants To Learn How To Fuck.mp4
[04:00:26.709] ShellThumbnail: Shell delivered 256×144 for Slayed.25.07.29.Valentina.Nappi.And.Charlotte.Stokely.XXX.720p.mp4
[04:00:26.710] ShellThumbnail: Shell delivered 256×144 for Step Mom Gets Caught Gawking At Son's Morning Wood while FaceTiming Step Aunt.mp4
[04:00:26.711] ShellThumbnail: Shell delivered 256×144 for Step Bro Helps Sis With Her Photoshoot.mp4
[04:00:26.711] ShellThumbnail: Shell delivered 256×144 for you've been very very good.mp4
[04:00:26.712] ShellThumbnail: Shell delivered 256×144 for you think you'll have enough.mp4
[04:00:26.712] ShellThumbnail: Shell delivered 256×144 for Stepmother asked him for a massage and he couldn't resist.mp4
[04:00:26.713] ShellThumbnail: Shell delivered 256×144 for walk more on your age alley.mp4
[04:00:26.714] ShellThumbnail: Shell delivered 256×144 for The sober wife.mp4
[04:00:29.392] Playlist: jumping to index 13 (ipc=True)
[04:00:29.392] MpvIpcClient: wrote {"command":["playlist-play-index",13]}
[04:00:29.713] WS: playing file changed → 'Raylene and Liz Tyler - Passionate Lesbians - LatinaFever.mp4' (dur=2710.1)
[04:00:29.719] ShellThumbnail: Shell delivered 256×144 for Keisha_Grey, Noelle_Easton, Johnny_Castle.mp4
[04:00:29.720] ShellThumbnail: Shell delivered 256×144 for making-it-with-the-meter-maid-.mp4
[04:00:29.721] ShellThumbnail: Shell delivered 256×144 for Karlee Grey's Secret to Getting Ahead in Hollywood.mp4
[04:00:29.722] ShellThumbnail: Shell delivered 256×144 for ManyVids.25.06.27.Hailey.Rose.And.Jewelz.Blu.Cum.Swapping.Like.Youve.Never.Seen.Before.XXX.2160p.MP4-P2P.mp4
[04:00:29.723] ShellThumbnail: Shell delivered 256×144 for ManyVids.25.03.28.Hailey.Rose.And.Jessica.Sodi.Two.Stunning.Babes.Show.Off.Their.Skills.In.All.Latina.3some.XXX.2160p.MP4-PXXBAY.mp4
[04:00:29.723] ShellThumbnail: Shell delivered 256×144 for MommysGirl_-_Alyx_Star_and_Queenie_Sateen_Time_To_Reconnect.mp4
[04:00:29.724] ShellThumbnail: Shell delivered 256×144 for it would be you helping me, honey.mp4
[04:00:29.725] ShellThumbnail: Shell delivered 256×144 for NuruMassage.25.01.27.Kenzie.Taylor.Cubbi.Thompson.fuckingsession.com.mp4
[04:00:29.726] ShellThumbnail: Shell delivered 256×144 for much better with friendly support.mp4
[04:00:29.727] ShellThumbnail: Shell delivered 256×144 for Raylene and Liz Tyler - Passionate Lesbians - LatinaFever.mp4
[04:00:29.733] ShellThumbnail: Shell delivered 256×144 for Sisters hot best friend wants to sell me her used bed - Cami Strella.mp4
[04:00:29.733] ShellThumbnail: Shell delivered 256×144 for Step Mom Gets Caught Gawking At Son's Morning Wood while FaceTiming Step Aunt.mp4
[04:00:29.733] ShellThumbnail: Shell delivered 256×144 for SEXSELECTOR-ON THE REBOUND, ANGEL YOUNGS.mp4
[04:00:29.734] ShellThumbnail: Shell delivered 256×144 for Step Bro Helps Sis With Her Photoshoot.mp4
[04:00:29.735] ShellThumbnail: Shell delivered 256×144 for Stepmother asked him for a massage and he couldn't resist.mp4
[04:00:29.735] ShellThumbnail: Shell delivered 256×144 for The sober wife.mp4
[04:00:29.736] ShellThumbnail: Shell delivered 256×144 for Slayed.25.07.29.Valentina.Nappi.And.Charlotte.Stokely.XXX.720p.mp4
[04:00:29.736] ShellThumbnail: Shell delivered 256×144 for you've been very very good.mp4
[04:00:29.737] ShellThumbnail: Shell delivered 256×144 for Virgin Step Sister Wants To Learn How To Fuck.mp4
[04:00:29.737] ShellThumbnail: Shell delivered 256×144 for Teenagers who make you cheat.mp4
[04:00:29.738] ShellThumbnail: Shell delivered 256×144 for walk more on your age alley.mp4
[04:00:29.739] ShellThumbnail: Shell delivered 256×144 for NEW SENSATIONS - Sad Teen Babysitter Finds Comfort With Big Dick Older Boss (Karlee Grey).mp4
[04:00:29.739] ShellThumbnail: Shell delivered 256×144 for you think you'll have enough.mp4
[04:00:31.303] Playlist: jumping to index 17 (ipc=True)
[04:00:31.304] MpvIpcClient: wrote {"command":["playlist-play-index",17]}
[04:00:31.726] WS: playing file changed → 'some-me-time.mp4' (dur=924.8)
[04:00:31.732] ShellThumbnail: Shell delivered 256×144 for Karlee Grey's Secret to Getting Ahead in Hollywood.mp4
[04:00:31.733] ShellThumbnail: Shell delivered 256×144 for Keisha_Grey, Noelle_Easton, Johnny_Castle.mp4
[04:00:31.734] ShellThumbnail: Shell delivered 256×144 for it would be you helping me, honey.mp4
[04:00:31.734] ShellThumbnail: Shell delivered 256×144 for Lesbian Best Friend Cheers Up Bride With Big Natural Tits.mp4
[04:00:31.735] ShellThumbnail: Shell delivered 256×144 for making-it-with-the-meter-maid-.mp4
[04:00:31.736] ShellThumbnail: Shell delivered 256×144 for ManyVids.25.03.28.Hailey.Rose.And.Jessica.Sodi.Two.Stunning.Babes.Show.Off.Their.Skills.In.All.Latina.3some.XXX.2160p.MP4-PXXBAY.mp4
[04:00:31.737] ShellThumbnail: Shell delivered 256×144 for ManyVids.25.06.27.Hailey.Rose.And.Jewelz.Blu.Cum.Swapping.Like.Youve.Never.Seen.Before.XXX.2160p.MP4-P2P.mp4
[04:00:31.738] ShellThumbnail: Shell delivered 256×144 for Max_Fills_Hailey_Rose_Super_Hot_Couple_Swap_With_Francesca_Le_And_Mark_Wood_Manyvids.mp4
[04:00:31.746] ShellThumbnail: Shell delivered 256×144 for NuruMassage.25.01.27.Kenzie.Taylor.Cubbi.Thompson.fuckingsession.com.mp4
[04:00:31.747] ShellThumbnail: Shell delivered 256×144 for The sober wife.mp4
[04:00:31.747] ShellThumbnail: Shell delivered 256×144 for Step Mom Catches You Jerking Off To Step Sister On Web Cam.mp4
[04:00:31.748] ShellThumbnail: Shell delivered 256×144 for Step Bro Helps Sis With Her Photoshoot.mp4
[04:00:31.748] ShellThumbnail: Shell delivered 256×144 for Virgin Step Sister Wants To Learn How To Fuck.mp4
[04:00:31.749] ShellThumbnail: Shell delivered 256×144 for SEXSELECTOR-ON THE REBOUND, ANGEL YOUNGS.mp4
[04:00:31.749] ShellThumbnail: Shell delivered 256×144 for you've been very very good.mp4
[04:00:31.750] ShellThumbnail: Shell delivered 256×144 for walk more on your age alley.mp4
[04:00:31.751] ShellThumbnail: Shell delivered 256×144 for you think you'll have enough.mp4
[04:00:31.751] ShellThumbnail: Shell delivered 256×144 for my sweet boy likes mommy's ass.mp4
[04:00:37.763] Playlist: jumping to index 20 (ipc=True)
[04:00:37.763] MpvIpcClient: wrote {"command":["playlist-play-index",20]}
[04:00:38.777] WS: playing file changed → 'Step Mom Gets Caught Gawking At Son's Morning Wood while FaceTiming Step Aunt.mp4' (dur=1329.3)
[04:00:38.797] ShellThumbnail: Shell delivered 256×144 for Karlee Grey's Secret to Getting Ahead in Hollywood.mp4
[04:00:38.798] ShellThumbnail: Shell delivered 256×144 for Lesbian Best Friend Cheers Up Bride With Big Natural Tits.mp4
[04:00:38.798] ShellThumbnail: Shell delivered 256×144 for ManyVids.25.03.28.Hailey.Rose.And.Jessica.Sodi.Two.Stunning.Babes.Show.Off.Their.Skills.In.All.Latina.3some.XXX.2160p.MP4-PXXBAY.mp4
[04:00:38.799] ShellThumbnail: Shell delivered 256×144 for making-it-with-the-meter-maid-.mp4
[04:00:38.800] ShellThumbnail: Shell delivered 256×144 for it would be you helping me, honey.mp4
[04:00:38.804] ShellThumbnail: Shell delivered 256×144 for ManyVids.25.06.27.Hailey.Rose.And.Jewelz.Blu.Cum.Swapping.Like.Youve.Never.Seen.Before.XXX.2160p.MP4-P2P.mp4
[04:00:38.804] ShellThumbnail: Shell delivered 256×144 for much better with friendly support.mp4
[04:00:38.811] ShellThumbnail: Shell delivered 256×144 for my sweet boy likes mommy's ass.mp4
[04:00:38.811] ShellThumbnail: Shell delivered 256×144 for Raylene and Liz Tyler - Passionate Lesbians - LatinaFever.mp4
[04:00:38.815] ShellThumbnail: Shell delivered 256×144 for Step Bro Helps Sis With Her Photoshoot.mp4
[04:00:38.816] ShellThumbnail: Shell delivered 256×144 for SEXSELECTOR-ON THE REBOUND, ANGEL YOUNGS.mp4
[04:00:38.816] ShellThumbnail: Shell delivered 256×144 for Slayed.25.07.29.Valentina.Nappi.And.Charlotte.Stokely.XXX.720p.mp4
[04:00:38.817] ShellThumbnail: Shell delivered 256×135 for some-me-time.mp4
[04:00:38.818] ShellThumbnail: Shell delivered 256×144 for Sisters hot best friend wants to sell me her used bed - Cami Strella.mp4
[04:00:38.819] ShellThumbnail: Shell delivered 256×144 for Step Mom Catches You Jerking Off To Step Sister On Web Cam.mp4
[04:00:38.820] ShellThumbnail: Shell delivered 256×144 for Step Sis Helps Bro Take Dick Pic To Lose His Virginity.mp4
[04:00:38.821] ShellThumbnail: Shell delivered 256×144 for Stepmother asked him for a massage and he couldn't resist.mp4
[04:00:38.822] ShellThumbnail: Shell delivered 256×144 for Step Mom Gets Caught Gawking At Son's Morning Wood while FaceTiming Step Aunt.mp4
[04:00:38.822] ShellThumbnail: Shell delivered 256×144 for Teenagers who make you cheat.mp4
[04:00:38.823] ShellThumbnail: Shell delivered 256×144 for The sober wife.mp4
[04:00:38.824] ShellThumbnail: Shell delivered 256×144 for Virgin Step Sister Wants To Learn How To Fuck.mp4
[04:00:38.825] ShellThumbnail: Shell delivered 256×144 for walk more on your age alley.mp4
[04:00:38.826] ShellThumbnail: Shell delivered 256×144 for you think you'll have enough.mp4
[04:00:38.826] ShellThumbnail: Shell delivered 256×144 for you've been very very good.mp4
[04:00:39.047] ThumbWorker: scan of 'some-me-time.mp4' aborted (navigated away)
[04:00:45.413] Playlist: jumping to index 24 (ipc=True)
[04:00:45.413] MpvIpcClient: wrote {"command":["playlist-play-index",24]}
[04:00:45.830] WS: playing file changed → 'The sober wife.mp4' (dur=1885.7)
[04:00:45.836] ShellThumbnail: Shell delivered 256×144 for it would be you helping me, honey.mp4
[04:00:45.837] ShellThumbnail: Shell delivered 256×144 for Lesbian Best Friend Cheers Up Bride With Big Natural Tits.mp4
[04:00:45.838] ShellThumbnail: Shell delivered 256×144 for Keisha_Grey, Noelle_Easton, Johnny_Castle.mp4
[04:00:45.839] ShellThumbnail: Shell delivered 256×144 for Karlee Grey's Secret to Getting Ahead in Hollywood.mp4
[04:00:45.840] ShellThumbnail: Shell delivered 256×144 for ManyVids.25.03.28.Hailey.Rose.And.Jessica.Sodi.Two.Stunning.Babes.Show.Off.Their.Skills.In.All.Latina.3some.XXX.2160p.MP4-PXXBAY.mp4
[04:00:45.840] ShellThumbnail: Shell delivered 256×144 for ManyVids.25.06.27.Hailey.Rose.And.Jewelz.Blu.Cum.Swapping.Like.Youve.Never.Seen.Before.XXX.2160p.MP4-P2P.mp4
[04:00:45.841] ShellThumbnail: Shell delivered 256×144 for Max_Fills_Hailey_Rose_Super_Hot_Couple_Swap_With_Francesca_Le_And_Mark_Wood_Manyvids.mp4
[04:00:45.842] ShellThumbnail: Shell delivered 256×144 for MommysGirl_-_Alyx_Star_and_Queenie_Sateen_Time_To_Reconnect.mp4
[04:00:45.842] ShellThumbnail: Shell delivered 256×144 for making-it-with-the-meter-maid-.mp4
[04:00:45.843] ShellThumbnail: Shell delivered 256×144 for much better with friendly support.mp4
[04:00:45.845] ShellThumbnail: Shell delivered 256×144 for my sweet boy likes mommy's ass.mp4
[04:00:45.845] ShellThumbnail: Shell delivered 256×144 for NEW SENSATIONS - Sad Teen Babysitter Finds Comfort With Big Dick Older Boss (Karlee Grey).mp4
[04:00:45.846] ShellThumbnail: Shell delivered 256×144 for NuruMassage.25.01.27.Kenzie.Taylor.Cubbi.Thompson.fuckingsession.com.mp4
[04:00:45.847] ShellThumbnail: Shell delivered 256×144 for Raylene and Liz Tyler - Passionate Lesbians - LatinaFever.mp4
[04:00:45.849] ShellThumbnail: Shell delivered 256×144 for Sisters hot best friend wants to sell me her used bed - Cami Strella.mp4
[04:00:45.850] ShellThumbnail: Shell delivered 256×144 for Slayed.25.07.29.Valentina.Nappi.And.Charlotte.Stokely.XXX.720p.mp4
[04:00:45.851] ShellThumbnail: Shell delivered 256×135 for some-me-time.mp4
[04:00:45.852] ShellThumbnail: Shell delivered 256×144 for Step Bro Helps Sis With Her Photoshoot.mp4
[04:00:45.853] ShellThumbnail: Shell delivered 256×144 for Step Mom Catches You Jerking Off To Step Sister On Web Cam.mp4
[04:00:45.854] ShellThumbnail: Shell delivered 256×144 for Step Mom Gets Caught Gawking At Son's Morning Wood while FaceTiming Step Aunt.mp4
[04:00:45.854] ShellThumbnail: Shell delivered 256×144 for Step Sis Helps Bro Take Dick Pic To Lose His Virginity.mp4
[04:00:45.855] ShellThumbnail: Shell delivered 256×144 for Stepmother asked him for a massage and he couldn't resist.mp4
[04:00:45.856] ShellThumbnail: Shell delivered 256×144 for The sober wife.mp4
[04:00:45.857] ShellThumbnail: Shell delivered 256×144 for Virgin Step Sister Wants To Learn How To Fuck.mp4
[04:00:45.858] ShellThumbnail: Shell delivered 256×144 for walk more on your age alley.mp4
[04:00:45.859] ShellThumbnail: Shell delivered 256×144 for Teenagers who make you cheat.mp4
[04:00:45.860] ShellThumbnail: Shell delivered 256×144 for you think you'll have enough.mp4
[04:00:45.860] ShellThumbnail: Shell delivered 256×144 for you've been very very good.mp4
[04:00:45.965] ThumbWorker: scan of 'Step Mom Gets Caught Gawking At Son's Morning Wood while FaceTiming Step Aunt.mp4' aborted (navigated away)
[04:00:52.400] Playlist: jumping to index 26 (ipc=True)
[04:00:52.401] MpvIpcClient: wrote {"command":["playlist-play-index",26]}
[04:00:52.890] WS: playing file changed → 'walk more on your age alley.mp4' (dur=2391.5)
[04:00:52.896] ShellThumbnail: Shell delivered 256×144 for it would be you helping me, honey.mp4
[04:00:52.897] ShellThumbnail: Shell delivered 256×144 for Keisha_Grey, Noelle_Easton, Johnny_Castle.mp4
[04:00:52.898] ShellThumbnail: Shell delivered 256×144 for Lesbian Best Friend Cheers Up Bride With Big Natural Tits.mp4
[04:00:52.899] ShellThumbnail: Shell delivered 256×144 for making-it-with-the-meter-maid-.mp4
[04:00:52.900] ShellThumbnail: Shell delivered 256×144 for Karlee Grey's Secret to Getting Ahead in Hollywood.mp4
[04:00:52.900] ShellThumbnail: Shell delivered 256×144 for ManyVids.25.03.28.Hailey.Rose.And.Jessica.Sodi.Two.Stunning.Babes.Show.Off.Their.Skills.In.All.Latina.3some.XXX.2160p.MP4-PXXBAY.mp4
[04:00:52.901] ShellThumbnail: Shell delivered 256×144 for ManyVids.25.06.27.Hailey.Rose.And.Jewelz.Blu.Cum.Swapping.Like.Youve.Never.Seen.Before.XXX.2160p.MP4-P2P.mp4
[04:00:52.902] ShellThumbnail: Shell delivered 256×144 for Max_Fills_Hailey_Rose_Super_Hot_Couple_Swap_With_Francesca_Le_And_Mark_Wood_Manyvids.mp4
[04:00:52.903] ShellThumbnail: Shell delivered 256×144 for MommysGirl_-_Alyx_Star_and_Queenie_Sateen_Time_To_Reconnect.mp4
[04:00:52.904] ShellThumbnail: Shell delivered 256×144 for much better with friendly support.mp4
[04:00:52.905] ShellThumbnail: Shell delivered 256×144 for my sweet boy likes mommy's ass.mp4
[04:00:52.905] ShellThumbnail: Shell delivered 256×144 for NEW SENSATIONS - Sad Teen Babysitter Finds Comfort With Big Dick Older Boss (Karlee Grey).mp4
[04:00:52.906] ShellThumbnail: Shell delivered 256×144 for NuruMassage.25.01.27.Kenzie.Taylor.Cubbi.Thompson.fuckingsession.com.mp4
[04:00:52.908] ShellThumbnail: Shell delivered 256×144 for Raylene and Liz Tyler - Passionate Lesbians - LatinaFever.mp4
[04:00:52.908] ShellThumbnail: Shell delivered 256×144 for SEXSELECTOR-ON THE REBOUND, ANGEL YOUNGS.mp4
[04:00:52.917] ShellThumbnail: Shell delivered 256×144 for Sisters hot best friend wants to sell me her used bed - Cami Strella.mp4
[04:00:52.917] ShellThumbnail: Shell delivered 256×144 for Step Sis Helps Bro Take Dick Pic To Lose His Virginity.mp4
[04:00:52.918] ShellThumbnail: Shell delivered 256×144 for Slayed.25.07.29.Valentina.Nappi.And.Charlotte.Stokely.XXX.720p.mp4
[04:00:52.920] ShellThumbnail: Shell delivered 256×144 for Stepmother asked him for a massage and he couldn't resist.mp4
[04:00:52.921] ShellThumbnail: Shell delivered 256×144 for Teenagers who make you cheat.mp4
[04:00:52.922] ShellThumbnail: Shell delivered 256×144 for The sober wife.mp4
[04:00:52.923] ShellThumbnail: Shell delivered 256×144 for walk more on your age alley.mp4
[04:00:52.923] ShellThumbnail: Shell delivered 256×144 for Virgin Step Sister Wants To Learn How To Fuck.mp4
[04:00:52.924] ShellThumbnail: Shell delivered 256×144 for you've been very very good.mp4
[04:00:52.925] ShellThumbnail: Shell delivered 256×144 for you think you'll have enough.mp4
[04:00:53.141] ThumbWorker: scan of 'The sober wife.mp4' aborted (navigated away)
[04:01:00.207] ThumbWorker: scanned 'walk more on your age alley.mp4' → 242 new frames
[04:01:00.314] Playlist: jumping to index 28 (ipc=True)
[04:01:00.315] MpvIpcClient: wrote {"command":["playlist-play-index",28]}
[04:01:00.944] WS: playing file changed → 'you've been very very good.mp4' (dur=2140.2)
[04:01:00.950] ShellThumbnail: Shell delivered 256×144 for making-it-with-the-meter-maid-.mp4
[04:01:00.950] ShellThumbnail: Shell delivered 256×144 for it would be you helping me, honey.mp4
[04:01:00.951] ShellThumbnail: Shell delivered 256×144 for Karlee Grey's Secret to Getting Ahead in Hollywood.mp4
[04:01:00.952] ShellThumbnail: Shell delivered 256×144 for ManyVids.25.06.27.Hailey.Rose.And.Jewelz.Blu.Cum.Swapping.Like.Youve.Never.Seen.Before.XXX.2160p.MP4-P2P.mp4
[04:01:00.953] ShellThumbnail: Shell delivered 256×144 for ManyVids.25.03.28.Hailey.Rose.And.Jessica.Sodi.Two.Stunning.Babes.Show.Off.Their.Skills.In.All.Latina.3some.XXX.2160p.MP4-PXXBAY.mp4
[04:01:00.953] ShellThumbnail: Shell delivered 256×144 for Keisha_Grey, Noelle_Easton, Johnny_Castle.mp4
[04:01:00.954] ShellThumbnail: Shell delivered 256×144 for MommysGirl_-_Alyx_Star_and_Queenie_Sateen_Time_To_Reconnect.mp4
[04:01:00.955] ShellThumbnail: Shell delivered 256×144 for Lesbian Best Friend Cheers Up Bride With Big Natural Tits.mp4
[04:01:00.956] ShellThumbnail: Shell delivered 256×144 for my sweet boy likes mommy's ass.mp4
[04:01:00.957] ShellThumbnail: Shell delivered 256×144 for Max_Fills_Hailey_Rose_Super_Hot_Couple_Swap_With_Francesca_Le_And_Mark_Wood_Manyvids.mp4
[04:01:00.957] ShellThumbnail: Shell delivered 256×144 for much better with friendly support.mp4
[04:01:00.959] ShellThumbnail: Shell delivered 256×144 for NEW SENSATIONS - Sad Teen Babysitter Finds Comfort With Big Dick Older Boss (Karlee Grey).mp4
[04:01:00.960] ShellThumbnail: Shell delivered 256×144 for Raylene and Liz Tyler - Passionate Lesbians - LatinaFever.mp4
[04:01:00.961] ShellThumbnail: Shell delivered 256×144 for SEXSELECTOR-ON THE REBOUND, ANGEL YOUNGS.mp4
[04:01:00.961] ShellThumbnail: Shell delivered 256×135 for some-me-time.mp4
[04:01:00.962] ShellThumbnail: Shell delivered 256×144 for Step Bro Helps Sis With Her Photoshoot.mp4
[04:01:00.962] ShellThumbnail: Shell delivered 256×144 for Step Sis Helps Bro Take Dick Pic To Lose His Virginity.mp4
[04:01:00.968] ShellThumbnail: Shell delivered 256×144 for Step Mom Catches You Jerking Off To Step Sister On Web Cam.mp4
[04:01:00.968] ShellThumbnail: Shell delivered 256×144 for walk more on your age alley.mp4
[04:01:00.971] ShellThumbnail: Shell delivered 256×144 for Sisters hot best friend wants to sell me her used bed - Cami Strella.mp4
[04:01:00.971] ShellThumbnail: Shell delivered 256×144 for Stepmother asked him for a massage and he couldn't resist.mp4
[04:01:00.971] ShellThumbnail: Shell delivered 256×144 for The sober wife.mp4
[04:01:00.971] ShellThumbnail: Shell delivered 256×144 for Step Mom Gets Caught Gawking At Son's Morning Wood while FaceTiming Step Aunt.mp4
[04:01:11.034] ThumbWorker: scanned 'you've been very very good.mp4' → 262 new frames
[04:01:42.252] Session stopped — entering pre-warm hide
[04:01:43.093] MpvIpcClient disposed
[04:01:43.093] Window closed
[04:40:53.336] App starting
[04:40:53.342] Subtitle preference loaded: mode=default, lang=(none)
[04:40:53.798] Keyboard hook handle: 0x2C07F1
[04:40:53.799] Mouse hook handle: 0x2C0DA1
[04:40:53.801] OnLoadedCore start
[04:40:55.923] ChildHwnd = 0x90858
[04:40:55.924] Calling AttachAsync
[04:40:55.938] AttachAsync succeeded
[04:40:55.939] Connecting IPC to pipe: pitflix-wid-bda2067fe4004aabb405b778dcd869fc
[04:40:55.962] MpvIpcClient connected to \\.\pipe\pitflix-wid-bda2067fe4004aabb405b778dcd869fc
[04:40:56.138] OnLoadedCore complete
[04:40:56.303] BuildFolderPlaylist: scanned 29 video file(s) in 'F:\Series\Engilsh\The Pitt'
[04:40:56.304] MpvIpcClient: wrote {"command":["playlist-clear"]}
[04:40:56.305] MpvIpcClient: wrote {"command":["playlist-move",0,3]}
[04:40:56.305] BuildFolderPlaylist: queued 29 files; current at idx 2 — prev/next now visible
[04:40:58.180] WS: playing file changed → 'The Pitt S02E06 720p 10bit WEBRip 2CH x265 HEVC-PSA.mkv' (dur=2955.8)
[04:41:01.222] MpvIpcClient disposed
[04:41:01.222] Window closed
[04:41:06.777] App starting
[04:41:06.784] Subtitle preference loaded: mode=default, lang=(none)
[04:41:07.299] Keyboard hook handle: 0x2C0DA3
[04:41:07.300] Mouse hook handle: 0xB30D8D
[04:41:07.302] OnLoadedCore start
[04:41:09.404] ChildHwnd = 0x1E0FF6
[04:41:09.404] Calling AttachAsync
[04:41:09.416] AttachAsync succeeded
[04:41:09.416] Connecting IPC to pipe: pitflix-wid-6e77a850428d4d0b9697ff51075708bd
[04:41:09.443] MpvIpcClient connected to \\.\pipe\pitflix-wid-6e77a850428d4d0b9697ff51075708bd
[04:41:09.601] OnLoadedCore complete
[04:41:09.753] BuildFolderPlaylist: scanned 29 video file(s) in 'F:\Series\Engilsh\The Pitt'
[04:41:09.754] MpvIpcClient: wrote {"command":["playlist-clear"]}
[04:41:09.756] MpvIpcClient: wrote {"command":["playlist-move",0,3]}
[04:41:09.756] BuildFolderPlaylist: queued 29 files; current at idx 2 — prev/next now visible
[04:41:11.673] WS: playing file changed → 'The Pitt S02E06 720p 10bit WEBRip 2CH x265 HEVC-PSA.mkv' (dur=2955.8)
[04:41:11.912] MpvIpcClient disposed
[04:41:11.913] Window closed
[23:54:54.654] App starting
[23:54:54.661] Subtitle preference loaded: mode=default, lang=(none)
[23:54:55.130] Keyboard hook handle: 0x4A13082F
[23:54:55.130] Mouse hook handle: 0x250335
[23:54:55.133] OnLoadedCore start
[23:54:57.274] ChildHwnd = 0x71390
[23:54:57.274] Calling AttachAsync
[23:54:57.661] AttachAsync succeeded
[23:54:57.661] Connecting IPC to pipe: pitflix-wid-64d61d7549c146da8b71e4e5322c919a
[23:54:58.093] MpvIpcClient connected to \\.\pipe\pitflix-wid-64d61d7549c146da8b71e4e5322c919a
[23:54:58.344] OnLoadedCore complete
[23:54:58.509] BuildFolderPlaylist: scanned 1 video file(s) in 'F:\Movies\اجنبي\Amsterdam.2022.1080p.10bit.BluRay.8CH.x265.HEVC-PSA'
[23:54:58.510] BuildFolderPlaylist: only 1 video; leaving prev/next hidden
[23:55:00.025] MpvIpcClient disposed
[23:55:00.026] Window closed
[08:00:14.624] App starting
[08:00:14.630] Subtitle preference loaded: mode=default, lang=(none)
[08:00:15.006] Keyboard hook handle: 0x48A50B6D
[08:00:15.006] Mouse hook handle: 0x1F2C11B7
[08:00:15.008] OnLoadedCore start
[08:00:17.110] ChildHwnd = 0x141090
[08:00:17.110] Calling AttachAsync
[08:00:17.489] AttachAsync succeeded
[08:00:17.490] Connecting IPC to pipe: pitflix-wid-1ad8cbdfd4e747ad82fbb025b2a9a09f
[08:00:17.946] MpvIpcClient connected to \\.\pipe\pitflix-wid-1ad8cbdfd4e747ad82fbb025b2a9a09f
[08:00:18.116] OnLoadedCore complete
[08:00:18.280] BuildFolderPlaylist: scanned 1 video file(s) in 'F:\Movies\اجنبي\Amsterdam.2022.1080p.10bit.BluRay.8CH.x265.HEVC-PSA'
[08:00:18.280] BuildFolderPlaylist: only 1 video; leaving prev/next hidden
[08:00:20.177] WS: playing file changed → 'Amsterdam.2022.1080p.10bit.BluRay.8CH.x265.HEVC-PSA.mkv' (dur=8054.9)
[08:00:26.433] MpvIpcClient disposed
[08:00:26.435] Window closed
[08:03:34.250] App starting
[08:03:34.256] Subtitle preference loaded: mode=default, lang=(none)
[08:03:34.661] Keyboard hook handle: 0xB721199
[08:03:34.661] Mouse hook handle: 0x69B10F1F
[08:03:34.663] OnLoadedCore start
[08:03:36.786] ChildHwnd = 0x2A401CE
[08:03:36.786] Calling AttachAsync
[08:03:36.796] AttachAsync succeeded
[08:03:36.797] Connecting IPC to pipe: pitflix-wid-a8fefcffbb3c47f3872db46761a6a174
[08:03:36.874] MpvIpcClient connected to \\.\pipe\pitflix-wid-a8fefcffbb3c47f3872db46761a6a174
[08:03:37.049] OnLoadedCore complete
[08:03:37.212] BuildFolderPlaylist: scanned 1 video file(s) in 'F:\Movies\اجنبي\Amsterdam.2022.1080p.10bit.BluRay.8CH.x265.HEVC-PSA'
[08:03:37.212] BuildFolderPlaylist: only 1 video; leaving prev/next hidden
[08:03:39.122] WS: playing file changed → 'Amsterdam.2022.1080p.10bit.BluRay.8CH.x265.HEVC-PSA.mkv' (dur=8054.9)
[08:03:42.027] ThumbWorker: scanned 'Amsterdam.2022.1080p.10bit.BluRay.8CH.x265.HEVC-PSA.mkv' → 92 new frames
[08:04:06.415] MpvIpcClient disposed
[08:04:06.416] Window closed
[08:33:17.393] App starting
[08:33:17.401] Subtitle preference loaded: mode=default, lang=(none)
[08:33:17.824] Keyboard hook handle: 0x4D010A3
[08:33:17.825] Mouse hook handle: 0x1A1611A5
[08:33:17.828] OnLoadedCore start
[08:33:19.953] ChildHwnd = 0x20C0AA4
[08:33:19.953] Calling AttachAsync
[08:33:20.284] AttachAsync succeeded
[08:33:20.284] Connecting IPC to pipe: pitflix-wid-52c1566332044a68bb559ec151f231b2
[08:33:20.365] MpvIpcClient connected to \\.\pipe\pitflix-wid-52c1566332044a68bb559ec151f231b2
[08:33:20.531] OnLoadedCore complete
[08:33:20.691] BuildFolderPlaylist: scanned 30 video file(s) in 'F:\Series\Engilsh\The Pitt'
[08:33:20.691] MpvIpcClient: wrote {"command":["playlist-clear"]}
[08:33:20.692] MpvIpcClient: wrote {"command":["playlist-move",0,30]}
[08:33:20.692] BuildFolderPlaylist: queued 30 files; current at idx 29 — prev/next now visible
[08:33:22.581] WS: playing file changed → 'The.Pitt.S02E11.720p.10bit.WEBRip.2CH.x265.HEVC-PSA.mkv' (dur=2896.6)
[09:06:06.482] MpvIpcClient disposed
[09:06:06.483] Window closed
[09:09:59.945] App starting
[09:09:59.952] Subtitle preference loaded: mode=default, lang=(none)
[09:10:00.379] Keyboard hook handle: 0x20F09F1
[09:10:00.380] Mouse hook handle: 0x440097A
[09:10:00.382] OnLoadedCore start
[09:10:02.475] ChildHwnd = 0x44112C
[09:10:02.476] Calling AttachAsync
[09:10:02.491] AttachAsync succeeded
[09:10:02.491] Connecting IPC to pipe: pitflix-wid-3d75a42f8650443699ce0d8f4e6e8052
[09:10:02.518] MpvIpcClient connected to \\.\pipe\pitflix-wid-3d75a42f8650443699ce0d8f4e6e8052
[09:10:02.681] OnLoadedCore complete
[09:10:02.843] BuildFolderPlaylist: scanned 30 video file(s) in 'F:\Series\Engilsh\The Pitt'
[09:10:02.843] MpvIpcClient: wrote {"command":["playlist-clear"]}
[09:10:02.844] MpvIpcClient: wrote {"command":["playlist-move",0,30]}
[09:10:02.844] BuildFolderPlaylist: queued 30 files; current at idx 29 — prev/next now visible
[09:10:04.732] WS: playing file changed → 'The.Pitt.S02E11.720p.10bit.WEBRip.2CH.x265.HEVC-PSA.mkv' (dur=2896.6)
[09:10:12.019] MpvIpcClient disposed
[09:10:12.020] Window closed
[09:10:30.334] App starting
[09:10:30.340] Subtitle preference loaded: mode=default, lang=(none)
[09:10:30.731] Keyboard hook handle: 0x4B7A1173
[09:10:30.731] Mouse hook handle: 0x390114C
[09:10:30.734] OnLoadedCore start
[09:10:32.835] ChildHwnd = 0x861124
[09:10:32.835] Calling AttachAsync
[09:10:32.846] AttachAsync succeeded
[09:10:32.846] Connecting IPC to pipe: pitflix-wid-e8081e22dc1a4cc195ef3ab91557f688
[09:10:32.875] MpvIpcClient connected to \\.\pipe\pitflix-wid-e8081e22dc1a4cc195ef3ab91557f688
[09:10:33.041] OnLoadedCore complete
[09:10:33.201] BuildFolderPlaylist: scanned 1 video file(s) in 'F:\Movies\اجنبي\Amsterdam.2022.1080p.10bit.BluRay.8CH.x265.HEVC-PSA'
[09:10:33.201] BuildFolderPlaylist: only 1 video; leaving prev/next hidden
[09:10:35.103] WS: playing file changed → 'Amsterdam.2022.1080p.10bit.BluRay.8CH.x265.HEVC-PSA.mkv' (dur=8054.9)
[09:10:36.213] MpvIpcClient disposed
[09:10:36.214] Window closed
[09:59:05.713] App starting
[09:59:05.720] Subtitle preference loaded: mode=default, lang=(none)
[09:59:06.105] Keyboard hook handle: 0xA93111B
[09:59:06.106] Mouse hook handle: 0x1010B2
[09:59:06.107] OnLoadedCore start
[09:59:08.200] ChildHwnd = 0xD5112C
[09:59:28.493] Window closed
[10:07:34.489] App starting
[10:07:34.496] Subtitle preference loaded: mode=default, lang=(none)
[10:07:34.900] Keyboard hook handle: 0x20D10651
[10:07:34.900] Mouse hook handle: 0x60CD0C83
[10:07:34.904] OnLoadedCore start
[10:07:36.984] ChildHwnd = 0x39B0FDA
[10:07:37.146] Calling AttachAsync
[10:07:37.162] AttachAsync succeeded
[10:07:37.162] Connecting IPC to pipe: pitflix-wid-27b69fbfe36b46fb81733cffd5eda3aa
[10:07:37.189] MpvIpcClient connected to \\.\pipe\pitflix-wid-27b69fbfe36b46fb81733cffd5eda3aa
[10:07:37.214] OnLoadedCore complete
[10:07:37.363] BuildFolderPlaylist: scanned 1 video file(s) in 'F:\Movies\اجنبي\Amsterdam.2022.1080p.10bit.BluRay.8CH.x265.HEVC-PSA'
[10:07:37.363] BuildFolderPlaylist: only 1 video; leaving prev/next hidden
[10:07:39.262] WS: playing file changed → 'Amsterdam.2022.1080p.10bit.BluRay.8CH.x265.HEVC-PSA.mkv' (dur=8054.9)
[10:08:01.141] MpvIpcClient disposed
[10:08:01.142] Window closed
[10:08:25.127] App starting
[10:08:25.134] Subtitle preference loaded: mode=default, lang=(none)
[10:08:25.546] Keyboard hook handle: 0x7EA10C29
[10:08:25.546] Mouse hook handle: 0x60530E09
[10:08:25.549] OnLoadedCore start
[10:08:27.652] ChildHwnd = 0x23E114E
[10:08:27.809] Calling AttachAsync
[10:08:27.825] AttachAsync succeeded
[10:08:27.825] Connecting IPC to pipe: pitflix-wid-b7b663a02e634e6ca34b8dd185edd436
[10:08:27.858] MpvIpcClient connected to \\.\pipe\pitflix-wid-b7b663a02e634e6ca34b8dd185edd436
[10:08:27.885] OnLoadedCore complete
[10:08:28.033] BuildFolderPlaylist: scanned 6 video file(s) in 'F:\Movies'
[10:08:28.033] MpvIpcClient: wrote {"command":["playlist-clear"]}
[10:08:28.034] MpvIpcClient: wrote {"command":["playlist-move",0,2]}
[10:08:28.034] BuildFolderPlaylist: queued 6 files; current at idx 1 — prev/next now visible
[10:08:29.931] WS: playing file changed → 'Hoppers 2026 1080p WEB-DL Egyptian Dubbed.mp4' (dur=6267.7)
[10:08:47.508] MpvIpcClient disposed
[10:08:47.509] Window closed
[11:01:54.158] App starting
[11:01:54.186] Subtitle preference loaded: mode=default, lang=(none)
[11:01:54.579] Keyboard hook handle: 0xDD10C4B
[11:01:54.580] Mouse hook handle: 0x95F0E89
[11:01:54.583] OnLoadedCore start
[11:01:56.684] ChildHwnd = 0x1100A74
[11:01:56.846] Calling AttachAsync
[11:01:56.909] AttachAsync succeeded
[11:01:56.909] Connecting IPC to pipe: pitflix-wid-c7c712b8fef34a24af72d26544671eb2
[11:01:57.512] MpvIpcClient connected to \\.\pipe\pitflix-wid-c7c712b8fef34a24af72d26544671eb2
[11:01:57.538] OnLoadedCore complete
[11:01:57.685] BuildFolderPlaylist: scanned 6 video file(s) in 'F:\Movies'
[11:01:57.686] MpvIpcClient: wrote {"command":["playlist-clear"]}
[11:01:57.686] MpvIpcClient: wrote {"command":["playlist-move",0,2]}
[11:01:57.686] BuildFolderPlaylist: queued 6 files; current at idx 1 — prev/next now visible
[11:01:59.601] WS: playing file changed → 'Hoppers 2026 1080p WEB-DL Egyptian Dubbed.mp4' (dur=6267.7)
[11:02:04.548] MpvIpcClient disposed
[11:02:04.549] Window closed
[11:02:34.290] App starting
[11:02:34.297] Subtitle preference loaded: mode=default, lang=(none)
[11:02:34.754] Keyboard hook handle: 0x1020E79
[11:02:34.754] Mouse hook handle: 0x5C3211ED
[11:02:34.756] OnLoadedCore start
[11:02:36.867] ChildHwnd = 0x11C108E
[11:02:37.020] Calling AttachAsync
[11:02:37.036] AttachAsync succeeded
[11:02:37.036] Connecting IPC to pipe: pitflix-wid-d18c7ba0009e4ea79457d5e8821b49f9
[11:02:37.063] MpvIpcClient connected to \\.\pipe\pitflix-wid-d18c7ba0009e4ea79457d5e8821b49f9
[11:02:37.092] OnLoadedCore complete
[11:02:37.239] BuildFolderPlaylist: scanned 6 video file(s) in 'F:\Movies'
[11:02:37.240] MpvIpcClient: wrote {"command":["playlist-clear"]}
[11:02:37.240] MpvIpcClient: wrote {"command":["playlist-move",0,2]}
[11:02:37.240] BuildFolderPlaylist: queued 6 files; current at idx 1 — prev/next now visible
[11:02:39.103] MpvIpcClient disposed
[11:02:39.103] Window closed
[11:02:39.105] WS error: Cannot access a disposed object.
Object name: 'System.Net.WebSockets.ClientWebSocket'.
[08:50:16.449] App starting
[08:50:16.454] Subtitle preference loaded: mode=off, lang=(none)
[08:50:16.801] Keyboard hook handle: 0x1DAE07D1
[08:50:16.802] Mouse hook handle: 0x56920769
[08:50:16.804] OnLoadedCore start
[08:50:18.918] ChildHwnd = 0x330E6C
[08:50:19.067] Calling AttachAsync
[08:50:19.260] AttachAsync succeeded
[08:50:19.260] Connecting IPC to pipe: pitflix-wid-eb5b26161cef46cb84854e41a816d0b7
[08:50:19.757] MpvIpcClient connected to \\.\pipe\pitflix-wid-eb5b26161cef46cb84854e41a816d0b7
[08:50:19.785] OnLoadedCore complete
[08:50:19.932] BuildFolderPlaylist: scanned 10 video file(s) in 'F:\Series\Engilsh\Game Of Thrones\S1'
[08:50:19.932] MpvIpcClient: wrote {"command":["playlist-clear"]}
[08:50:19.933] MpvIpcClient: wrote {"command":["playlist-move",0,3]}
[08:50:19.933] BuildFolderPlaylist: queued 10 files; current at idx 2 — prev/next now visible
[08:50:21.834] WS: playing file changed → '2.mp4' (dur=3317.5)
[08:50:29.600] ThumbWorker: scanned '2.mp4' → 523 new frames
[08:50:51.200] MpvIpcClient disposed
[08:50:51.200] Window closed
[08:51:50.988] App starting
[08:51:50.994] Subtitle preference loaded: mode=off, lang=(none)
[08:51:51.359] Keyboard hook handle: 0x1DC107D1
[08:51:51.360] Mouse hook handle: 0x1810EE3
[08:51:51.363] OnLoadedCore start
[08:51:53.462] ChildHwnd = 0x4A0E2E
[08:51:53.611] Calling AttachAsync
[08:51:53.627] AttachAsync succeeded
[08:51:53.627] Connecting IPC to pipe: pitflix-wid-c8d1659999d346619f9b4b2ae042342f
[08:51:53.658] MpvIpcClient connected to \\.\pipe\pitflix-wid-c8d1659999d346619f9b4b2ae042342f
[08:51:53.684] OnLoadedCore complete
[08:51:53.834] BuildFolderPlaylist: scanned 10 video file(s) in 'F:\Series\Engilsh\Game Of Thrones\S1'
[08:51:53.834] MpvIpcClient: wrote {"command":["playlist-clear"]}
[08:51:53.835] MpvIpcClient: wrote {"command":["playlist-move",0,3]}
[08:51:53.835] BuildFolderPlaylist: queued 10 files; current at idx 2 — prev/next now visible
[08:51:55.725] WS: playing file changed → '2.mp4' (dur=3317.5)
[08:51:55.732] skip: episodeId=9372 intro=null outro=null
[08:52:19.513] MpvIpcClient disposed
[08:52:19.514] Window closed
[08:52:43.806] App starting
[08:52:43.815] Subtitle preference loaded: mode=off, lang=(none)
[08:52:44.231] Keyboard hook handle: 0x190372
[08:52:44.231] Mouse hook handle: 0xD066E
[08:52:44.234] OnLoadedCore start
[08:52:46.341] ChildHwnd = 0x706AC
[08:52:46.492] Calling AttachAsync
[08:52:46.870] AttachAsync succeeded
[08:52:46.870] Connecting IPC to pipe: pitflix-wid-48230fc9b7764978bd76b6f2d7c6e78e
[08:52:46.896] MpvIpcClient connected to \\.\pipe\pitflix-wid-48230fc9b7764978bd76b6f2d7c6e78e
[08:52:46.921] OnLoadedCore complete
[08:52:47.071] BuildFolderPlaylist: scanned 10 video file(s) in 'F:\Series\Engilsh\Game Of Thrones\S1'
[08:52:47.071] MpvIpcClient: wrote {"command":["playlist-clear"]}
[08:52:47.072] MpvIpcClient: wrote {"command":["playlist-move",0,3]}
[08:52:47.072] BuildFolderPlaylist: queued 10 files; current at idx 2 — prev/next now visible
[08:52:48.951] WS: playing file changed → '2.mp4' (dur=3317.5)
[08:52:48.959] skip: episodeId=9372 intro=null outro=null
[08:53:04.691] MpvIpcClient disposed
[08:53:04.691] Window closed
[08:53:18.318] App starting
[08:53:18.327] Subtitle preference loaded: mode=off, lang=(none)
[08:53:18.727] Keyboard hook handle: 0x30F0D
[08:53:18.728] Mouse hook handle: 0x10F11
[08:53:18.730] OnLoadedCore start
[08:53:20.843] ChildHwnd = 0x80790
[08:53:20.996] Calling AttachAsync
[08:53:21.010] AttachAsync succeeded
[08:53:21.010] Connecting IPC to pipe: pitflix-wid-c9e9f37be0d4428296d725f35a906614
[08:53:21.039] MpvIpcClient connected to \\.\pipe\pitflix-wid-c9e9f37be0d4428296d725f35a906614
[08:53:21.066] OnLoadedCore complete
[08:53:21.216] BuildFolderPlaylist: scanned 10 video file(s) in 'F:\Series\Engilsh\Game Of Thrones\S1'
[08:53:21.217] MpvIpcClient: wrote {"command":["playlist-clear"]}
[08:53:21.217] MpvIpcClient: wrote {"command":["playlist-move",0,4]}
[08:53:21.218] BuildFolderPlaylist: queued 10 files; current at idx 3 — prev/next now visible
[08:53:23.115] WS: playing file changed → '3.mp4' (dur=3434.2)
[08:53:23.121] skip: episodeId=9371 intro=null outro=null
[08:53:30.338] ThumbWorker: scanned '3.mp4' → 536 new frames
[08:54:12.479] MpvIpcClient disposed
[08:54:12.480] Window closed
[08:57:46.190] App starting
[08:57:46.196] Subtitle preference loaded: mode=off, lang=(none)
[08:57:46.568] Keyboard hook handle: 0x139707C3
[08:57:46.568] Mouse hook handle: 0x1CAA0E7F
[08:57:46.570] OnLoadedCore start
[08:57:48.678] ChildHwnd = 0x150CC6
[08:57:48.823] Calling AttachAsync
[08:57:48.840] AttachAsync succeeded
[08:57:48.841] Connecting IPC to pipe: pitflix-wid-ad3febf879cc4500aa525e719c503908
[08:57:48.867] MpvIpcClient connected to \\.\pipe\pitflix-wid-ad3febf879cc4500aa525e719c503908
[08:57:48.891] OnLoadedCore complete
[08:57:49.040] BuildFolderPlaylist: scanned 10 video file(s) in 'F:\Series\Engilsh\Game Of Thrones\S1'
[08:57:49.040] MpvIpcClient: wrote {"command":["playlist-clear"]}
[08:57:49.041] MpvIpcClient: wrote {"command":["playlist-move",0,5]}
[08:57:49.041] BuildFolderPlaylist: queued 10 files; current at idx 4 — prev/next now visible
[08:57:50.936] WS: playing file changed → '4.mp4' (dur=3337.9)
[08:57:50.948] skip: episodeId=9370 intro=[0.0-90.0s conf=0.30 src=heuristic] outro=[3227.0-3317.0s conf=0.30 src=heuristic]
[08:57:58.236] ThumbWorker: scanned '4.mp4' → 523 new frames
[08:59:03.241] MpvIpcClient disposed
[08:59:03.241] Window closed
